step,episode,episode_reward,episode_length,epsilon,avg_loss_last_train,elapsed_seconds
201,0,8.0,201,0.9998,nan,0.1
454,1,4.0,253,0.9996,nan,0.3
707,2,3.0,253,0.9994,nan,0.5
922,3,3.0,215,0.9992,nan,0.6
1078,4,2.0,156,0.999,nan,0.6
1356,5,6.0,278,0.9988,nan,0.8
1745,6,9.0,389,0.9984,nan,1.0
1840,7,0.0,95,0.9983,nan,1.0
1992,8,4.0,152,0.9982,nan,1.1
2094,9,1.0,102,0.9981,nan,1.1
2238,10,3.0,144,0.998,nan,1.2
2395,11,6.0,157,0.9978,nan,1.3
2593,12,8.0,198,0.9977,nan,1.4
2737,13,0.0,144,0.9975,nan,1.4
2871,14,0.0,134,0.9974,nan,1.5
3170,15,6.0,299,0.9971,nan,1.7
3299,16,2.0,129,0.997,nan,1.7
3466,17,1.0,167,0.9969,nan,1.8
3620,18,5.0,154,0.9967,nan,1.9
3751,19,1.0,131,0.9966,nan,2.0
3955,20,4.0,204,0.9964,nan,2.1
4343,21,11.0,388,0.9961,nan,2.3
4528,22,8.0,185,0.9959,nan,2.4
4735,23,3.0,207,0.9957,nan,2.5
4952,24,5.0,217,0.9955,nan,2.6
5138,25,5.0,186,0.9954,nan,2.7
5317,26,4.0,179,0.9952,nan,2.7
5551,27,4.0,234,0.995,nan,2.9
5677,28,1.0,126,0.9949,nan,2.9
5843,29,3.0,166,0.9947,nan,3.0
6018,30,1.0,175,0.9946,nan,3.1
6194,31,6.0,176,0.9944,nan,3.2
6338,32,3.0,144,0.9943,nan,3.3
6564,33,4.0,226,0.9941,nan,3.4
6712,34,1.0,148,0.994,nan,3.4
6890,35,4.0,178,0.9938,nan,3.5
7030,36,2.0,140,0.9937,nan,3.6
7187,37,5.0,157,0.9935,nan,3.7
7505,38,8.0,318,0.9932,nan,3.8
7664,39,4.0,159,0.9931,nan,3.9
7778,40,1.0,114,0.993,nan,4.0
7935,41,3.0,157,0.9929,nan,4.1
8070,42,4.0,135,0.9927,nan,4.1
8218,43,3.0,148,0.9926,nan,4.2
8452,44,5.0,234,0.9924,nan,4.3
8601,45,4.0,149,0.9923,nan,4.4
8730,46,1.0,129,0.9921,nan,4.5
8929,47,3.0,199,0.992,nan,4.6
9077,48,1.0,148,0.9918,nan,4.7
9273,49,4.0,196,0.9917,nan,4.8
9445,50,3.0,172,0.9915,nan,4.9
9692,51,8.0,247,0.9913,nan,5.0
9842,52,3.0,150,0.9911,nan,5.1
9991,53,3.0,149,0.991,nan,5.1
10207,54,5.0,216,0.9908,nan,5.2
10368,55,1.0,161,0.9907,nan,5.3
10474,56,0.0,106,0.9906,nan,5.4
10623,57,2.0,149,0.9904,nan,5.5
10771,58,1.0,148,0.9903,nan,5.5
10912,59,3.0,141,0.9902,nan,5.6
11215,60,10.0,303,0.9899,nan,5.8
11371,61,4.0,156,0.9898,nan,5.8
11582,62,5.0,211,0.9896,nan,5.9
11999,63,9.0,417,0.9892,nan,6.1
12165,64,5.0,166,0.9891,nan,6.2
12335,65,5.0,170,0.9889,nan,6.3
12510,66,5.0,175,0.9887,nan,6.4
12655,67,2.0,145,0.9886,nan,6.5
12959,68,6.0,304,0.9883,nan,6.6
13056,69,0.0,97,0.9882,nan,6.7
13199,70,2.0,143,0.9881,nan,6.7
13480,71,6.0,281,0.9879,nan,6.9
13657,72,2.0,177,0.9877,nan,7.0
13811,73,2.0,154,0.9876,nan,7.1
13967,74,1.0,156,0.9874,nan,7.1
14156,75,4.0,189,0.9873,nan,7.2
14309,76,1.0,153,0.9871,nan,7.3
14474,77,5.0,165,0.987,nan,7.4
14621,78,4.0,147,0.9868,nan,7.5
14790,79,5.0,169,0.9867,nan,7.6
14933,80,3.0,143,0.9866,nan,7.7
15271,81,7.0,338,0.9863,nan,7.9
15446,82,4.0,175,0.9861,nan,8.0
15593,83,0.0,147,0.986,nan,8.1
15760,84,6.0,167,0.9858,nan,8.2
15962,85,2.0,202,0.9856,nan,8.3
16103,86,3.0,141,0.9855,nan,8.3
16382,87,7.0,279,0.9853,nan,8.5
16700,88,9.0,318,0.985,nan,8.7
16879,89,3.0,179,0.9848,nan,8.8
17155,90,7.0,276,0.9846,nan,8.9
17318,91,1.0,163,0.9844,nan,9.0
17638,92,4.0,320,0.9841,nan,9.2
17928,93,8.0,290,0.9839,nan,9.4
18547,94,12.0,619,0.9833,nan,10.0
18715,95,2.0,168,0.9832,nan,10.1
18868,96,1.0,153,0.983,nan,10.2
19013,97,2.0,145,0.9829,nan,10.4
19231,98,7.0,218,0.9827,nan,10.5
19312,99,0.0,81,0.9826,nan,10.6
19626,100,7.0,314,0.9823,nan,10.8
19991,101,11.0,365,0.982,nan,11.0
20142,102,1.0,151,0.9819,nan,11.1
20360,103,6.0,218,0.9817,nan,11.3
20509,104,2.0,149,0.9815,nan,11.4
20692,105,6.0,183,0.9814,nan,11.5
20835,106,1.0,143,0.9812,nan,11.6
21013,107,4.0,178,0.9811,nan,11.7
21207,108,3.0,194,0.9809,nan,11.8
21367,109,3.0,160,0.9808,nan,11.9
21571,110,5.0,204,0.9806,nan,12.0
21724,111,3.0,153,0.9804,nan,12.1
21912,112,6.0,188,0.9803,nan,12.2
22024,113,0.0,112,0.9802,nan,12.3
22307,114,1.0,283,0.9799,nan,12.5
22504,115,3.0,197,0.9797,nan,12.6
22657,116,2.0,153,0.9796,nan,12.7
22867,117,8.0,210,0.9794,nan,12.8
23021,118,5.0,154,0.9793,nan,12.9
23267,119,4.0,246,0.9791,nan,13.0
23901,120,14.0,634,0.9785,nan,13.4
24123,121,6.0,222,0.9783,nan,13.5
24298,122,4.0,175,0.9781,nan,13.6
24491,123,3.0,193,0.978,nan,13.7
24674,124,3.0,183,0.9778,nan,13.8
24887,125,8.0,213,0.9776,nan,13.9
25040,126,6.0,153,0.9775,nan,14.0
25289,127,5.0,249,0.9772,nan,14.2
25442,128,5.0,153,0.9771,nan,14.3
25718,129,8.0,276,0.9769,nan,14.4
25886,130,3.0,168,0.9767,nan,14.5
26074,131,1.0,188,0.9765,nan,14.6
26191,132,1.0,117,0.9764,nan,14.7
26341,133,2.0,150,0.9763,nan,14.8
26457,134,1.0,116,0.9762,nan,14.8
26632,135,5.0,175,0.976,nan,14.9
26785,136,2.0,153,0.9759,nan,15.0
27235,137,7.0,450,0.9755,nan,15.3
27448,138,6.0,213,0.9753,nan,15.4
27616,139,1.0,168,0.9751,nan,15.5
27832,140,6.0,216,0.975,nan,15.6
28019,141,4.0,187,0.9748,nan,15.7
28178,142,1.0,159,0.9746,nan,15.8
28472,143,8.0,294,0.9744,nan,15.9
28610,144,3.0,138,0.9743,nan,16.0
28765,145,2.0,155,0.9741,nan,16.1
28923,146,1.0,158,0.974,nan,16.2
29100,147,5.0,177,0.9738,nan,16.3
29499,148,7.0,399,0.9735,nan,16.5
29669,149,4.0,170,0.9733,nan,16.6
29819,150,1.0,150,0.9732,nan,16.7
30016,151,7.0,197,0.973,nan,16.8
30333,152,8.0,317,0.9727,nan,17.0
30508,153,1.0,175,0.9725,nan,17.0
30658,154,2.0,150,0.9724,nan,17.1
30870,155,5.0,212,0.9722,nan,17.3
31023,156,3.0,153,0.9721,nan,17.3
31185,157,4.0,162,0.9719,nan,17.4
31624,158,11.0,439,0.9715,nan,17.7
31843,159,4.0,219,0.9713,nan,17.8
31993,160,2.0,150,0.9712,nan,17.9
32180,161,6.0,187,0.971,nan,18.0
32326,162,3.0,146,0.9709,nan,18.1
32529,163,5.0,203,0.9707,nan,18.2
32738,164,4.0,209,0.9705,nan,18.3
32863,165,0.0,125,0.9704,nan,18.4
33162,166,7.0,299,0.9702,nan,18.6
33376,167,4.0,214,0.97,nan,18.7
33526,168,3.0,150,0.9698,nan,18.8
33666,169,1.0,140,0.9697,nan,18.9
33937,170,4.0,271,0.9695,nan,19.0
34431,171,11.0,494,0.969,nan,19.3
34618,172,4.0,187,0.9688,nan,19.4
34764,173,2.0,146,0.9687,nan,19.5
34919,174,5.0,155,0.9686,nan,19.6
35148,175,3.0,229,0.9684,nan,19.7
35505,176,7.0,357,0.968,nan,20.0
35682,177,2.0,177,0.9679,nan,20.1
35847,178,3.0,165,0.9677,nan,20.2
36024,179,3.0,177,0.9676,nan,20.3
36208,180,6.0,184,0.9674,nan,20.4
36304,181,1.0,96,0.9673,nan,20.5
36422,182,3.0,118,0.9672,nan,20.5
36908,183,10.0,486,0.9668,nan,20.8
37050,184,1.0,142,0.9667,nan,20.9
37198,185,1.0,148,0.9665,nan,21.0
37347,186,3.0,149,0.9664,nan,21.1
37763,187,8.0,416,0.966,nan,21.4
38339,188,11.0,576,0.9655,nan,21.7
38784,189,10.0,445,0.9651,nan,22.0
38870,190,0.0,86,0.965,nan,22.0
39047,191,1.0,177,0.9649,nan,22.1
39198,192,2.0,151,0.9647,nan,22.2
39347,193,3.0,149,0.9646,nan,22.3
39521,194,2.0,174,0.9644,nan,22.4
39634,195,0.0,113,0.9643,nan,22.5
39807,196,6.0,173,0.9642,nan,22.6
39989,197,4.0,182,0.964,nan,22.7
40153,198,2.0,164,0.9639,nan,22.8
40355,199,5.0,202,0.9637,nan,22.9
40506,200,2.0,151,0.9635,nan,23.0
40674,201,5.0,168,0.9634,nan,23.1
40838,202,2.0,164,0.9632,nan,23.2
41155,203,8.0,317,0.963,nan,23.4
41335,204,7.0,180,0.9628,nan,23.5
41483,205,1.0,148,0.9627,nan,23.6
41627,206,2.0,144,0.9625,nan,23.7
41935,207,5.0,308,0.9623,nan,23.9
42089,208,2.0,154,0.9621,nan,24.0
42261,209,1.0,172,0.962,nan,24.1
42660,210,7.0,399,0.9616,nan,24.3
42859,211,7.0,199,0.9614,nan,24.4
43024,212,3.0,165,0.9613,nan,24.6
43140,213,0.0,116,0.9612,nan,24.6
43316,214,5.0,176,0.961,nan,24.7
43473,215,2.0,157,0.9609,nan,24.8
43615,216,0.0,142,0.9607,nan,24.9
43974,217,10.0,359,0.9604,nan,25.1
44328,218,12.0,354,0.9601,nan,25.3
44666,219,9.0,338,0.9598,nan,25.5
45080,220,9.0,414,0.9594,nan,25.8
45218,221,2.0,138,0.9593,nan,25.9
45374,222,3.0,156,0.9592,nan,26.0
45542,223,6.0,168,0.959,nan,26.1
45687,224,2.0,145,0.9589,nan,26.1
45850,225,2.0,163,0.9587,nan,26.2
46012,226,5.0,162,0.9586,nan,26.4
46216,227,6.0,204,0.9584,nan,26.5
46361,228,1.0,145,0.9583,nan,26.6
46528,229,2.0,167,0.9581,nan,26.7
46676,230,3.0,148,0.958,nan,26.8
46830,231,4.0,154,0.9579,nan,26.9
47161,232,3.0,331,0.9576,nan,27.0
47462,233,7.0,301,0.9573,nan,27.2
47883,234,11.0,421,0.9569,nan,27.5
48029,235,0.0,146,0.9568,nan,27.5
48201,236,2.0,172,0.9566,nan,27.6
48374,237,2.0,173,0.9565,nan,27.7
48518,238,0.0,144,0.9563,nan,27.8
48661,239,1.0,143,0.9562,nan,27.9
49126,240,6.0,465,0.9558,nan,28.2
49306,241,6.0,180,0.9556,nan,28.3
49595,242,5.0,289,0.9554,nan,28.4
49877,243,2.0,282,0.9551,nan,28.6
50081,244,4.0,204,0.9549,0.007678196119654569,29.3
50185,245,0.0,104,0.9548,0.012179379279517049,29.5
50371,246,5.0,186,0.9547,0.015803183160681765,29.8
50509,247,1.0,138,0.9545,0.014874923827924899,30.1
50672,248,5.0,163,0.9544,0.009946721499834051,30.4
50856,249,6.0,184,0.9542,0.0105418525332504,30.8
51003,250,1.0,147,0.9541,0.011886835867901228,31.0
51084,251,0.0,81,0.954,0.007399370264638925,31.2
51186,252,1.0,102,0.9539,0.009870515426446218,31.4
51328,253,1.0,142,0.9538,0.00739400966894108,31.7
51486,254,3.0,158,0.9537,0.009278402077213217,31.9
51638,255,0.0,152,0.9535,0.008738320565929538,32.2
51778,256,1.0,140,0.9534,0.011379492949760919,32.5
51961,257,5.0,183,0.9532,0.012337413779475712,32.8
52154,258,4.0,193,0.9531,0.009706957181151665,33.2
52353,259,3.0,199,0.9529,0.009191371098859235,33.5
52529,260,3.0,176,0.9527,0.006407236235232135,33.9
52723,261,6.0,194,0.9525,0.010964456341753248,34.2
52921,262,3.0,198,0.9524,0.010175172891467809,34.6
53062,263,0.0,141,0.9522,0.011714730111998506,34.8
53280,264,3.0,218,0.952,0.012415115464880893,35.2
53576,265,4.0,296,0.9518,0.010384032178498691,35.8
53747,266,3.0,171,0.9516,0.0064343647003884796,36.1
53929,267,4.0,182,0.9515,0.008010608313903187,36.5
54054,268,1.0,125,0.9514,0.007815572867853447,36.7
54565,269,11.0,511,0.9509,0.011389590874273381,37.7
54918,270,5.0,353,0.9506,0.013004232359311241,38.3
55062,271,1.0,144,0.9504,0.008225670773552136,38.6
55486,272,7.0,424,0.9501,0.011109767230973032,39.5
55636,273,4.0,150,0.9499,0.009730500087650733,39.7
55834,274,2.0,198,0.9497,0.009269205768295975,40.1
56041,275,6.0,207,0.9496,0.011757588143294785,40.5
56224,276,4.0,183,0.9494,0.009332057710549712,40.8
56882,277,13.0,658,0.9488,0.00940466499376426,42.1
57055,278,3.0,173,0.9487,0.009066632601600356,42.4
57216,279,4.0,161,0.9485,0.013670468943373856,42.7
57407,280,6.0,191,0.9483,0.009269705719371486,43.1
57577,281,1.0,170,0.9482,0.007069090390063519,43.4
57727,282,3.0,150,0.948,0.00818581618765362,43.7
57876,283,3.0,149,0.9479,0.011455536947898125,44.0
58032,284,4.0,156,0.9478,0.005959404669761754,44.3
58428,285,7.0,396,0.9474,0.011208913835534158,45.0
58592,286,2.0,164,0.9473,0.008815172802736393,45.3
58765,287,4.0,173,0.9471,0.012300664423640037,45.6
59077,288,5.0,312,0.9468,0.011809800549972585,46.2
59256,289,5.0,179,0.9467,0.00929809498698483,46.5
59636,290,9.0,380,0.9463,0.008017102004094723,47.4
59926,291,7.0,290,0.9461,0.010468076265308608,48.1
60110,292,5.0,184,0.9459,0.00832860291519983,48.5
60302,293,7.0,192,0.9457,0.0095862937766924,48.9
60465,294,1.0,163,0.9456,0.008038799044720137,49.3
60620,295,5.0,155,0.9454,0.00829204760651546,49.6
60766,296,1.0,146,0.9453,0.005605082843734029,49.9
60870,297,1.0,104,0.9452,0.005952984954022283,50.1
61034,298,0.0,164,0.9451,0.008297091740908999,50.5
61273,299,2.0,239,0.9449,0.00970544891206373,51.0
61402,300,1.0,129,0.9447,0.0058019298899125715,51.2
61896,301,11.0,494,0.9443,0.009609027280959944,52.2
62044,302,2.0,148,0.9442,0.010693186526328351,52.5
62233,303,6.0,189,0.944,0.011444890888053626,52.9
62434,304,1.0,201,0.9438,0.008867663296114188,53.3
62608,305,2.0,174,0.9437,0.007675917722405178,53.7
62778,306,4.0,170,0.9435,0.010178428916246741,53.9
63158,307,7.0,380,0.9432,0.00745057286847824,54.6
63314,308,4.0,156,0.943,0.009673279320756989,54.9
63415,309,0.0,101,0.9429,0.006245308642974123,55.1
63575,310,3.0,160,0.9428,0.009870985899760853,55.4
63919,311,10.0,344,0.9425,0.00964906182428443,56.1
64035,312,2.0,116,0.9424,0.010283394854170558,56.4
64190,313,2.0,155,0.9422,0.006785793393739881,56.7
64350,314,4.0,160,0.9421,0.006948623402786324,57.0
64753,315,12.0,403,0.9417,0.008619332887344108,57.7
64920,316,2.0,167,0.9416,0.009376054276626314,58.1
65049,317,2.0,129,0.9415,0.01442809384661814,58.3
65159,318,2.0,110,0.9414,0.012314386034160163,58.5
65311,319,2.0,152,0.9412,0.009181379137245179,58.9
65569,320,2.0,258,0.941,0.007289180835225405,59.4
65788,321,5.0,219,0.9408,0.008059630579637914,59.8
65935,322,2.0,147,0.9407,0.010995408938874284,60.1
66092,323,4.0,157,0.9405,0.008520618907277821,60.4
66275,324,4.0,183,0.9404,0.008465720472546916,60.8
66437,325,6.0,162,0.9402,0.008614761857798596,61.1
66637,326,3.0,200,0.94,0.009391317466870532,61.5
66807,327,2.0,170,0.9399,0.01183528704859782,61.8
67088,328,6.0,281,0.9396,0.009432504029819926,62.4
67237,329,1.0,149,0.9395,0.008115421603842815,62.7
67621,330,8.0,384,0.9391,0.008882899318602236,63.4
67893,331,8.0,272,0.9389,0.008313973163133008,64.0
67985,332,0.0,92,0.9388,0.011110401293990435,64.2
68229,333,7.0,244,0.9386,0.008278087555615949,64.7
68405,334,2.0,176,0.9384,0.013759646207538688,65.0
68595,335,0.0,190,0.9383,0.009465305016071417,65.4
68744,336,4.0,149,0.9381,0.00958124560374448,65.7
68891,337,3.0,147,0.938,0.008053817217943206,65.9
69064,338,2.0,173,0.9378,0.01073149252161701,66.3
69213,339,3.0,149,0.9377,0.010737684833018008,66.6
69364,340,3.0,151,0.9376,0.011043207357655965,66.9
69559,341,4.0,195,0.9374,0.008737622791916996,67.3
69961,342,7.0,402,0.937,0.010335424766411295,68.1
70116,343,3.0,155,0.9369,0.011779511066169316,68.5
70313,344,1.0,197,0.9367,0.008162885233439145,68.8
70491,345,5.0,178,0.9366,0.010037506214840423,69.2
70653,346,5.0,162,0.9364,0.008398699254385286,69.5
70874,347,3.0,221,0.9362,0.01011196985967796,70.0
71040,348,4.0,166,0.9361,0.006830435821376298,70.3
71192,349,2.0,152,0.9359,0.00901992903987105,70.6
71338,350,2.0,146,0.9358,0.01171489551860658,70.8
71433,351,0.0,95,0.9357,0.00887822726478286,71.0
71573,352,2.0,140,0.9356,0.006027626644312736,71.3
71729,353,2.0,156,0.9354,0.007803135251518912,71.7
71926,354,2.0,197,0.9353,0.011539440361215087,72.1
72113,355,4.0,187,0.9351,0.00856345120809373,72.5
72375,356,2.0,262,0.9349,0.008213050351276672,72.9
72524,357,1.0,149,0.9347,0.0058940269267814555,73.2
72971,358,19.0,447,0.9343,0.009948621070728771,74.1
73398,359,13.0,427,0.9339,0.009978073126871451,75.0
73540,360,4.0,142,0.9338,0.011062295687022723,75.3
73689,361,3.0,149,0.9337,0.00972760228654118,75.6
73989,362,6.0,300,0.9334,0.009887997412200396,76.2
74141,363,6.0,152,0.9333,0.008933539257237786,76.5
74228,364,1.0,87,0.9332,0.01234823203412816,76.7
74354,365,0.0,126,0.9331,0.0090492800668618,77.0
74509,366,4.0,155,0.9329,0.010309854406305255,77.3
74600,367,1.0,91,0.9329,0.009011830800496366,77.5
74753,368,1.0,153,0.9327,0.007287837592134326,77.8
74902,369,3.0,149,0.9326,0.008625142019072145,78.1
74984,370,0.0,82,0.9325,0.009240320225736858,78.3
75194,371,5.0,210,0.9323,0.009178573161429645,78.8
75349,372,4.0,155,0.9322,0.00982164542745942,79.2
75653,373,6.0,304,0.9319,0.008499109844706254,80.1
75778,374,1.0,125,0.9318,0.004735948387538121,80.4
75929,375,2.0,151,0.9317,0.009924278748497417,81.1
76254,376,7.0,325,0.9314,0.009752400731003159,81.9
76545,377,7.0,291,0.9311,0.008382558163310471,82.7
76750,378,4.0,205,0.9309,0.008484781734581453,83.2
76839,379,0.0,89,0.9308,0.00959806778568732,83.4
76933,380,0.0,94,0.9308,0.006753741410345053,83.7
77139,381,6.0,206,0.9306,0.007704328252265102,84.2
77427,382,6.0,288,0.9303,0.007874113639647677,84.9
77630,383,6.0,203,0.9301,0.009209290582814491,85.4
77852,384,4.0,222,0.9299,0.009216779159422523,85.9
77985,385,2.0,133,0.9298,0.005981795732319976,86.2
78134,386,1.0,149,0.9297,0.009571550830858885,86.6
78515,387,12.0,381,0.9293,0.007936660425376,87.5
78673,388,6.0,158,0.9292,0.007282057898919447,87.9
78825,389,1.0,152,0.9291,0.009933140554302985,88.2
79003,390,5.0,178,0.9289,0.008310666583631908,88.6
79251,391,5.0,248,0.9287,0.006449288818745821,89.2
79559,392,4.0,308,0.9284,0.008016519652915418,89.9
79864,393,5.0,305,0.9281,0.008519077406233849,90.6
80051,394,5.0,187,0.928,0.006147715158120896,91.0
80234,395,7.0,183,0.9278,0.009873471326421208,91.5
80455,396,7.0,221,0.9276,0.008530324755702168,92.0
80693,397,6.0,238,0.9274,0.007350168327684514,92.6
80859,398,1.0,166,0.9272,0.008674454769522815,93.0
80946,399,1.0,87,0.9271,0.006300853086444972,93.1
81188,400,6.0,242,0.9269,0.008730900482480704,93.6
81270,401,1.0,82,0.9269,0.008693963862606324,93.8
81414,402,2.0,144,0.9267,0.00610084786482427,94.1
81557,403,0.0,143,0.9266,0.009203365779184323,94.3
81703,404,2.0,146,0.9265,0.007928212531421903,94.6
81976,405,9.0,273,0.9262,0.007856151288581094,95.2
82134,406,4.0,158,0.9261,0.008308784616812587,95.5
82290,407,5.0,156,0.9259,0.007047510383134254,95.8
82391,408,1.0,101,0.9258,0.005122408224269748,96.0
82628,409,3.0,237,0.9256,0.008056856882346135,96.5
82806,410,5.0,178,0.9255,0.008069276086726777,96.9
82995,411,5.0,189,0.9253,0.008714100110661635,97.3
83207,412,6.0,212,0.9251,0.009765209590594442,97.7
83385,413,1.0,178,0.925,0.007486410595528368,98.1
83593,414,4.0,208,0.9248,0.008516209413266132,98.6
83809,415,4.0,216,0.9246,0.00657657019824169,99.2
84027,416,4.0,218,0.9244,0.008318347225010965,99.7
84179,417,3.0,152,0.9242,0.006514100380483892,100.1
84384,418,2.0,205,0.9241,0.010444485802369084,100.5
84523,419,4.0,139,0.9239,0.005921409796214635,100.8
84831,420,7.0,308,0.9237,0.007483913401986907,101.5
84977,421,5.0,146,0.9235,0.010005934495082427,101.9
85121,422,4.0,144,0.9234,0.005784965127531905,102.3
85285,423,5.0,164,0.9232,0.007828432698549544,102.8
85435,424,4.0,150,0.9231,0.00899875679445088,103.1
85650,425,3.0,215,0.9229,0.007910111408650496,103.5
85843,426,2.0,193,0.9227,0.008201618287633513,103.9
86011,427,2.0,168,0.9226,0.007622073725326031,104.2
86492,428,17.0,481,0.9222,0.007634235353210041,105.2
86649,429,3.0,157,0.922,0.0071851233183107795,105.5
86815,430,4.0,166,0.9219,0.007264972818098258,105.8
86905,431,1.0,90,0.9218,0.006273730374548746,106.0
87073,432,5.0,168,0.9216,0.006005773549293822,106.3
87302,433,7.0,229,0.9214,0.009474394473312586,106.7
87490,434,5.0,188,0.9213,0.006320835547236865,107.1
87649,435,1.0,159,0.9211,0.007498024555388838,107.4
87838,436,5.0,189,0.9209,0.005664731809024779,107.8
88067,437,6.0,229,0.9207,0.006010012113971211,108.2
88159,438,1.0,92,0.9207,0.008618324106108681,108.4
88308,439,3.0,149,0.9205,0.008412542993411128,108.6
88451,440,4.0,143,0.9204,0.010007385913715033,108.9
88602,441,4.0,151,0.9203,0.007420332269056847,109.2
88782,442,6.0,180,0.9201,0.006572120190442851,109.5
88934,443,1.0,152,0.92,0.009057352997938563,109.8
89241,444,6.0,307,0.9197,0.007432371126215712,110.4
89520,445,3.0,279,0.9194,0.007480456337257887,110.9
89698,446,7.0,178,0.9193,0.008394324970140588,111.3
89998,447,4.0,300,0.919,0.007316605471326815,111.8
90167,448,4.0,169,0.9188,0.007973325061833575,112.1
90257,449,1.0,90,0.9188,0.009077229420654476,112.3
90500,450,6.0,243,0.9185,0.010286026373295664,112.8
90635,451,2.0,135,0.9184,0.010210028021405875,113.0
90882,452,9.0,247,0.9182,0.008973165666717367,113.5
91086,453,4.0,204,0.918,0.010804458100727632,113.9
91492,454,7.0,406,0.9177,0.007548935201781455,114.7
91786,455,5.0,294,0.9174,0.008426256669200447,115.4
91890,456,1.0,104,0.9173,0.011751542828278616,115.6
92090,457,0.0,200,0.9171,0.008589342995546758,116.0
92279,458,5.0,189,0.9169,0.007843531985851401,116.4
92428,459,2.0,149,0.9168,0.009346099449382899,116.7
92632,460,7.0,204,0.9166,0.007542212208385999,117.1
92931,461,5.0,299,0.9164,0.0070413800791799515,117.7
93014,462,1.0,83,0.9163,0.004030177330908676,117.9
93188,463,5.0,174,0.9161,0.00684150890050329,118.2
93359,464,1.0,171,0.916,0.006102297794617091,118.6
93444,465,0.0,85,0.9159,0.0061819501041265375,118.8
93620,466,3.0,176,0.9157,0.005180982603302586,119.2
93881,467,8.0,261,0.9155,0.008439413985559861,119.7
93962,468,0.0,81,0.9154,0.006702810694696382,119.9
94154,469,7.0,192,0.9153,0.010138007957417964,120.3
94327,470,4.0,173,0.9151,0.0058585859623299045,120.7
94486,471,3.0,159,0.915,0.009940892335725949,121.0
94752,472,4.0,266,0.9147,0.01064893648414108,121.5
94926,473,5.0,174,0.9146,0.006484451227575043,121.9
95044,474,2.0,118,0.9145,0.0060000413446687165,122.2
95323,475,7.0,279,0.9142,0.009621351384945834,122.8
95475,476,5.0,152,0.9141,0.009373965738249305,123.1
95785,477,5.0,310,0.9138,0.007061039544612122,123.7
96005,478,3.0,220,0.9136,0.006322989245183469,124.2
96193,479,2.0,188,0.9134,0.007292830042833304,124.6
96310,480,0.0,117,0.9133,0.008016060714625978,124.8
96462,481,1.0,152,0.9132,0.007810856420148507,125.2
96613,482,3.0,151,0.913,0.00823078234833175,125.5
96864,483,4.0,251,0.9128,0.008112695657589014,126.1
97018,484,4.0,154,0.9127,0.007010318066979954,126.4
97192,485,2.0,174,0.9125,0.006028260238301961,126.8
97429,486,2.0,237,0.9123,0.00665503468263847,127.3
97573,487,4.0,144,0.9122,0.007234896946910239,127.7
97727,488,3.0,154,0.912,0.005113823850191885,128.0
97872,489,1.0,145,0.9119,0.005221700737869518,128.3
97981,490,0.0,109,0.9118,0.00820822770496037,128.5
98140,491,6.0,159,0.9117,0.0065780174492829245,128.8
98768,492,14.0,628,0.9111,0.007236839698629074,130.2
99289,493,10.0,521,0.9106,0.0060215577971226035,131.2
99573,494,6.0,284,0.9104,0.007437836067073873,131.9
99708,495,3.0,135,0.9103,0.007205665619146791,132.2
99871,496,2.0,163,0.9101,0.0065272748386632886,132.6
100243,497,11.0,372,0.9098,0.01000266315813567,133.3
100450,498,6.0,207,0.9096,0.009302566162659787,133.8
100776,499,4.0,326,0.9093,0.006030621264050374,134.4
100922,500,0.0,146,0.9092,0.009709856447039379,134.7
101140,501,5.0,218,0.909,0.008918922764926472,135.1
101281,502,2.0,141,0.9088,0.009778114423222307,135.4
101459,503,3.0,178,0.9087,0.007963741257712669,135.8
101610,504,3.0,151,0.9086,0.00549748432393627,136.1
101768,505,4.0,158,0.9084,0.008303681795950979,136.4
102001,506,6.0,233,0.9082,0.007313081181752656,136.8
102180,507,3.0,179,0.908,0.009847636760807493,137.2
102324,508,1.0,144,0.9079,0.00901372840841456,137.5
102502,509,4.0,178,0.9077,0.006621371146386743,137.9
102646,510,1.0,144,0.9076,0.008203294884879142,138.2
102801,511,3.0,155,0.9075,0.00577983303511969,138.5
102943,512,1.0,142,0.9074,0.006736957968678325,138.8
103182,513,4.0,239,0.9071,0.007546508560335496,139.3
103569,514,5.0,387,0.9068,0.007452430288768229,140.1
103717,515,3.0,148,0.9067,0.00950719985632679,140.4
103871,516,5.0,154,0.9065,0.009076395672500917,140.8
103981,517,1.0,110,0.9064,0.00810411319772746,141.0
104062,518,1.0,81,0.9063,0.006839444857905619,141.2
104212,519,2.0,150,0.9062,0.007372815135903166,141.5
104448,520,3.0,236,0.906,0.006337282715475787,141.9
104638,521,2.0,190,0.9058,0.008267802290341004,142.3
104980,522,2.0,342,0.9055,0.007879923723014017,143.0
105144,523,5.0,164,0.9054,0.006844801389578185,143.4
105555,524,9.0,411,0.905,0.007241786136029416,144.2
105897,525,6.0,342,0.9047,0.006617845765377265,144.9
106087,526,4.0,190,0.9045,0.006158647917897163,145.3
106241,527,2.0,154,0.9044,0.007801909860856353,145.6
106386,528,1.0,145,0.9043,0.00581468059519668,145.9
106476,529,0.0,90,0.9042,0.0059704516923217025,146.1
106572,530,0.0,96,0.9041,0.009834983065957204,146.3
106757,531,4.0,185,0.9039,0.006630463650925894,146.7
107042,532,6.0,285,0.9037,0.007204513982902477,147.3
107209,533,1.0,167,0.9035,0.007423185827931212,147.7
107359,534,1.0,150,0.9034,0.0058728398564837974,148.0
107490,535,2.0,131,0.9033,0.006499547890570918,148.2
107703,536,4.0,213,0.9031,0.007073156239644994,148.6
107861,537,3.0,158,0.9029,0.008335377310868353,148.9
108082,538,6.0,221,0.9027,0.00630648328171281,149.3
108184,539,0.0,102,0.9026,0.006728297551699842,149.5
108353,540,1.0,169,0.9025,0.0055235178324870675,149.9
108611,541,6.0,258,0.9023,0.007396237215289148,150.4
108791,542,3.0,180,0.9021,0.006648979828848193,150.7
108947,543,3.0,156,0.9019,0.006370685681199225,151.0
109028,544,0.0,81,0.9019,0.0051542977536363265,151.2
109194,545,2.0,166,0.9017,0.00507166310072956,151.5
109332,546,1.0,138,0.9016,0.007768276431098846,151.8
109500,547,5.0,168,0.9014,0.007613661415581148,152.1
109660,548,1.0,160,0.9013,0.00511138324654894,152.4
109833,549,3.0,173,0.9012,0.007926333035060833,152.8
110008,550,3.0,175,0.901,0.006416555849930525,153.1
110196,551,5.0,188,0.9008,0.005866848006027136,153.5
110499,552,5.0,303,0.9006,0.007690030554852759,154.1
110693,553,5.0,194,0.9004,0.009866505027368513,154.4
110900,554,6.0,207,0.9002,0.007822395766897198,154.8
111039,555,4.0,139,0.9001,0.007971968807396479,155.1
111329,556,5.0,290,0.8998,0.00885217899954176,155.7
111530,557,6.0,201,0.8996,0.008700717246392741,156.1
111700,558,5.0,170,0.8995,0.009967983540602375,156.4
111999,559,6.0,299,0.8992,0.00796374067097015,157.0
112188,560,2.0,189,0.899,0.006198393251906964,157.4
112479,561,6.0,291,0.8988,0.007398312863693314,158.1
112681,562,4.0,202,0.8986,0.009175213041838588,158.5
113076,563,11.0,395,0.8982,0.008083005204698014,159.3
113343,564,3.0,267,0.898,0.007066584877479313,159.8
113491,565,2.0,148,0.8979,0.006997397613107554,160.1
113681,566,5.0,190,0.8977,0.006034188239330736,160.4
113845,567,4.0,164,0.8975,0.004983655798884972,160.7
114077,568,4.0,232,0.8973,0.006417151686036959,161.2
114194,569,3.0,117,0.8972,0.010142432274858885,161.5
114340,570,1.0,146,0.8971,0.006683821739578569,161.8
114439,571,0.0,99,0.897,0.009318517627737796,162.0
114729,572,8.0,290,0.8967,0.00606291122516866,162.5
114941,573,6.0,212,0.8966,0.008017911129841968,163.0
115040,574,1.0,99,0.8965,0.0055180381773971025,163.1
115200,575,1.0,160,0.8963,0.007418868819513591,163.4
115399,576,8.0,199,0.8961,0.006662050324458895,163.8
115562,577,5.0,163,0.896,0.005950536234971568,164.1
115789,578,5.0,227,0.8958,0.00812651913280174,164.5
115980,579,3.0,191,0.8956,0.007566927113051254,164.9
116157,580,5.0,177,0.8955,0.007039590650740799,165.2
116292,581,3.0,135,0.8953,0.007021337659406366,165.5
116471,582,4.0,179,0.8952,0.007601721974259073,165.9
116617,583,3.0,146,0.895,0.007847823938858267,166.2
116767,584,2.0,150,0.8949,0.008312826850325675,166.5
116852,585,0.0,85,0.8948,0.005576576085083864,166.7
117001,586,3.0,149,0.8947,0.005200388042155553,167.0
117113,587,0.0,112,0.8946,0.008676449111330189,167.3
117284,588,1.0,171,0.8944,0.005764903046521034,167.7
117428,589,3.0,144,0.8943,0.0076841519189151265,168.0
117659,590,7.0,231,0.8941,0.006640680337512637,168.5
117827,591,3.0,168,0.894,0.006922556126179795,168.8
118044,592,6.0,217,0.8938,0.007747875010615892,169.2
118190,593,1.0,146,0.8936,0.006284575151868112,169.5
118367,594,3.0,177,0.8935,0.005560286074548706,169.9
118515,595,2.0,148,0.8933,0.0058985159443722835,170.3
118802,596,9.0,287,0.8931,0.006355771349060685,170.8
119039,597,5.0,237,0.8929,0.007257916640008847,171.3
119278,598,6.0,239,0.8926,0.007106070727604674,171.8
119435,599,2.0,157,0.8925,0.005014911817852408,172.1
119655,600,9.0,220,0.8923,0.008541563123104756,172.6
119844,601,4.0,189,0.8921,0.008256874348868829,172.9
120243,602,10.0,399,0.8918,0.00714115999025208,173.7
120603,603,2.0,360,0.8915,0.008925053884094166,174.4
120782,604,4.0,179,0.8913,0.009089548193797883,174.7
120974,605,6.0,192,0.8911,0.006178451048375185,175.1
121114,606,4.0,140,0.891,0.008298411305128995,175.3
121421,607,12.0,307,0.8907,0.008505235006957157,175.9
121568,608,2.0,147,0.8906,0.0066914415502971085,176.2
121792,609,8.0,224,0.8904,0.007688526289712172,176.7
121941,610,2.0,149,0.8903,0.004939256927369766,176.9
122094,611,2.0,153,0.8901,0.008606018369870358,177.2
122608,612,13.0,514,0.8897,0.00584889836577778,178.3
122757,613,5.0,149,0.8895,0.007582700123846833,178.6
122939,614,4.0,182,0.8894,0.0051484539238218635,179.0
123085,615,2.0,146,0.8892,0.0072802549229645346,179.2
123238,616,3.0,153,0.8891,0.009092705478236129,179.5
123381,617,1.0,143,0.889,0.008905258343373943,179.8
123533,618,6.0,152,0.8888,0.006973971543821359,180.2
123746,619,6.0,213,0.8886,0.005937776467894678,180.6
123837,620,0.0,91,0.8885,0.006130067999829012,180.8
124069,621,3.0,232,0.8883,0.0076718860908495745,181.3
124303,622,6.0,234,0.8881,0.00808705811505206,181.8
124451,623,2.0,148,0.888,0.008631710516842635,182.1
124624,624,3.0,173,0.8878,0.008106958823191235,182.4
124794,625,3.0,170,0.8877,0.006990015675823781,182.8
124982,626,6.0,188,0.8875,0.0064308098653589,183.2
125140,627,2.0,158,0.8874,0.007438134730909951,183.5
125330,628,5.0,190,0.8872,0.005948771061895891,183.9
125481,629,0.0,151,0.8871,0.005428950148358892,184.2
125642,630,3.0,161,0.8869,0.007595233021129388,184.6
125845,631,5.0,203,0.8867,0.006967966946974105,185.0
126040,632,1.0,195,0.8866,0.007989253460344079,185.4
126228,633,6.0,188,0.8864,0.008118784831938373,185.8
126396,634,4.0,168,0.8862,0.004749769314436153,186.1
126582,635,7.0,186,0.8861,0.007668972003992404,186.4
126820,636,5.0,238,0.8859,0.006919052007773038,186.9
126986,637,4.0,166,0.8857,0.004486363754173309,187.2
127146,638,2.0,160,0.8856,0.008583747424199827,187.5
127305,639,4.0,159,0.8854,0.00886628365260549,187.9
127488,640,5.0,183,0.8853,0.00905569794501745,188.2
127636,641,2.0,148,0.8851,0.004599266818479156,188.5
127741,642,0.0,105,0.885,0.008284725313737558,188.7
127884,643,3.0,143,0.8849,0.006673188175934936,189.0
128292,644,15.0,408,0.8845,0.007277759297650454,189.9
128673,645,7.0,381,0.8842,0.007099457379234464,190.6
128870,646,5.0,197,0.884,0.007862917350709667,191.0
129049,647,4.0,179,0.8839,0.0047965549511395185,191.4
129198,648,1.0,149,0.8837,0.007130784202820143,191.7
129407,649,3.0,209,0.8835,0.008410982868204324,192.1
129582,650,2.0,175,0.8834,0.004102693999646528,192.4
129741,651,4.0,159,0.8832,0.005165314082842087,192.7
129834,652,0.0,93,0.8831,0.007845216537015918,192.9
129987,653,3.0,153,0.883,0.006976041138458592,193.2
130170,654,5.0,183,0.8828,0.009100759110879153,193.6
130290,655,3.0,120,0.8827,0.009532492642756551,193.8
130441,656,3.0,151,0.8826,0.008122371221696468,194.1
130919,657,12.0,478,0.8822,0.007833803581277362,195.1
131189,658,5.0,270,0.8819,0.0069399406685774654,195.6
131505,659,6.0,316,0.8816,0.006856520814950802,196.3
131646,660,2.0,141,0.8815,0.007262038550938346,196.5
131878,661,4.0,232,0.8813,0.006956348790795189,197.0
132020,662,5.0,142,0.8812,0.006448914479632448,197.3
132241,663,6.0,221,0.881,0.005869030189404095,197.7
132394,664,2.0,153,0.8808,0.008233546300815712,198.0
132526,665,4.0,132,0.8807,0.005289407494604926,198.3
132878,666,11.0,352,0.8804,0.008161327085955154,199.0
133334,667,6.0,456,0.88,0.0082132955969683,199.9
133560,668,7.0,226,0.8798,0.007234052548658822,200.3
133732,669,2.0,172,0.8796,0.01047313216935605,200.7
133887,670,1.0,155,0.8795,0.0074660444408532626,201.0
134325,671,8.0,438,0.8791,0.00615308664564509,202.0
134505,672,4.0,180,0.8789,0.0065362068902080255,202.3
134855,673,6.0,350,0.8786,0.007188026027903817,203.0
135039,674,5.0,184,0.8785,0.005511568239181424,203.4
135266,675,7.0,227,0.8783,0.00849601078427217,203.9
135552,676,4.0,286,0.878,0.006876237433769145,204.5
135786,677,9.0,234,0.8778,0.0069550895613842995,204.9
136117,678,13.0,331,0.8775,0.006274140947666693,205.6
136298,679,5.0,181,0.8773,0.0051177365291449756,205.9
136452,680,5.0,154,0.8772,0.00520073744850472,206.2
136639,681,4.0,187,0.877,0.00782052234938854,206.6
136803,682,3.0,164,0.8769,0.007987656214603836,206.9
137030,683,5.0,227,0.8767,0.005665389246005042,207.4
137179,684,0.0,149,0.8765,0.004161607842212795,207.7
137607,685,7.0,428,0.8762,0.006068256859630607,208.5
137786,686,1.0,179,0.876,0.008136356932421525,208.9
137952,687,5.0,166,0.8758,0.005979332998062351,209.2
138103,688,1.0,151,0.8757,0.007320896896999329,209.5
138220,689,1.0,117,0.8756,0.007845385085480909,209.7
138457,690,6.0,237,0.8754,0.0065291133680641334,210.2
138700,691,7.0,243,0.8752,0.00625169282725661,210.6
138844,692,2.0,144,0.875,0.007395493382419873,210.9
139002,693,3.0,158,0.8749,0.005931553747266149,211.2
139126,694,4.0,124,0.8748,0.006786913928320451,211.4
139529,695,7.0,403,0.8744,0.006688104619129128,212.2
139688,696,5.0,159,0.8743,0.006715228999382816,212.5
139857,697,2.0,169,0.8741,0.00455590870807923,212.8
140404,698,13.0,547,0.8736,0.00703202877966959,214.0
140622,699,4.0,218,0.8734,0.007954731200933802,214.4
140784,700,3.0,162,0.8733,0.007427594209907622,214.7
140907,701,2.0,123,0.8732,0.00848810279664273,215.0
141069,702,5.0,162,0.873,0.006404523013682082,215.3
141246,703,5.0,177,0.8729,0.006932232845098373,215.6
141419,704,7.0,173,0.8727,0.006971150309085673,215.9
141836,705,13.0,417,0.8723,0.007356139454835405,216.8
142046,706,4.0,210,0.8722,0.007282257894985378,217.2
142194,707,2.0,148,0.872,0.009842980143337234,217.5
142365,708,5.0,171,0.8719,0.007851278793803134,217.8
142591,709,3.0,226,0.8717,0.0071309400040523285,218.2
142799,710,3.0,208,0.8715,0.008077792306161987,218.6
142987,711,4.0,188,0.8713,0.008822418173448122,219.0
143170,712,6.0,183,0.8711,0.008066462468021833,219.4
143806,713,12.0,636,0.8706,0.008016462570331616,220.7
144060,714,6.0,254,0.8703,0.008937896677707613,221.1
144223,715,6.0,163,0.8702,0.007583473855629563,221.4
144466,716,7.0,243,0.87,0.007476723892232555,221.9
144755,717,6.0,289,0.8697,0.008482056232524984,222.4
144848,718,0.0,93,0.8696,0.008413268505440405,222.6
145040,719,4.0,192,0.8695,0.006961575832974631,223.0
145192,720,3.0,152,0.8693,0.005580851900097179,223.3
145397,721,3.0,205,0.8691,0.005594389723139066,223.7
145505,722,1.0,108,0.869,0.004553662065451068,223.9
145760,723,2.0,255,0.8688,0.010157219276152318,224.4
146062,724,7.0,302,0.8685,0.00842861638093988,225.0
146704,725,16.0,642,0.868,0.006851410339600898,226.3
146911,726,5.0,207,0.8678,0.007447030055154042,226.7
146999,727,1.0,88,0.8677,0.006590614164121111,226.9
147151,728,5.0,152,0.8676,0.006286855980043153,227.2
147245,729,0.0,94,0.8675,0.009640327809999386,227.4
147335,730,0.0,90,0.8674,0.006226234942335974,227.5
147667,731,9.0,332,0.8671,0.00631970433302291,228.1
147997,732,4.0,330,0.8668,0.007745444354550711,228.8
148163,733,6.0,166,0.8667,0.00692585133947432,229.1
148443,734,10.0,280,0.8664,0.006459219762057598,229.6
148559,735,0.0,116,0.8663,0.006208951880047419,229.8
148898,736,7.0,339,0.866,0.0072492118746809225,230.4
149098,737,4.0,200,0.8658,0.007712490719277412,230.8
149248,738,3.0,150,0.8657,0.007397608411816978,231.1
149432,739,5.0,184,0.8655,0.00638400800380623,231.5
149535,740,2.0,103,0.8654,0.009877972775138915,231.7
150229,741,15.0,694,0.8648,0.008068884882457748,233.0
150423,742,5.0,194,0.8646,0.008154419835288232,233.4
150676,743,9.0,253,0.8644,0.008701176715476322,233.8
150873,744,6.0,197,0.8642,0.008154587772655852,234.2
151006,745,3.0,133,0.8641,0.009551152057776397,234.5
151169,746,5.0,163,0.8639,0.008476014589754546,234.8
151466,747,8.0,297,0.8637,0.009407779104328034,235.4
151638,748,4.0,172,0.8635,0.010745904543761944,235.7
151780,749,3.0,142,0.8634,0.011382054311171588,236.0
151901,750,3.0,121,0.8633,0.00657252996849517,236.2
152092,751,1.0,191,0.8631,0.00944326422662319,236.6
152269,752,3.0,177,0.863,0.008321489646649834,237.0
152677,753,8.0,408,0.8626,0.008288482309652347,237.8
152903,754,5.0,226,0.8624,0.007772020683790158,238.2
153494,755,12.0,591,0.8619,0.007543334367722776,239.4
153646,756,2.0,152,0.8617,0.007271187569897033,239.7
153852,757,6.0,206,0.8615,0.011355580520243026,240.1
154245,758,9.0,393,0.8612,0.007565679253739476,240.9
154469,759,1.0,224,0.861,0.009277901687060617,241.4
154618,760,3.0,149,0.8608,0.006856969019674973,241.7
154713,761,0.0,95,0.8608,0.007283335619528468,241.9
154901,762,6.0,188,0.8606,0.009224590148152585,242.3
155170,763,5.0,269,0.8603,0.007573786019625615,242.8
155324,764,3.0,154,0.8602,0.006913410382530389,243.1
155496,765,5.0,172,0.8601,0.00671164813548933,243.5
155649,766,3.0,153,0.8599,0.008708524673956594,243.8
155808,767,3.0,159,0.8598,0.006991146222571842,244.1
156156,768,6.0,348,0.8595,0.009547657683229438,244.8
156350,769,7.0,194,0.8593,0.008391278052537624,245.2
156524,770,3.0,174,0.8591,0.007126577170724472,245.5
156714,771,4.0,190,0.859,0.009518523407020071,245.9
156886,772,4.0,172,0.8588,0.008176426177162157,246.3
157259,773,8.0,373,0.8585,0.008985190119679456,247.0
157668,774,8.0,409,0.8581,0.008566757121001307,247.9
158012,775,12.0,344,0.8578,0.006560319507370032,248.6
158149,776,3.0,137,0.8577,0.006396004318958148,248.9
158316,777,5.0,167,0.8575,0.007857783486889232,249.2
158562,778,5.0,246,0.8573,0.008907746082767233,249.7
158674,779,0.0,112,0.8572,0.006392013161010774,249.9
159191,780,16.0,517,0.8567,0.00843022670596838,250.9
159365,781,3.0,174,0.8566,0.0077319370651490645,251.3
159559,782,9.0,194,0.8564,0.007958509670667505,251.7
159685,783,2.0,126,0.8563,0.006283825192440418,251.9
159922,784,8.0,237,0.8561,0.008240742531952337,252.4
160096,785,5.0,174,0.8559,0.008754698289769956,252.8
160288,786,4.0,192,0.8557,0.00792166815760235,253.1
160442,787,1.0,154,0.8556,0.007865892992796083,253.4
160625,788,5.0,183,0.8554,0.007834439716332228,253.8
160763,789,0.0,138,0.8553,0.01024447609533501,254.0
160969,790,6.0,206,0.8551,0.010484433878445998,254.4
161091,791,0.0,122,0.855,0.010212679878653338,254.7
161272,792,5.0,181,0.8549,0.0101338878992702,255.1
161438,793,5.0,166,0.8547,0.007865200673866018,255.4
161786,794,9.0,348,0.8544,0.010558168825308054,256.2
161960,795,3.0,174,0.8542,0.009500314703803848,256.5
162100,796,3.0,140,0.8541,0.009404448552855424,256.8
162184,797,1.0,84,0.854,0.00578185013451037,257.0
162483,798,3.0,299,0.8538,0.009692229434369586,257.6
162690,799,3.0,207,0.8536,0.009620308999169188,258.0
162838,800,4.0,148,0.8534,0.007412149353783477,258.3
162996,801,4.0,158,0.8533,0.010241916505037807,258.7
163192,802,2.0,196,0.8531,0.007648405067774714,259.0
163279,803,0.0,87,0.853,0.0057786120866824475,259.2
163455,804,6.0,176,0.8529,0.008457998258315703,259.6
163709,805,6.0,254,0.8527,0.0078093642587191425,260.1
163891,806,6.0,182,0.8525,0.008493131851880914,260.4
163981,807,0.0,90,0.8524,0.008114908958542283,260.6
164080,808,0.0,99,0.8523,0.009791107084602117,260.8
164160,809,1.0,80,0.8523,0.006928288214839995,260.9
164278,810,1.0,118,0.8521,0.01012969216139152,261.2
164418,811,0.0,140,0.852,0.007746399365298982,261.5
164568,812,3.0,150,0.8519,0.009325065539757671,261.8
164728,813,4.0,160,0.8517,0.009327587386360392,262.1
164894,814,4.0,166,0.8516,0.009646192309446633,262.4
165217,815,6.0,323,0.8513,0.007588195979572189,263.1
165392,816,2.0,175,0.8511,0.008944757825123485,263.4
165555,817,3.0,163,0.851,0.008263782161520794,263.7
165722,818,1.0,167,0.8509,0.007050514309888794,264.1
165809,819,1.0,87,0.8508,0.007828906157308003,264.3
166088,820,4.0,279,0.8505,0.008658221203534464,264.8
166288,821,5.0,200,0.8503,0.008022232895018532,265.2
166494,822,5.0,206,0.8502,0.008055317589976624,265.6
166678,823,6.0,184,0.85,0.007558786055913357,266.0
166969,824,8.0,291,0.8497,0.0074887079751272114,266.6
167175,825,2.0,206,0.8495,0.008320659383054018,267.0
167274,826,2.0,99,0.8495,0.008604419017210603,267.2
167571,827,12.0,297,0.8492,0.00814612431300653,267.8
167678,828,0.0,107,0.8491,0.00579367585790654,268.0
167955,829,7.0,277,0.8488,0.008756539232664458,268.6
168042,830,1.0,87,0.8488,0.008637053532187234,268.7
168138,831,1.0,96,0.8487,0.0069913151625466225,268.9
168328,832,3.0,190,0.8485,0.008021984591323417,269.2
168472,833,1.0,144,0.8484,0.008628847818019696,269.5
168634,834,3.0,162,0.8482,0.00653312991198618,269.8
168820,835,5.0,186,0.8481,0.008601323082210852,270.1
169037,836,8.0,217,0.8479,0.007756272910800935,270.6
169180,837,2.0,143,0.8477,0.009237702948869102,270.9
169353,838,4.0,173,0.8476,0.00765489500698222,271.2
169542,839,1.0,189,0.8474,0.007409493352207256,271.6
169711,840,3.0,169,0.8473,0.006537549635617151,271.9
170133,841,7.0,422,0.8469,0.007144910587054976,272.7
170458,842,8.0,325,0.8466,0.011925725558094312,273.3
170606,843,0.0,148,0.8465,0.008011273489132322,273.6
170709,844,2.0,103,0.8464,0.011515080749701995,273.8
170844,845,2.0,135,0.8462,0.010269835002391654,274.1
170993,846,1.0,149,0.8461,0.0092782703089855,274.3
171208,847,5.0,215,0.8459,0.010083995817694813,274.7
171299,848,1.0,91,0.8458,0.007193698283200237,274.9
171492,849,5.0,193,0.8457,0.011907157535683744,275.3
171692,850,6.0,200,0.8455,0.008198362071998417,275.7
171864,851,2.0,172,0.8453,0.009241331347026104,276.0
172082,852,5.0,218,0.8451,0.009189693114927245,276.4
172273,853,3.0,191,0.845,0.01031931057999221,276.8
172493,854,7.0,220,0.8448,0.009527045615356076,277.2
172678,855,3.0,185,0.8446,0.010691170307362208,277.5
172825,856,2.0,147,0.8445,0.010750093774215595,277.8
173001,857,6.0,176,0.8443,0.009829929744062776,278.1
173141,858,4.0,140,0.8442,0.007973130752465555,278.3
173310,859,5.0,169,0.844,0.008423588510292271,278.6
173475,860,0.0,165,0.8439,0.008545021807615896,278.9
173650,861,5.0,175,0.8437,0.009637074952479452,279.2
173841,862,5.0,191,0.8435,0.00935378099772303,279.6
174174,863,4.0,333,0.8432,0.009320681775830328,280.2
174267,864,0.0,93,0.8432,0.00948159497372968,280.4
174444,865,7.0,177,0.843,0.008813749546081655,280.9
174530,866,0.0,86,0.8429,0.008737094578377548,281.1
174697,867,3.0,167,0.8428,0.006563937647678401,281.6
174803,868,0.0,106,0.8427,0.010569065630149383,281.8
174937,869,3.0,134,0.8426,0.008023837598396795,282.2
175105,870,2.0,168,0.8424,0.008339201125116753,282.6
175212,871,1.0,107,0.8423,0.008649529880602603,282.8
175384,872,4.0,172,0.8422,0.005706458856070111,283.2
175541,873,4.0,157,0.842,0.00901487156844292,283.5
175757,874,6.0,216,0.8418,0.00800243917102408,283.9
176035,875,8.0,278,0.8416,0.009716245138248347,284.6
176191,876,3.0,156,0.8414,0.00960802203283096,285.0
176341,877,3.0,150,0.8413,0.009601236262824386,285.4
176462,878,2.0,121,0.8412,0.00803790734304736,285.7
177067,879,11.0,605,0.8406,0.00915408206776722,286.9
177216,880,3.0,149,0.8405,0.007224442651740422,287.2
177838,881,13.0,622,0.8399,0.008420909742163795,288.4
178026,882,6.0,188,0.8398,0.009082180145692,288.8
178427,883,8.0,401,0.8394,0.007864751845481806,289.5
178632,884,7.0,205,0.8392,0.008271640095000084,289.9
178801,885,6.0,169,0.8391,0.007874242490201834,290.3
179012,886,3.0,211,0.8389,0.00775745667776374,290.7
179167,887,3.0,155,0.8387,0.008559965580628303,291.0
179308,888,1.0,141,0.8386,0.008659665796181394,291.3
179467,889,2.0,159,0.8385,0.007904653682206303,291.6
179638,890,1.0,171,0.8383,0.007198108176072669,291.9
179820,891,6.0,182,0.8382,0.00855104637119676,292.3
180219,892,7.0,399,0.8378,0.008822690162835925,293.0
180370,893,3.0,151,0.8377,0.0073893672792780165,293.3
180826,894,8.0,456,0.8373,0.00810155122573569,294.1
180981,895,2.0,155,0.8371,0.007565815909168659,294.4
181133,896,3.0,152,0.837,0.010579365645657833,294.7
181282,897,5.0,149,0.8368,0.00857945777966666,295.0
181386,898,2.0,104,0.8368,0.008324302683691852,295.2
181565,899,4.0,179,0.8366,0.009386308423967826,295.5
181766,900,6.0,201,0.8364,0.009469905509613455,296.0
181964,901,5.0,198,0.8362,0.00902464499231428,296.4
182141,902,4.0,177,0.8361,0.007892833705144849,296.7
182295,903,2.0,154,0.8359,0.0072173544077055625,297.0
182454,904,3.0,159,0.8358,0.008676390367327258,297.3
182614,905,3.0,160,0.8356,0.007602306426269934,297.6
182833,906,4.0,219,0.8355,0.009250394049608573,298.1
182984,907,0.0,151,0.8353,0.00976718510317273,298.4
183318,908,6.0,334,0.835,0.008032455907135933,299.2
183540,909,5.0,222,0.8348,0.008766475520263026,299.6
183658,910,0.0,118,0.8347,0.007643131057507005,299.8
183999,911,10.0,341,0.8344,0.006944593174985665,300.5
184164,912,4.0,165,0.8343,0.0074775785767650675,300.9
184298,913,0.0,134,0.8341,0.0072441656375303864,301.2
184460,914,5.0,162,0.834,0.009734251992152323,301.5
184771,915,6.0,311,0.8337,0.009058389560222722,302.2
184906,916,3.0,135,0.8336,0.007992135720354888,302.5
185086,917,5.0,180,0.8334,0.00846934360710697,302.8
185273,918,6.0,187,0.8333,0.007710139180454326,303.2
185403,919,4.0,130,0.8331,0.01008693031508301,303.5
185574,920,6.0,171,0.833,0.007936526085845693,303.8
185900,921,7.0,326,0.8327,0.007880779492197468,304.5
186080,922,2.0,180,0.8325,0.010246248923552533,304.9
186213,923,2.0,133,0.8324,0.00871165619923197,305.2
186816,924,7.0,603,0.8319,0.007272807001567982,306.6
186963,925,2.0,147,0.8317,0.007718025912052124,307.0
187238,926,5.0,275,0.8315,0.009143390957657517,307.7
187390,927,3.0,152,0.8313,0.006792359360444702,308.0
187748,928,5.0,358,0.831,0.008432382565095193,308.7
187931,929,6.0,183,0.8309,0.008072764488557975,309.1
188117,930,5.0,186,0.8307,0.007673485514192664,309.5
188202,931,0.0,85,0.8306,0.008741385586160635,309.6
188378,932,6.0,176,0.8305,0.008959341156613928,310.0
188565,933,5.0,187,0.8303,0.006448397150342452,310.4
188978,934,12.0,413,0.8299,0.0071229599000890605,311.2
189089,935,1.0,111,0.8298,0.008301238275765042,311.4
189777,936,22.0,688,0.8292,0.008296860864881404,312.9
190313,937,13.0,536,0.8287,0.008749211966772493,313.9
190483,938,4.0,170,0.8286,0.010125208546274475,314.3
190574,939,2.0,91,0.8285,0.009573468908100673,314.5
190879,940,6.0,305,0.8282,0.009510186591222393,315.1
191035,941,5.0,156,0.8281,0.007941567580788754,315.4
191116,942,1.0,81,0.828,0.005825181292103869,315.6
191210,943,0.0,94,0.8279,0.008511647470700353,315.8
191359,944,3.0,149,0.8278,0.008395152827221397,316.1
191774,945,12.0,415,0.8274,0.007117109223215196,317.0
191868,946,1.0,94,0.8273,0.0071948050511612864,317.2
192057,947,7.0,189,0.8271,0.01019753882057093,317.6
192198,948,3.0,141,0.827,0.008654828352986702,317.9
192349,949,1.0,151,0.8269,0.008613837306926908,318.2
192537,950,4.0,188,0.8267,0.0077193800057779914,318.5
192744,951,4.0,207,0.8265,0.008132649462473078,319.0
192899,952,3.0,155,0.8264,0.007506928930524737,319.3
193049,953,2.0,150,0.8263,0.008215513809486047,319.6
193274,954,4.0,225,0.8261,0.009442984238765868,320.0
193357,955,0.0,83,0.826,0.009617300892603538,320.2
193439,956,1.0,82,0.8259,0.00895110807614401,320.4
193528,957,0.0,89,0.8258,0.006951622108159506,320.6
193645,958,2.0,117,0.8257,0.007634989604161218,320.8
193725,959,1.0,80,0.8256,0.008032963669393212,321.0
194016,960,9.0,291,0.8254,0.007820633441777518,321.6
194161,961,2.0,145,0.8253,0.008611927843756147,321.9
194339,962,2.0,178,0.8251,0.007059220733935945,322.3
194676,963,8.0,337,0.8248,0.008500945870764554,323.0
194828,964,3.0,152,0.8247,0.007606743081276746,323.3
195008,965,3.0,180,0.8245,0.006372296110364712,323.7
195121,966,1.0,113,0.8244,0.009707003935805656,323.9
195786,967,22.0,665,0.8238,0.009142468341188618,325.2
195927,968,1.0,141,0.8237,0.007608651449637753,325.5
196080,969,2.0,153,0.8235,0.008797554439530732,325.8
196703,970,17.0,623,0.823,0.009662076709942232,327.1
196947,971,7.0,244,0.8227,0.007954810047522187,327.7
197146,972,3.0,199,0.8226,0.008190709478221835,328.1
197369,973,5.0,223,0.8224,0.009926399486305724,328.6
197619,974,2.0,250,0.8221,0.009592873159788488,329.1
197784,975,2.0,165,0.822,0.008847098376247146,329.5
197873,976,0.0,89,0.8219,0.006721041366373273,329.6
198527,977,26.0,654,0.8213,0.008410640197314688,331.0
198708,978,4.0,181,0.8212,0.007587226211478043,331.3
198805,979,0.0,97,0.8211,0.007943137248124307,331.5
198955,980,2.0,150,0.8209,0.008465202059596777,331.9
199223,981,6.0,268,0.8207,0.00781952341889907,332.4
199609,982,11.0,386,0.8204,0.00949919604715536,333.1
199710,983,1.0,101,0.8203,0.009513840363360941,333.3
199835,984,3.0,125,0.8201,0.009171143805067386,333.6
199998,985,3.0,163,0.82,0.008713634119641671,333.9
200201,986,6.0,203,0.8198,0.008576255173002388,334.4
200314,987,2.0,113,0.8197,0.01112848726500358,334.6
200508,988,4.0,194,0.8195,0.011551085244198995,335.0
200612,989,0.0,104,0.8194,0.009405939338298945,335.2
200773,990,5.0,161,0.8193,0.008269452708191238,335.5
201200,991,13.0,427,0.8189,0.008479134809600067,336.3
201683,992,8.0,483,0.8185,0.009737911007444684,337.3
201859,993,4.0,176,0.8183,0.009075076112904671,337.6
202049,994,7.0,190,0.8182,0.008502263085877834,338.0
202373,995,9.0,324,0.8179,0.009751626613756849,338.6
202510,996,2.0,137,0.8177,0.007144929714473512,338.9
202999,997,13.0,489,0.8173,0.007532539573253789,339.8
203149,998,3.0,150,0.8172,0.008624642974035325,340.1
203300,999,4.0,151,0.817,0.009768637479282916,340.4
203390,1000,1.0,90,0.8169,0.006104789616074413,340.6
203579,1001,6.0,189,0.8168,0.006531798503698504,341.0
203776,1002,8.0,197,0.8166,0.007105713917408139,341.4
203938,1003,3.0,162,0.8165,0.0129615700308932,341.8
204368,1004,9.0,430,0.8161,0.009088431259712067,342.8
204575,1005,9.0,207,0.8159,0.009549849410997886,343.3
204664,1006,1.0,89,0.8158,0.007776942139531931,343.5
204751,1007,1.0,87,0.8157,0.00869490396940992,343.7
204956,1008,5.0,205,0.8155,0.009262980430951128,344.2
205125,1009,6.0,169,0.8154,0.011010354373692757,344.5
205473,1010,9.0,348,0.8151,0.009232199683935306,345.2
206011,1011,11.0,538,0.8146,0.008812007284028206,346.3
206196,1012,6.0,185,0.8144,0.010464317583914926,346.7
206285,1013,0.0,89,0.8143,0.011009153285571798,346.9
206605,1014,7.0,320,0.8141,0.01057354993536137,347.6
206805,1015,6.0,200,0.8139,0.008809621515683829,348.0
206957,1016,3.0,152,0.8137,0.007986079907583954,348.3
207129,1017,3.0,172,0.8136,0.008525867216819681,348.7
207969,1018,14.0,840,0.8128,0.008207098338642114,350.3
208254,1019,9.0,285,0.8126,0.009289395326459912,350.9
208345,1020,0.0,91,0.8125,0.012658300920915992,351.2
208508,1021,0.0,163,0.8123,0.009866919152711222,351.5
208691,1022,7.0,183,0.8122,0.0077699015136911635,351.9
208816,1023,5.0,125,0.8121,0.009560934580804314,352.1
208987,1024,2.0,171,0.8119,0.009068497728245953,352.4
209178,1025,4.0,191,0.8117,0.010477155604651974,352.8
209461,1026,4.0,283,0.8115,0.007731446040413854,353.4
209550,1027,0.0,89,0.8114,0.00949490915412422,353.6
210018,1028,11.0,468,0.811,0.00956933116281612,354.6
210136,1029,0.0,118,0.8109,0.009136773321855193,354.8
210315,1030,6.0,179,0.8107,0.012453510277819905,355.2
210453,1031,2.0,138,0.8106,0.006651492855910744,355.5
210600,1032,2.0,147,0.8105,0.007886060066772876,355.8
210800,1033,7.0,200,0.8103,0.011046897924970836,356.2
211134,1034,10.0,334,0.81,0.008768526119101479,356.8
211281,1035,3.0,147,0.8098,0.011288888557386157,357.1
211438,1036,1.0,157,0.8097,0.00796152740263213,357.4
211592,1037,4.0,154,0.8096,0.01017184724780516,357.7
211834,1038,10.0,242,0.8093,0.008054259954951704,358.2
212148,1039,9.0,314,0.8091,0.009780773586487468,358.9
212488,1040,15.0,340,0.8088,0.009388228946858469,359.5
212665,1041,6.0,177,0.8086,0.010683230542450805,359.9
212872,1042,5.0,207,0.8084,0.010131615048381858,360.3
213013,1043,4.0,141,0.8083,0.008952297942180719,360.6
213141,1044,1.0,128,0.8082,0.009711110098578501,360.8
213314,1045,6.0,173,0.808,0.009650352638388095,361.2
213489,1046,3.0,175,0.8079,0.00883328545817428,361.5
213635,1047,4.0,146,0.8077,0.01168349722865969,361.8
213841,1048,7.0,206,0.8075,0.008342886278674437,362.2
214017,1049,5.0,176,0.8074,0.00872155827131461,362.5
214298,1050,8.0,281,0.8071,0.008788641274441034,363.1
214493,1051,5.0,195,0.807,0.008869587867853366,363.5
214651,1052,4.0,158,0.8068,0.008183376439727651,363.8
214805,1053,4.0,154,0.8067,0.009744523275189865,364.1
215185,1054,5.0,380,0.8063,0.00865496546704028,364.9
215333,1055,3.0,148,0.8062,0.008402981279367531,365.2
215516,1056,7.0,183,0.806,0.009778815336808886,365.6
215601,1057,0.0,85,0.806,0.009310339987721471,365.8
216012,1058,14.0,411,0.8056,0.008691276892685123,366.6
216167,1059,2.0,155,0.8054,0.010608324441004936,366.9
216324,1060,4.0,157,0.8053,0.010895357074332424,367.2
216517,1061,5.0,193,0.8051,0.009029990513226949,367.6
216711,1062,2.0,194,0.805,0.008324170633083364,368.0
216798,1063,0.0,87,0.8049,0.007824300322681665,368.2
216985,1064,6.0,187,0.8047,0.0087595882458969,368.6
217142,1065,4.0,157,0.8046,0.008858849855665213,368.9
217289,1066,4.0,147,0.8044,0.010049096201672344,369.2
217479,1067,8.0,190,0.8043,0.007359014977601931,369.6
217648,1068,0.0,169,0.8041,0.01034781235530106,370.0
217820,1069,4.0,172,0.804,0.008290600570373584,370.3
218020,1070,7.0,200,0.8038,0.00993956923717633,370.8
218184,1071,2.0,164,0.8036,0.007498500959538832,371.1
218372,1072,5.0,188,0.8035,0.007750732757329465,371.5
218515,1073,4.0,143,0.8033,0.010863785553790096,371.7
218908,1074,9.0,393,0.803,0.009870497433402849,372.5
219032,1075,1.0,124,0.8029,0.008671160757301314,372.7
219438,1076,13.0,406,0.8025,0.010118993950113285,373.5
219601,1077,4.0,163,0.8024,0.008395184518587662,373.9
219841,1078,8.0,240,0.8021,0.0072810840094462035,374.3
219957,1079,1.0,116,0.802,0.007422506431888403,374.6
220062,1080,2.0,105,0.8019,0.009093712516075287,374.8
220206,1081,4.0,144,0.8018,0.00961229286622256,375.1
220359,1082,6.0,153,0.8017,0.009090262820552053,375.4
220503,1083,0.0,144,0.8015,0.010597745150638124,375.8
220681,1084,2.0,178,0.8014,0.010628453148011531,376.1
220798,1085,4.0,117,0.8013,0.008650795783414024,376.4
220991,1086,8.0,193,0.8011,0.00859729352184028,376.8
221205,1087,5.0,214,0.8009,0.009956092767727872,377.3
221365,1088,3.0,160,0.8008,0.008480096136918292,377.6
221514,1089,4.0,149,0.8006,0.009468125380777024,377.9
221605,1090,0.0,91,0.8006,0.009105339008585914,378.1
221747,1091,3.0,142,0.8004,0.01129105499879058,378.4
221885,1092,5.0,138,0.8003,0.010997790098190307,378.6
221999,1093,1.0,114,0.8002,0.008556727444686527,378.9
222394,1094,12.0,395,0.7998,0.00997343005123313,379.7
222565,1095,3.0,171,0.7997,0.01046621077964732,380.0
222746,1096,7.0,181,0.7995,0.00882700821902189,380.4
222970,1097,5.0,224,0.7993,0.008433602527864943,380.9
223151,1098,7.0,181,0.7992,0.010077933511800237,381.4
223333,1099,5.0,182,0.799,0.011133816923298265,381.8
223518,1100,6.0,185,0.7988,0.008892692926683989,382.2
223705,1101,3.0,187,0.7987,0.009567598628989876,382.6
223859,1102,6.0,154,0.7985,0.008678094964891084,382.9
223976,1103,0.0,117,0.7984,0.009237858202929298,383.2
224174,1104,2.0,198,0.7982,0.008191760878876917,383.6
224328,1105,2.0,154,0.7981,0.011438374353859287,383.8
224524,1106,5.0,196,0.7979,0.011350151251203247,384.2
224708,1107,5.0,184,0.7978,0.011557207432697001,384.6
224922,1108,4.0,214,0.7976,0.010528429283953781,385.0
225302,1109,10.0,380,0.7972,0.008544514388287145,385.8
225472,1110,5.0,170,0.7971,0.011442768057201838,386.1
225630,1111,6.0,158,0.7969,0.01000053121541173,386.5
226271,1112,17.0,641,0.7964,0.009668008137668948,387.7
226426,1113,3.0,155,0.7962,0.009094804922381464,388.1
226633,1114,6.0,207,0.796,0.00829795530388275,388.5
226776,1115,3.0,143,0.7959,0.009107590413704101,388.7
226927,1116,5.0,151,0.7958,0.010408204652973124,389.1
227117,1117,6.0,190,0.7956,0.007926688631414436,389.4
227325,1118,7.0,208,0.7954,0.007680951337813615,389.9
227526,1119,7.0,201,0.7952,0.011820796146057546,390.2
227699,1120,5.0,173,0.7951,0.008844172213832999,390.6
227903,1121,5.0,204,0.7949,0.01131239936312697,391.0
228074,1122,6.0,171,0.7947,0.008587440927946118,391.3
228255,1123,7.0,181,0.7946,0.009611880854289564,391.6
228430,1124,5.0,175,0.7944,0.009943086278243836,392.0
228581,1125,2.0,151,0.7943,0.009946129416532227,392.3
228769,1126,5.0,188,0.7941,0.00871877888455353,392.7
229331,1127,18.0,562,0.7936,0.008528642392151856,393.8
229511,1128,5.0,180,0.7934,0.0066655035803301465,394.1
229715,1129,6.0,204,0.7933,0.009962271889854296,394.5
229853,1130,1.0,138,0.7931,0.009860174344586475,394.8
230010,1131,5.0,157,0.793,0.009874902119358571,395.1
230190,1132,6.0,180,0.7928,0.008209142849470179,395.5
230410,1133,8.0,220,0.7926,0.009634418281811205,396.0
230645,1134,4.0,235,0.7924,0.010642419506053803,396.4
230790,1135,2.0,145,0.7923,0.01177881731160192,396.7
230988,1136,9.0,198,0.7921,0.01095982053782791,397.1
231101,1137,2.0,113,0.792,0.009626406257406675,397.3
231275,1138,6.0,174,0.7919,0.010436612230097486,397.7
231491,1139,6.0,216,0.7917,0.011336592062704128,398.1
231714,1140,10.0,223,0.7915,0.011284493467038763,398.5
231902,1141,7.0,188,0.7913,0.014447514547352144,398.9
232094,1142,6.0,192,0.7911,0.012700693531466337,399.3
232232,1143,3.0,138,0.791,0.010493315739690192,399.5
232430,1144,5.0,198,0.7908,0.011546801737680728,399.9
232608,1145,4.0,178,0.7907,0.010766033243594899,400.3
232786,1146,4.0,178,0.7905,0.009574474830349738,400.6
232996,1147,4.0,210,0.7903,0.010412358474601412,401.0
233166,1148,4.0,170,0.7902,0.009069502470083535,401.4
233447,1149,7.0,281,0.7899,0.010228347721775728,401.9
233606,1150,5.0,159,0.7898,0.010234184883302078,402.3
233814,1151,8.0,208,0.7896,0.009572034797971495,402.7
233997,1152,8.0,183,0.7894,0.009035486839306743,403.1
234143,1153,5.0,146,0.7893,0.012864277478204005,403.4
234332,1154,2.0,189,0.7891,0.011826254631159827,403.8
234475,1155,4.0,143,0.789,0.010429159036305334,404.1
234629,1156,5.0,154,0.7888,0.010641344416982088,404.5
234816,1157,6.0,187,0.7887,0.011112806798414664,405.0
235420,1158,14.0,604,0.7881,0.009753210778465334,406.7
235510,1159,1.0,90,0.788,0.01065906520340253,406.9
235726,1160,5.0,216,0.7878,0.01002797112731194,407.3
235922,1161,7.0,196,0.7877,0.009672010469497467,407.7
236505,1162,16.0,583,0.7871,0.008602968951342755,408.8
236663,1163,4.0,158,0.787,0.013480287487021623,409.1
236872,1164,4.0,209,0.7868,0.010430845289209963,409.5
237034,1165,1.0,162,0.7867,0.010662015405250714,409.8
237177,1166,4.0,143,0.7865,0.01105625026523032,410.1
237883,1167,14.0,706,0.7859,0.010487189788942818,411.5
238110,1168,3.0,227,0.7857,0.011007125038049069,412.0
238385,1169,9.0,275,0.7855,0.01159663450823206,412.5
238530,1170,0.0,145,0.7853,0.007817136789930778,412.8
238717,1171,6.0,187,0.7852,0.010168520095906755,413.2
238874,1172,3.0,157,0.785,0.008828607698281607,413.5
239093,1173,9.0,219,0.7848,0.013194151984697039,413.9
239268,1174,3.0,175,0.7847,0.00892587763320824,414.3
239464,1175,6.0,196,0.7845,0.008387172276306212,414.6
239626,1176,5.0,162,0.7843,0.010604771063663065,414.9
239798,1177,4.0,172,0.7842,0.009827698867898001,415.3
239972,1178,6.0,174,0.784,0.009122481260088865,415.6
240409,1179,9.0,437,0.7836,0.011059047452413366,416.5
240562,1180,4.0,153,0.7835,0.010722948832584447,416.8
240778,1181,5.0,216,0.7833,0.011068992521527602,417.2
240957,1182,6.0,179,0.7831,0.010197059551460875,417.6
241154,1183,6.0,197,0.783,0.008311775650791064,418.0
241390,1184,3.0,236,0.7827,0.009877652796064267,418.5
241559,1185,5.0,169,0.7826,0.01056988859948303,418.8
241704,1186,3.0,145,0.7825,0.010288694873452187,419.2
241848,1187,2.0,144,0.7823,0.012074627535184845,419.5
241998,1188,4.0,150,0.7822,0.010805543115664576,419.8
242169,1189,4.0,171,0.782,0.008557934097425883,420.2
242332,1190,7.0,163,0.7819,0.011757000122310185,420.6
242519,1191,6.0,187,0.7817,0.008663200267145166,421.0
242708,1192,6.0,189,0.7816,0.012009522290706324,421.4
242896,1193,7.0,188,0.7814,0.009965844712457917,421.8
243113,1194,6.0,217,0.7812,0.010495740721968037,422.2
243526,1195,8.0,413,0.7808,0.010666666706137865,423.1
243729,1196,6.0,203,0.7806,0.010215264932234205,423.5
243895,1197,4.0,166,0.7805,0.01013487108937669,423.9
244466,1198,13.0,571,0.78,0.009782873734773195,425.1
244625,1199,3.0,159,0.7798,0.009877819364191964,425.4
244840,1200,4.0,215,0.7796,0.011396818207921806,425.9
245031,1201,6.0,191,0.7795,0.011554239649682286,426.3
245243,1202,4.0,212,0.7793,0.011868862228749215,426.7
245425,1203,5.0,182,0.7791,0.008084112429060042,427.1
245576,1204,5.0,151,0.779,0.010915461749965815,427.5
245758,1205,8.0,182,0.7788,0.009096474076310793,427.9
246318,1206,14.0,560,0.7783,0.010428674094146117,429.1
246499,1207,4.0,181,0.7782,0.010533846428410874,429.5
246818,1208,8.0,319,0.7779,0.010304780887963716,430.2
246987,1209,4.0,169,0.7777,0.009579813867319553,430.6
247164,1210,6.0,177,0.7776,0.009340013990489145,430.9
247481,1211,7.0,317,0.7773,0.010672490890550463,431.7
247768,1212,11.0,287,0.777,0.008189412123303756,432.4
247964,1213,6.0,196,0.7768,0.00932537404136086,432.8
248229,1214,5.0,265,0.7766,0.008958374546967785,433.4
248540,1215,9.0,311,0.7763,0.01099315096433155,434.1
248732,1216,4.0,192,0.7761,0.008036296882589037,434.4
249109,1217,11.0,377,0.7758,0.008610141661731487,435.3
249346,1218,4.0,237,0.7756,0.00978641336689056,435.7
249526,1219,5.0,180,0.7754,0.00923678227700293,436.2
249815,1220,8.0,289,0.7752,0.008296543687012874,436.8
250815,1221,29.0,1000,0.7743,0.010082302982918918,439.0
251115,1222,11.0,300,0.774,0.010470390773067871,439.7
251297,1223,7.0,182,0.7738,0.009992884765581592,440.1
251437,1224,3.0,140,0.7737,0.01028030043068741,440.5
251618,1225,6.0,181,0.7735,0.01052208847573234,440.9
251795,1226,3.0,177,0.7734,0.010340815171895718,441.3
251915,1227,2.0,120,0.7733,0.00805421454521517,441.5
252282,1228,11.0,367,0.7729,0.011702491481707471,442.3
252550,1229,7.0,268,0.7727,0.011839250281606036,442.9
252729,1230,6.0,179,0.7725,0.010544331852967541,443.3
252914,1231,5.0,185,0.7724,0.009856963353029088,443.7
253109,1232,5.0,195,0.7722,0.008391670972983144,444.1
253344,1233,7.0,235,0.772,0.01062030183009298,444.7
253532,1234,6.0,188,0.7718,0.011966110390432655,445.1
253754,1235,4.0,222,0.7716,0.009451752484098755,445.5
254189,1236,11.0,435,0.7712,0.009003916900570787,446.5
254384,1237,7.0,195,0.7711,0.008810628822063836,447.0
254534,1238,1.0,150,0.7709,0.008170685447702134,447.3
254695,1239,2.0,161,0.7708,0.009418775796075352,447.6
254957,1240,6.0,262,0.7705,0.00853401096890483,448.2
255363,1241,12.0,406,0.7702,0.00933922200906321,449.0
255569,1242,4.0,206,0.77,0.009800145093602343,449.4
255938,1243,10.0,369,0.7697,0.010108615734877632,450.3
256019,1244,0.0,81,0.7696,0.01154406787827611,450.5
256198,1245,5.0,179,0.7694,0.007436192306017296,450.8
256497,1246,9.0,299,0.7692,0.010525263437690835,451.4
256662,1247,7.0,165,0.769,0.010553222274544036,451.8
256803,1248,3.0,141,0.7689,0.010257201581927283,452.0
257018,1249,6.0,215,0.7687,0.009533863678505575,452.4
257387,1250,7.0,369,0.7684,0.009937012544073894,453.1
257567,1251,6.0,180,0.7682,0.010463999511881008,453.5
257714,1252,4.0,147,0.7681,0.009773087653180433,453.8
257918,1253,10.0,204,0.7679,0.00901363956212413,454.2
258412,1254,13.0,494,0.7674,0.008666092154359626,455.2
258585,1255,6.0,173,0.7673,0.01130529898922717,455.5
258859,1256,8.0,274,0.767,0.009733658170957556,456.1
259049,1257,7.0,190,0.7669,0.007971624669153243,456.5
259317,1258,11.0,268,0.7666,0.009436465613891496,457.0
259499,1259,7.0,182,0.7665,0.008815835442187057,457.4
260050,1260,17.0,551,0.766,0.01073771433025747,458.4
260273,1261,9.0,223,0.7658,0.009053109903886383,458.9
260417,1262,4.0,144,0.7656,0.011149032545896867,459.2
260548,1263,3.0,131,0.7655,0.008465603057464416,459.5
260694,1264,4.0,146,0.7654,0.01242575618541903,459.8
261010,1265,11.0,316,0.7651,0.009559453465044498,460.3
261177,1266,3.0,167,0.7649,0.01131205582836022,460.7
261375,1267,6.0,198,0.7648,0.012317607673455258,461.1
261802,1268,14.0,427,0.7644,0.01013002655834447,461.9
262024,1269,6.0,222,0.7642,0.009515545156318694,462.3
262214,1270,5.0,190,0.764,0.007964722856760342,462.7
262510,1271,9.0,296,0.7637,0.008443887521689003,463.3
262674,1272,5.0,164,0.7636,0.010246562402377405,463.7
262817,1273,2.0,143,0.7635,0.010548620730535023,464.0
262968,1274,3.0,151,0.7633,0.010265219331669965,464.3
263143,1275,3.0,175,0.7632,0.010822087196026777,464.7
263447,1276,8.0,304,0.7629,0.008414197403717003,465.3
263631,1277,7.0,184,0.7627,0.010633787008650277,465.7
263823,1278,7.0,192,0.7626,0.01046451673998187,466.1
263994,1279,6.0,171,0.7624,0.009522594338239626,466.4
264153,1280,5.0,159,0.7623,0.01103663140675053,466.8
264349,1281,6.0,196,0.7621,0.010158764264945472,467.2
264642,1282,10.0,293,0.7618,0.009114669849585793,467.8
264819,1283,6.0,177,0.7617,0.010568354157095944,468.1
264979,1284,2.0,160,0.7615,0.009513177955523134,468.5
265279,1285,8.0,300,0.7612,0.00945785103365779,469.1
265459,1286,6.0,180,0.7611,0.00914718598489546,469.4
265611,1287,4.0,152,0.761,0.011894380422554127,469.7
265769,1288,5.0,158,0.7608,0.010730648634489626,470.1
265963,1289,5.0,194,0.7606,0.009805969304579776,470.4
266159,1290,6.0,196,0.7605,0.011445206338159588,470.9
266250,1291,1.0,91,0.7604,0.009400046015482234,471.0
266541,1292,7.0,291,0.7601,0.011204837744876947,471.6
266681,1293,1.0,140,0.76,0.009179448841937951,471.9
266924,1294,8.0,243,0.7598,0.009941993895765455,472.5
267083,1295,6.0,159,0.7596,0.008641394795491718,472.8
267241,1296,4.0,158,0.7595,0.011600572415045463,473.1
267426,1297,5.0,185,0.7593,0.008145201809542335,473.5
267596,1298,6.0,170,0.7592,0.009178240469461956,473.9
267782,1299,6.0,186,0.759,0.009112549682512232,474.2
267932,1300,5.0,150,0.7589,0.010116355876609879,474.6
268079,1301,3.0,147,0.7587,0.011078143265977915,474.9
268310,1302,6.0,231,0.7585,0.009457052841878914,475.3
268399,1303,1.0,89,0.7584,0.008907586854713207,475.5
268674,1304,8.0,275,0.7582,0.008141018976659878,476.1
268968,1305,10.0,294,0.7579,0.010112309825254252,476.7
269339,1306,9.0,371,0.7576,0.009655137602037386,477.4
269507,1307,6.0,168,0.7574,0.008876227003167429,477.8
269685,1308,4.0,178,0.7573,0.009658845560625195,478.2
269887,1309,8.0,202,0.7571,0.009363652602769435,478.6
270040,1310,4.0,153,0.757,0.009461589503842287,478.9
270159,1311,0.0,119,0.7569,0.007350845366780614,479.2
270556,1312,8.0,397,0.7565,0.010561002362519502,480.0
270712,1313,5.0,156,0.7564,0.013963521291048098,480.3
270880,1314,6.0,168,0.7562,0.01045394251455686,480.7
271092,1315,5.0,212,0.756,0.009757465199690382,481.1
271274,1316,6.0,182,0.7559,0.007541782036423683,481.5
271678,1317,12.0,404,0.7555,0.010948422893946345,482.4
271845,1318,6.0,167,0.7553,0.011215138969765533,482.7
272003,1319,5.0,158,0.7552,0.009969421077328615,483.1
272161,1320,6.0,158,0.7551,0.009805857637547887,483.4
272362,1321,6.0,201,0.7549,0.010769364507868886,483.8
272619,1322,4.0,257,0.7546,0.010709670095820911,484.4
272902,1323,8.0,283,0.7544,0.009802139062486904,485.0
273092,1324,8.0,190,0.7542,0.00958808783616405,485.4
273524,1325,10.0,432,0.7538,0.011047874606447294,486.4
273806,1326,9.0,282,0.7536,0.009912777416008925,487.0
273958,1327,6.0,152,0.7534,0.011144177375459358,487.3
274115,1328,3.0,157,0.7533,0.009753379923028823,487.7
274279,1329,6.0,164,0.7531,0.008364854008527246,488.1
274430,1330,4.0,151,0.753,0.01177437741946625,488.5
274615,1331,6.0,185,0.7528,0.009586400241064637,489.0
274771,1332,5.0,156,0.7527,0.011905069570415296,489.3
274926,1333,5.0,155,0.7526,0.011497097334657341,489.7
275209,1334,7.0,283,0.7523,0.011174186352561687,490.3
275349,1335,5.0,140,0.7522,0.009652981368292655,490.6
275687,1336,7.0,338,0.7519,0.008301636446655417,491.4
275913,1337,5.0,226,0.7517,0.012325397247383208,491.8
276056,1338,2.0,143,0.7515,0.008568252824867765,492.2
276273,1339,9.0,217,0.7514,0.010835873247641657,492.7
276416,1340,5.0,143,0.7512,0.011525664025814168,493.0
276591,1341,6.0,175,0.7511,0.009955053374734383,493.4
276974,1342,11.0,383,0.7507,0.009814402414728344,494.2
277148,1343,4.0,174,0.7506,0.011089830251876265,494.6
277307,1344,3.0,159,0.7504,0.008708069387536783,494.9
277498,1345,7.0,191,0.7503,0.011241899779027639,495.4
278130,1346,20.0,632,0.7497,0.010416522546954264,496.7
278340,1347,8.0,210,0.7495,0.010566106993037293,497.2
278528,1348,6.0,188,0.7493,0.01031420912910649,497.6
278739,1349,7.0,211,0.7491,0.011781956494535105,498.1
278883,1350,5.0,144,0.749,0.009585595405143168,498.4
278973,1351,1.0,90,0.7489,0.0110984499991426,498.6
279343,1352,9.0,370,0.7486,0.009269881133071107,499.4
279496,1353,5.0,153,0.7485,0.00909614645374509,499.8
279652,1354,4.0,156,0.7483,0.009608631625246162,500.1
279833,1355,5.0,181,0.7482,0.008654886365143789,500.5
280293,1356,10.0,460,0.7477,0.009144359942444641,501.5
280434,1357,3.0,141,0.7476,0.009895055122407419,501.8
280729,1358,8.0,295,0.7473,0.010633839001702899,502.5
280960,1359,6.0,231,0.7471,0.010978922777777088,503.0
281403,1360,11.0,443,0.7467,0.01116506906056946,503.9
281603,1361,7.0,200,0.7466,0.01091843835543841,504.3
281785,1362,3.0,182,0.7464,0.011018255447118503,504.6
282217,1363,13.0,432,0.746,0.010062766446800972,505.6
282411,1364,7.0,194,0.7458,0.010762178882335624,506.0
282579,1365,4.0,168,0.7457,0.008753744807715217,506.3
282735,1366,4.0,156,0.7455,0.009976577306261811,506.7
282963,1367,6.0,228,0.7453,0.010418344415691599,507.1
283122,1368,3.0,159,0.7452,0.014238314324757084,507.5
283337,1369,5.0,215,0.745,0.010106983672206601,507.9
283660,1370,7.0,323,0.7447,0.010502784967100547,508.6
283867,1371,6.0,207,0.7445,0.010593932532869717,509.0
284039,1372,5.0,172,0.7444,0.010783258506075241,509.3
284145,1373,1.0,106,0.7443,0.009501097706594953,509.5
284297,1374,5.0,152,0.7441,0.00859162006159558,509.8
284500,1375,6.0,203,0.744,0.010578781373196226,510.2
284694,1376,8.0,194,0.7438,0.008519979329624524,510.6
284891,1377,5.0,197,0.7436,0.008316025615441707,511.0
285352,1378,9.0,461,0.7432,0.009226239703852555,511.9
285663,1379,7.0,311,0.7429,0.008125808076364557,512.5
285853,1380,7.0,190,0.7427,0.010296787239591746,512.9
286008,1381,5.0,155,0.7426,0.009525002243045049,513.2
286167,1382,5.0,159,0.7424,0.007975567227754837,513.6
286463,1383,6.0,296,0.7422,0.011223211679985193,514.2
286732,1384,9.0,269,0.7419,0.010020745079279603,514.7
287021,1385,10.0,289,0.7417,0.011392403379431926,515.3
287438,1386,12.0,417,0.7413,0.009192936566810554,516.1
287710,1387,6.0,272,0.7411,0.009272164185805357,516.6
287865,1388,5.0,155,0.7409,0.007711494425072884,516.9
288220,1389,8.0,355,0.7406,0.00973081012554676,517.7
288368,1390,2.0,148,0.7405,0.011643554691250462,518.0
288669,1391,7.0,301,0.7402,0.009694250579923392,518.6
288877,1392,8.0,208,0.74,0.010941052397426505,519.0
289187,1393,6.0,310,0.7397,0.008450720132655137,519.6
289507,1394,10.0,320,0.7394,0.00999323652649764,520.4
289681,1395,8.0,174,0.7393,0.010324835988946936,520.7
290085,1396,9.0,404,0.7389,0.009365467786890371,521.6
290585,1397,13.0,500,0.7385,0.0108929821876809,522.7
290877,1398,10.0,292,0.7382,0.010079439767725663,523.4
291027,1399,4.0,150,0.7381,0.012241433701805166,523.7
291216,1400,5.0,189,0.7379,0.010529050773281293,524.1
291362,1401,5.0,146,0.7378,0.012153444837571846,524.4
291509,1402,5.0,147,0.7376,0.010380629871695026,524.7
291766,1403,8.0,257,0.7374,0.011579745729250135,525.7
291947,1404,8.0,181,0.7372,0.00891698048863974,526.5
292144,1405,6.0,197,0.7371,0.011233699303120374,527.5
292493,1406,8.0,349,0.7368,0.010794870582162991,528.7
292717,1407,10.0,224,0.7366,0.009951699651927421,529.4
293011,1408,11.0,294,0.7363,0.01017208110974872,530.6
293227,1409,7.0,216,0.7361,0.009302014053833706,531.4
293369,1410,4.0,142,0.736,0.011226409283052716,531.9
293563,1411,8.0,194,0.7358,0.010812736936107589,532.5
293746,1412,6.0,183,0.7356,0.010833115848388685,533.1
294020,1413,10.0,274,0.7354,0.010111044425908745,533.9
294165,1414,3.0,145,0.7353,0.00936364934184692,534.4
294353,1415,7.0,188,0.7351,0.011873488054373004,535.0
294552,1416,5.0,199,0.7349,0.010796357416547836,535.6
294773,1417,8.0,221,0.7347,0.010978617777370595,536.2
294973,1418,7.0,200,0.7345,0.00925998825347051,536.7
295119,1419,3.0,146,0.7344,0.012169743487094011,537.1
295458,1420,7.0,339,0.7341,0.010900812355034492,538.0
295608,1421,5.0,150,0.734,0.009589760760335546,538.5
295799,1422,7.0,191,0.7338,0.008405455422805661,539.0
296004,1423,4.0,205,0.7336,0.011550567748669822,539.6
296251,1424,6.0,247,0.7334,0.010387542680455525,540.3
296456,1425,8.0,205,0.7332,0.010425323045078235,540.9
296749,1426,9.0,293,0.7329,0.010198428174353217,541.7
296876,1427,4.0,127,0.7328,0.00977497013809625,542.1
297162,1428,8.0,286,0.7326,0.00993700171525682,542.9
297313,1429,0.0,151,0.7324,0.010485658765231309,543.3
297650,1430,8.0,337,0.7321,0.00859311310618761,544.4
297827,1431,7.0,177,0.732,0.010308978036681021,544.9
298017,1432,5.0,190,0.7318,0.009162777882011142,545.5
298167,1433,3.0,150,0.7316,0.010793284091444031,545.8
298315,1434,5.0,148,0.7315,0.01124312762624106,546.3
298454,1435,3.0,139,0.7314,0.008512940410790698,546.7
298658,1436,7.0,204,0.7312,0.010408369974945398,547.3
298849,1437,8.0,191,0.731,0.010776509191297615,547.8
299027,1438,6.0,178,0.7309,0.009629503003617918,548.3
299307,1439,11.0,280,0.7306,0.011237266880925745,549.1
299480,1440,3.0,173,0.7305,0.009839127718640322,549.5
299681,1441,8.0,201,0.7303,0.008954972573556007,550.1
299851,1442,2.0,170,0.7301,0.009620840711119984,550.5
299981,1443,4.0,130,0.73,0.010764592362454894,550.8
300358,1444,15.0,377,0.7297,0.010627437350736495,551.8
300532,1445,6.0,174,0.7295,0.0114483961105262,552.3
300817,1446,9.0,285,0.7293,0.009539615002159081,553.0
301027,1447,7.0,210,0.7291,0.0120934557232361,553.6
301197,1448,8.0,170,0.7289,0.009524128042421368,554.0
301392,1449,9.0,195,0.7287,0.01122151503377423,554.6
301576,1450,5.0,184,0.7286,0.009439063926591822,555.0
301819,1451,5.0,243,0.7284,0.009311007205784943,555.7
301997,1452,5.0,178,0.7282,0.009760252704533437,556.3
302194,1453,5.0,197,0.728,0.009939395337916759,556.9
302354,1454,7.0,160,0.7279,0.008536605007248,557.3
302524,1455,4.0,170,0.7277,0.008851927336911822,557.8
302720,1456,9.0,196,0.7276,0.009542663814499974,558.3
303043,1457,11.0,323,0.7273,0.010682950372574851,559.2
303251,1458,6.0,208,0.7271,0.010206712544179307,559.7
303431,1459,4.0,180,0.7269,0.011600069727541672,560.2
303799,1460,9.0,368,0.7266,0.009738868755369407,561.2
303965,1461,7.0,166,0.7264,0.008813199049438395,561.6
304211,1462,8.0,246,0.7262,0.008550165721108435,562.3
304346,1463,4.0,135,0.7261,0.009611185030628215,562.6
304645,1464,9.0,299,0.7258,0.010301388421406349,563.4
304847,1465,7.0,202,0.7256,0.008778355778194963,563.8
305263,1466,13.0,416,0.7253,0.009362555471642945,564.9
305412,1467,4.0,149,0.7251,0.00911408909106333,565.3
305513,1468,1.0,101,0.725,0.009960702601820231,565.5
305679,1469,7.0,166,0.7249,0.008510660862822721,566.0
305840,1470,4.0,161,0.7247,0.008503903137951544,566.4
306003,1471,6.0,163,0.7246,0.008864014316350222,566.8
306312,1472,9.0,309,0.7243,0.009932348755403208,567.7
306470,1473,3.0,158,0.7242,0.009457181201865658,568.2
306670,1474,7.0,200,0.724,0.009517231010831892,568.7
306911,1475,8.0,241,0.7238,0.01127639797826608,569.4
307173,1476,11.0,262,0.7235,0.010215747078429118,570.0
307381,1477,8.0,208,0.7234,0.010876211937731849,570.6
307577,1478,8.0,196,0.7232,0.008959173429187159,571.1
307739,1479,5.0,162,0.723,0.008919413201510906,571.6
307974,1480,10.0,235,0.7228,0.008863796626012457,572.2
308271,1481,10.0,297,0.7226,0.008655726447122524,573.0
308406,1482,3.0,135,0.7224,0.006982368492411778,573.3
308964,1483,11.0,558,0.7219,0.010641027498058975,574.8
309254,1484,9.0,290,0.7217,0.00891079594212998,575.6
309407,1485,4.0,153,0.7215,0.010069355864911094,576.0
309631,1486,9.0,224,0.7213,0.008052757870505698,576.5
309820,1487,9.0,189,0.7212,0.01007994198880624,577.0
309998,1488,8.0,178,0.721,0.009248176044572821,577.5
310087,1489,1.0,89,0.7209,0.010950716011310842,577.7
310252,1490,4.0,165,0.7208,0.010871068208611437,578.2
310614,1491,10.0,362,0.7204,0.010228480758248932,579.2
310875,1492,10.0,261,0.7202,0.009328331916521375,579.9
311023,1493,6.0,148,0.7201,0.010462057053086322,580.3
311203,1494,8.0,180,0.7199,0.01088108396054142,580.7
311414,1495,7.0,211,0.7197,0.010685400540922891,581.3
311642,1496,9.0,228,0.7195,0.009430554507529004,581.9
311826,1497,8.0,184,0.7194,0.009894290220235353,582.4
312009,1498,7.0,183,0.7192,0.012525507653860943,582.8
312217,1499,8.0,208,0.719,0.009566673117940528,583.3
312387,1500,6.0,170,0.7189,0.010698748525187728,583.8
312679,1501,8.0,292,0.7186,0.0108195379940946,584.6
312801,1502,2.0,122,0.7185,0.01033525551188617,584.9
312958,1503,4.0,157,0.7183,0.008795984047584427,585.4
313098,1504,3.0,140,0.7182,0.0102840285216059,585.8
313247,1505,5.0,149,0.7181,0.00880418171967707,586.2
313394,1506,4.0,147,0.7179,0.010015496933782423,586.6
313982,1507,18.0,588,0.7174,0.011184582634841655,588.2
314421,1508,18.0,439,0.717,0.011546315702567384,589.4
314656,1509,5.0,235,0.7168,0.009543800479890304,590.1
315095,1510,14.0,439,0.7164,0.010297514470465003,591.3
315516,1511,11.0,421,0.716,0.010064665443386953,592.4
315691,1512,7.0,175,0.7159,0.010314480940334846,592.9
316003,1513,16.0,312,0.7156,0.008693581960426692,593.6
316172,1514,8.0,169,0.7154,0.010826598230186243,594.1
316324,1515,2.0,152,0.7153,0.00781962601467967,594.5
316508,1516,5.0,184,0.7151,0.011940088644421296,595.0
316754,1517,9.0,246,0.7149,0.009576434074885776,595.6
316905,1518,2.0,151,0.7148,0.010536252588376795,596.0
317577,1519,19.0,672,0.7142,0.010339751446043096,597.8
317898,1520,9.0,321,0.7139,0.010038014539168217,598.6
318055,1521,3.0,157,0.7138,0.008427356029502474,599.1
318327,1522,8.0,272,0.7135,0.010424151867696577,599.8
318482,1523,4.0,155,0.7134,0.00957223222268602,600.2
318662,1524,7.0,180,0.7132,0.008172488383327922,600.7
318842,1525,6.0,180,0.713,0.008403503868935836,601.2
319367,1526,13.0,525,0.7126,0.009885121774966366,602.6
319585,1527,8.0,218,0.7124,0.009603775449266489,603.1
319783,1528,6.0,198,0.7122,0.011423699629055907,603.6
319920,1529,3.0,137,0.7121,0.010646703047677874,604.0
320116,1530,7.0,196,0.7119,0.011074131630285054,604.5
320280,1531,8.0,164,0.7117,0.011602853515707865,604.9
320705,1532,12.0,425,0.7114,0.010845989668697893,606.0
321094,1533,10.0,389,0.711,0.009318083633918353,606.9
321249,1534,2.0,155,0.7109,0.009395458890746037,607.3
321460,1535,5.0,211,0.7107,0.01080012104017133,607.8
321669,1536,7.0,209,0.7105,0.00851052176977436,608.3
321871,1537,6.0,202,0.7103,0.008482576063834131,608.9
322035,1538,5.0,164,0.7102,0.011331874394516757,609.3
322417,1539,10.0,382,0.7098,0.010514610065001762,610.3
322820,1540,15.0,403,0.7095,0.009711497765274184,611.3
322996,1541,7.0,176,0.7093,0.011130455002950674,611.7
323146,1542,1.0,150,0.7092,0.013198342073608088,612.2
323330,1543,7.0,184,0.709,0.009851932262434908,612.7
323519,1544,8.0,189,0.7088,0.00990636909796678,613.2
323724,1545,8.0,205,0.7086,0.008901950334592793,613.7
323907,1546,7.0,183,0.7085,0.01044465453726136,614.2
324077,1547,5.0,170,0.7083,0.010647303500580926,614.6
324248,1548,6.0,171,0.7082,0.008939799408666616,615.1
324354,1549,4.0,106,0.7081,0.006606226746673481,615.3
324514,1550,6.0,160,0.7079,0.008627563185291365,615.7
324711,1551,9.0,197,0.7078,0.008580130163808259,616.2
324884,1552,5.0,173,0.7076,0.010121727827936411,616.6
325388,1553,18.0,504,0.7072,0.009435756401794533,617.9
325576,1554,4.0,188,0.707,0.008671613610745903,618.4
325728,1555,4.0,152,0.7068,0.008728986838832498,618.7
325900,1556,5.0,172,0.7067,0.01158877853087561,619.1
326088,1557,8.0,188,0.7065,0.009992437080499973,619.6
326332,1558,6.0,244,0.7063,0.010911565216746731,620.2
326475,1559,3.0,143,0.7062,0.01002300343742328,620.5
326631,1560,5.0,156,0.706,0.011366238931002907,620.9
326811,1561,6.0,180,0.7059,0.010132834470520416,621.3
327005,1562,8.0,194,0.7057,0.00922278298673277,621.9
327200,1563,6.0,195,0.7055,0.01033336519529777,622.4
327389,1564,5.0,189,0.7053,0.009623798378247847,622.9
327577,1565,7.0,188,0.7052,0.009713805468871873,623.3
327794,1566,6.0,217,0.705,0.008917675840806353,623.9
328225,1567,19.0,431,0.7046,0.010402445575757022,625.0
328416,1568,8.0,191,0.7044,0.00961010173584024,625.4
328582,1569,3.0,166,0.7043,0.010147050732928441,625.9
328753,1570,6.0,171,0.7041,0.00837451672766271,626.3
328949,1571,7.0,196,0.7039,0.007950680406422031,626.8
329321,1572,11.0,372,0.7036,0.009259952505129159,627.7
329515,1573,4.0,194,0.7034,0.00818653176247608,628.1
329714,1574,7.0,199,0.7033,0.008028984074480832,628.6
329877,1575,5.0,163,0.7031,0.009315252985532691,629.1
330027,1576,3.0,150,0.703,0.010192861755353373,629.4
330237,1577,9.0,210,0.7028,0.010842765004918823,629.9
330433,1578,4.0,196,0.7026,0.01088263071142137,630.3
330645,1579,8.0,212,0.7024,0.010350601339080143,630.9
330797,1580,4.0,152,0.7023,0.012698263150492781,631.3
331014,1581,6.0,217,0.7021,0.010205317400740805,631.8
331106,1582,0.0,92,0.702,0.012667179745419518,632.0
331287,1583,6.0,181,0.7018,0.009228282214866743,632.4
331477,1584,6.0,190,0.7017,0.011419727665876659,633.0
331797,1585,12.0,320,0.7014,0.010805214285210241,633.8
332037,1586,9.0,240,0.7012,0.010589547127407666,634.5
332284,1587,8.0,247,0.7009,0.010461977130973773,635.1
332613,1588,7.0,329,0.7006,0.011057146995260222,635.9
332853,1589,7.0,240,0.7004,0.008811428894599278,636.5
333179,1590,10.0,326,0.7001,0.010309891536670886,637.2
333426,1591,9.0,247,0.6999,0.01127687391764935,637.9
333588,1592,6.0,162,0.6998,0.008828577591197156,638.3
333773,1593,6.0,185,0.6996,0.009298510247153108,638.8
334069,1594,10.0,296,0.6993,0.009032254508457373,639.5
334243,1595,5.0,174,0.6992,0.008185528270185514,639.9
334397,1596,4.0,154,0.699,0.008157920316219903,640.4
334545,1597,2.0,148,0.6989,0.009287221451617172,640.7
334740,1598,9.0,195,0.6987,0.009502800205266294,641.3
335255,1599,14.0,515,0.6983,0.009943333056071424,642.5
335566,1600,8.0,311,0.698,0.008740482451871801,643.3
335764,1601,9.0,198,0.6978,0.010480267647653817,643.8
335922,1602,5.0,158,0.6977,0.008709856147806231,644.2
336104,1603,4.0,182,0.6975,0.010280146577355006,644.7
336242,1604,3.0,138,0.6974,0.011169047875548987,645.1
336382,1605,3.0,140,0.6973,0.00883215296614383,645.5
336529,1606,4.0,147,0.6971,0.00889078330726841,645.9
336816,1607,8.0,287,0.6969,0.00982678927862758,646.6
337052,1608,7.0,236,0.6967,0.012919334564515847,647.2
337436,1609,12.0,384,0.6963,0.00999828812443108,648.2
337756,1610,8.0,320,0.696,0.010490536797442473,649.0
337971,1611,10.0,215,0.6958,0.00962937882011932,649.5
338153,1612,7.0,182,0.6957,0.009144623500659414,650.0
338322,1613,5.0,169,0.6955,0.009527453348883205,650.4
338509,1614,6.0,187,0.6953,0.010260424675776604,650.9
338685,1615,1.0,176,0.6952,0.00805589136540551,651.4
338886,1616,4.0,201,0.695,0.008562248260714113,651.9
339312,1617,11.0,426,0.6946,0.008747030415128325,652.9
339486,1618,8.0,174,0.6945,0.008669999411849434,653.4
339805,1619,10.0,319,0.6942,0.009913978929398581,654.2
339955,1620,5.0,150,0.694,0.01012487567306773,654.6
340097,1621,3.0,142,0.6939,0.00800575502216816,655.0
340268,1622,6.0,171,0.6938,0.008746469301323211,655.3
340507,1623,9.0,239,0.6935,0.009546553422065483,655.8
340705,1624,8.0,198,0.6934,0.008125481219030917,656.4
340854,1625,4.0,149,0.6932,0.011364362935686635,656.8
341032,1626,8.0,178,0.6931,0.00957879544649687,657.3
341122,1627,1.0,90,0.693,0.009865640726109797,657.5
341307,1628,8.0,185,0.6928,0.010392565943260232,657.9
341539,1629,10.0,232,0.6926,0.009063577909696975,658.4
341827,1630,9.0,288,0.6924,0.008721656298601173,659.1
342021,1631,6.0,194,0.6922,0.009413621378872467,659.6
342194,1632,6.0,173,0.692,0.008600208223364207,660.1
342461,1633,7.0,267,0.6918,0.010907558540104707,660.9
343011,1634,16.0,550,0.6913,0.00947754330640781,662.2
343163,1635,6.0,152,0.6912,0.01039105847379879,662.5
343315,1636,3.0,152,0.691,0.010165459880801407,662.8
343470,1637,5.0,155,0.6909,0.009776129196278559,663.2
344129,1638,26.0,659,0.6903,0.009281213962557641,664.8
344470,1639,12.0,341,0.69,0.009281685210161787,665.7
344662,1640,9.0,192,0.6898,0.010645673552062362,666.2
344855,1641,7.0,193,0.6896,0.009175583172085075,666.7
345154,1642,12.0,299,0.6894,0.009579508958073954,667.5
345347,1643,8.0,193,0.6892,0.010211798287249016,668.0
345537,1644,10.0,190,0.689,0.009855144070267366,668.5
345942,1645,16.0,405,0.6887,0.00960142764788453,669.6
346106,1646,5.0,164,0.6885,0.009116072253119655,670.1
346369,1647,7.0,263,0.6883,0.0087107029094389,670.9
346578,1648,7.0,209,0.6881,0.009475707869009616,671.4
346766,1649,7.0,188,0.6879,0.008191712542456831,671.8
346911,1650,3.0,145,0.6878,0.007572749843044828,672.1
347252,1651,12.0,341,0.6875,0.009754888315381871,672.9
347401,1652,5.0,149,0.6873,0.01118497525316638,673.2
347569,1653,4.0,168,0.6872,0.008192236817974066,673.6
347753,1654,7.0,184,0.687,0.008930907387326917,673.9
347955,1655,8.0,202,0.6868,0.009014636762440204,674.4
348249,1656,10.0,294,0.6866,0.009365365170319943,675.2
348447,1657,4.0,198,0.6864,0.011164033101225386,675.7
348623,1658,7.0,176,0.6862,0.007896996637679298,676.2
348820,1659,6.0,197,0.6861,0.009742421340197325,676.7
348964,1660,3.0,144,0.6859,0.008654843440227624,677.1
349099,1661,3.0,135,0.6858,0.008733888975147045,677.5
349295,1662,8.0,196,0.6856,0.009724310304665444,678.0
349682,1663,13.0,387,0.6853,0.009551031913454692,679.1
349883,1664,6.0,201,0.6851,0.009515330079011619,679.6
350036,1665,3.0,153,0.685,0.010176669388340834,680.1
350203,1666,6.0,167,0.6848,0.010748833230492182,680.6
350394,1667,9.0,191,0.6846,0.009741173082147725,681.2
350576,1668,6.0,182,0.6845,0.010404129411377337,681.7
350729,1669,3.0,153,0.6843,0.009202210765675102,682.1
350937,1670,7.0,208,0.6842,0.008795264571045455,682.6
351228,1671,8.0,291,0.6839,0.01011380127133572,683.4
351387,1672,5.0,159,0.6838,0.008999858045568451,683.9
351601,1673,6.0,214,0.6836,0.008311675645893923,684.4
351832,1674,7.0,231,0.6834,0.01015198979012925,685.1
352024,1675,5.0,192,0.6832,0.00897724817332346,685.6
352517,1676,13.0,493,0.6827,0.008834067102695808,686.9
352659,1677,4.0,142,0.6826,0.010516675235703588,687.3
352792,1678,2.0,133,0.6825,0.010730869910570191,687.6
352959,1679,5.0,167,0.6823,0.011185236496669127,688.1
353205,1680,9.0,246,0.6821,0.010268346291981758,688.7
353366,1681,4.0,161,0.682,0.01012383874040097,689.1
353545,1682,7.0,179,0.6818,0.009524928457621071,689.6
353707,1683,4.0,162,0.6817,0.009709424903849139,690.0
353909,1684,8.0,202,0.6815,0.008944402960147344,690.5
354069,1685,6.0,160,0.6813,0.01039181337109767,690.9
354278,1686,7.0,209,0.6811,0.010689052780015538,691.4
354424,1687,3.0,146,0.681,0.00869614420131453,691.8
354602,1688,8.0,178,0.6809,0.00989120818452317,692.3
354783,1689,6.0,181,0.6807,0.010166881342108051,692.7
355277,1690,17.0,494,0.6803,0.009165519123686659,694.0
355836,1691,22.0,559,0.6797,0.009133794707512216,695.3
356017,1692,6.0,181,0.6796,0.010230835837622484,695.8
356217,1693,9.0,200,0.6794,0.01047492538113147,696.3
356354,1694,5.0,137,0.6793,0.008580023409141338,696.6
356496,1695,2.0,142,0.6792,0.00854847809791358,697.0
356710,1696,7.0,214,0.679,0.010960977340011665,697.5
356855,1697,2.0,145,0.6788,0.011030633781855512,697.9
357048,1698,9.0,193,0.6787,0.009007290571129747,698.5
357234,1699,7.0,186,0.6785,0.01077125602118347,698.9
357405,1700,7.0,171,0.6783,0.009923684318701541,699.3
357603,1701,8.0,198,0.6782,0.00846419561350224,699.7
357751,1702,5.0,148,0.678,0.008664240827783942,700.0
357949,1703,5.0,198,0.6778,0.01025842821225524,700.4
358284,1704,10.0,335,0.6775,0.010411865077912807,701.1
358445,1705,5.0,161,0.6774,0.009008191525936127,701.4
358752,1706,6.0,307,0.6771,0.008328471559571561,702.0
359075,1707,11.0,323,0.6768,0.011706761849927716,702.6
359376,1708,9.0,301,0.6766,0.008693609337665532,703.3
359662,1709,11.0,286,0.6763,0.009431705895391568,703.9
359859,1710,8.0,197,0.6761,0.010092716150898106,704.4
360076,1711,6.0,217,0.6759,0.008750759712843732,704.9
360272,1712,5.0,196,0.6758,0.008942996498615461,705.3
360564,1713,8.0,292,0.6755,0.011604259074474238,705.9
360710,1714,3.0,146,0.6754,0.012479076200785736,706.2
360852,1715,1.0,142,0.6752,0.00883228589211487,706.5
361389,1716,19.0,537,0.6747,0.009517995939492735,707.6
361581,1717,6.0,192,0.6746,0.01030661879243174,708.1
361821,1718,7.0,240,0.6744,0.008629741438198835,708.6
361978,1719,6.0,157,0.6742,0.0096597701508122,709.0
362143,1720,7.0,165,0.6741,0.01060267852437569,709.5
362333,1721,7.0,190,0.6739,0.010120235276796544,710.0
363150,1722,23.0,817,0.6732,0.010237672135653887,711.8
363304,1723,4.0,154,0.673,0.011244416541348282,712.2
363705,1724,12.0,401,0.6727,0.009489233244676144,713.1
364003,1725,9.0,298,0.6724,0.00952893532214787,713.9
364228,1726,8.0,225,0.6722,0.008722597428826256,714.5
364415,1727,5.0,187,0.672,0.0096525762675573,714.9
365191,1728,24.0,776,0.6713,0.009277673666221425,717.0
365426,1729,7.0,235,0.6711,0.009048192738160744,717.6
365575,1730,4.0,149,0.671,0.009263310830008137,718.0
365761,1731,10.0,186,0.6708,0.008228669710893264,718.5
365949,1732,8.0,188,0.6706,0.008842838041365464,718.9
366350,1733,16.0,401,0.6703,0.00933340067975223,720.0
366649,1734,11.0,299,0.67,0.010635064880674084,720.8
367017,1735,11.0,368,0.6697,0.008538729456789873,721.8
367239,1736,8.0,222,0.6695,0.009597838670015336,722.4
367419,1737,7.0,180,0.6693,0.0095630897467749,723.0
367850,1738,12.0,431,0.6689,0.008498517236956913,723.9
368050,1739,7.0,200,0.6688,0.009688367436174303,724.3
368568,1740,14.0,518,0.6683,0.009670296072279318,725.4
368752,1741,7.0,184,0.6681,0.009488468954299131,725.9
369035,1742,8.0,283,0.6679,0.008814351792846406,726.4
369320,1743,9.0,285,0.6676,0.010694102403552582,727.0
369578,1744,9.0,258,0.6674,0.00938640712047345,727.5
370005,1745,14.0,427,0.667,0.009912489654461497,728.9
370200,1746,8.0,195,0.6668,0.009919933570852997,729.6
370365,1747,5.0,165,0.6667,0.009771853321936072,730.0
370561,1748,6.0,196,0.6665,0.009849557443997082,730.5
370956,1749,11.0,395,0.6661,0.011398787076368627,731.5
371151,1750,6.0,195,0.666,0.011903838492192639,731.9
371294,1751,5.0,143,0.6658,0.013781264088013105,732.2
371450,1752,4.0,156,0.6657,0.01117879640048322,732.5
371630,1753,3.0,180,0.6655,0.011571480100974441,732.9
371808,1754,7.0,178,0.6654,0.009448022990384036,733.3
372064,1755,7.0,256,0.6651,0.011650692566036014,734.0
372267,1756,8.0,203,0.665,0.00990353197325021,734.4
372431,1757,7.0,164,0.6648,0.007986993108671613,734.8
372637,1758,11.0,206,0.6646,0.010994057699393194,735.4
372817,1759,8.0,180,0.6645,0.010843943106010556,735.8
372957,1760,2.0,140,0.6643,0.009059497068769165,736.2
373231,1761,8.0,274,0.6641,0.009511421253110337,736.9
373436,1762,5.0,205,0.6639,0.010182283644098788,737.3
373587,1763,3.0,151,0.6638,0.01049338440360451,737.6
373973,1764,10.0,386,0.6634,0.009883012262547446,738.4
374248,1765,8.0,275,0.6632,0.01164544885640667,739.0
374456,1766,6.0,208,0.663,0.010739329584444372,739.4
374613,1767,5.0,157,0.6628,0.010937267818894142,739.8
374919,1768,10.0,306,0.6626,0.009904401655627513,740.4
375006,1769,1.0,87,0.6625,0.009952042706903409,740.6
375297,1770,10.0,291,0.6622,0.010280774721288926,741.2
375574,1771,10.0,277,0.662,0.010993167727618762,741.8
375758,1772,7.0,184,0.6618,0.011772424174958596,742.1
375930,1773,7.0,172,0.6617,0.009389703438162457,742.5
376124,1774,7.0,194,0.6615,0.009318027312734298,742.9
376291,1775,9.0,167,0.6613,0.008519435352532238,743.3
376474,1776,6.0,183,0.6612,0.009435617592712135,743.7
376658,1777,8.0,184,0.661,0.011250260336648511,744.2
376947,1778,10.0,289,0.6607,0.010869126915673,744.9
377116,1779,6.0,169,0.6606,0.01010527434693866,745.3
377444,1780,9.0,328,0.6603,0.009001225373628208,746.1
377599,1781,6.0,155,0.6602,0.011308611689233467,746.4
377807,1782,7.0,208,0.66,0.01083813150986456,746.9
377992,1783,9.0,185,0.6598,0.011232274326872318,747.3
378159,1784,7.0,167,0.6597,0.00822353074838203,747.6
378426,1785,8.0,267,0.6594,0.011723863303230437,748.1
378601,1786,6.0,175,0.6593,0.009527923772111535,748.5
378761,1787,4.0,160,0.6591,0.012870717636542395,748.8
378908,1788,5.0,147,0.659,0.011287646613562026,749.1
379285,1789,12.0,377,0.6586,0.00929034697238673,749.9
379479,1790,6.0,194,0.6585,0.010893969282430286,750.3
379696,1791,4.0,217,0.6583,0.010061147940260444,750.8
379974,1792,10.0,278,0.658,0.01108371395536739,751.3
380179,1793,7.0,205,0.6578,0.011812371178986687,751.7
380344,1794,8.0,165,0.6577,0.00845480231302125,752.1
380629,1795,9.0,285,0.6574,0.011601698411051447,753.0
380947,1796,10.0,318,0.6571,0.011422658194728855,753.9
381136,1797,8.0,189,0.657,0.013871807003548989,754.3
381307,1798,7.0,171,0.6568,0.010438242079024869,754.9
381525,1799,6.0,218,0.6566,0.010308713296597655,755.6
381708,1800,6.0,183,0.6565,0.01111530665429714,756.1
381910,1801,7.0,202,0.6563,0.011306574125774205,756.7
382095,1802,7.0,185,0.6561,0.013629531978791498,757.2
382261,1803,6.0,166,0.656,0.011705833975048293,757.7
382480,1804,9.0,219,0.6558,0.010882876934060318,758.2
382685,1805,7.0,205,0.6556,0.009834605791861666,758.8
382811,1806,1.0,126,0.6555,0.009497136365802537,759.2
383028,1807,7.0,217,0.6553,0.011282059287821705,759.7
383179,1808,5.0,151,0.6551,0.010797154850553017,760.1
383324,1809,5.0,145,0.655,0.011502937262726796,760.5
383472,1810,6.0,148,0.6549,0.008595881675294525,760.8
383656,1811,8.0,184,0.6547,0.010574216033210572,761.2
383813,1812,6.0,157,0.6546,0.010265348753772484,761.5
383967,1813,4.0,154,0.6544,0.012476079748012125,761.9
384167,1814,9.0,200,0.6542,0.010922046208288521,762.2
384371,1815,8.0,204,0.6541,0.010837704180648514,762.6
384573,1816,7.0,202,0.6539,0.011233863929816174,763.1
384750,1817,7.0,177,0.6537,0.010329092154279351,763.4
384905,1818,5.0,155,0.6536,0.010199768056806464,763.8
385077,1819,7.0,172,0.6534,0.009490724447248288,764.2
385282,1820,7.0,205,0.6532,0.009273318703943753,764.7
385536,1821,9.0,254,0.653,0.010642022123647621,765.2
385815,1822,10.0,279,0.6528,0.01159604755230248,765.8
386033,1823,7.0,218,0.6526,0.009538570177656682,766.3
386236,1824,9.0,203,0.6524,0.011099846682091262,766.8
386423,1825,8.0,187,0.6522,0.010080743424148986,767.2
386605,1826,6.0,182,0.6521,0.008562076639424524,767.6
386859,1827,9.0,254,0.6518,0.010588005595352678,768.2
387019,1828,5.0,160,0.6517,0.007671322050737217,768.5
387199,1829,9.0,180,0.6515,0.009567771924452649,769.0
387488,1830,9.0,289,0.6513,0.010550589970478865,769.6
387918,1831,15.0,430,0.6509,0.010769451935732059,770.7
388100,1832,7.0,182,0.6507,0.010551287003023468,771.1
388364,1833,10.0,264,0.6505,0.01057283437077069,771.7
388541,1834,6.0,177,0.6503,0.010673031835308806,772.0
388707,1835,7.0,166,0.6502,0.008753701215382756,772.4
389012,1836,7.0,305,0.6499,0.010066270359562009,773.2
389301,1837,10.0,289,0.6496,0.009963072668243613,773.9
389794,1838,13.0,493,0.6492,0.009889503520708985,775.0
389988,1839,8.0,194,0.649,0.009318691146160876,775.4
390189,1840,9.0,201,0.6488,0.011571902693249285,775.9
390352,1841,8.0,163,0.6487,0.011455000815458777,776.3
390510,1842,6.0,158,0.6485,0.011149575468152761,776.7
390644,1843,1.0,134,0.6484,0.0106069318991264,776.9
390958,1844,9.0,314,0.6481,0.011384382975311616,777.6
391173,1845,7.0,215,0.6479,0.012224537147967904,778.1
391462,1846,10.0,289,0.6477,0.00998980357285796,778.8
392171,1847,15.0,709,0.647,0.010441046957936833,780.3
392468,1848,11.0,297,0.6468,0.0100489724924167,780.9
392900,1849,10.0,432,0.6464,0.011559548811486887,781.9
393056,1850,5.0,156,0.6462,0.011628284339960188,782.2
393206,1851,7.0,150,0.6461,0.009873785968945437,782.6
393305,1852,1.0,99,0.646,0.010526982112787664,782.8
393485,1853,8.0,180,0.6459,0.008607906439445085,783.2
393798,1854,8.0,313,0.6456,0.011216737822486231,783.9
393996,1855,6.0,198,0.6454,0.01249224742874503,784.4
394102,1856,3.0,106,0.6453,0.010097287366918933,784.6
394282,1857,9.0,180,0.6451,0.01272173315907518,785.0
394465,1858,8.0,183,0.645,0.011974813684861621,785.4
394739,1859,10.0,274,0.6447,0.011933779559673412,786.0
395032,1860,12.0,293,0.6445,0.010902610494176278,786.7
395209,1861,1.0,177,0.6443,0.009109150581273505,787.0
395636,1862,15.0,427,0.6439,0.009714113806252516,787.9
395820,1863,9.0,184,0.6438,0.010412508318119722,788.3
396136,1864,15.0,316,0.6435,0.011610088268695752,789.0
396296,1865,6.0,160,0.6433,0.010067779349628835,789.3
396480,1866,9.0,184,0.6432,0.009670863821393932,789.7
396903,1867,14.0,423,0.6428,0.009428074100010451,790.7
397045,1868,5.0,142,0.6427,0.01046148762624297,791.0
397213,1869,7.0,168,0.6425,0.011971546711200582,791.3
397414,1870,5.0,201,0.6423,0.010452128578908742,791.8
397570,1871,6.0,156,0.6422,0.010730054032487365,792.1
398082,1872,15.0,512,0.6417,0.0100951948452348,793.2
398296,1873,11.0,214,0.6415,0.010942365905200993,793.7
398686,1874,10.0,390,0.6412,0.011048255845923553,794.6
398837,1875,4.0,151,0.641,0.011205286810811805,794.9
399030,1876,7.0,193,0.6409,0.011302916643520197,795.3
399172,1877,4.0,142,0.6407,0.011884528642339218,795.6
399480,1878,12.0,308,0.6405,0.011338236312345639,796.3
399641,1879,7.0,161,0.6403,0.009312607970787212,796.6
399798,1880,4.0,157,0.6402,0.010749552963086618,797.0
400004,1881,6.0,206,0.64,0.010182298312429339,797.5
400185,1882,7.0,181,0.6398,0.010570798772904608,797.9
400338,1883,6.0,153,0.6397,0.012156302991666292,798.2
400493,1884,3.0,155,0.6396,0.009522760860048808,798.6
400772,1885,9.0,279,0.6393,0.009100888350180218,799.2
401258,1886,17.0,486,0.6389,0.010924184104150608,800.1
401895,1887,17.0,637,0.6383,0.01019407288938667,801.5
402098,1888,7.0,203,0.6381,0.01100389757102319,802.0
402271,1889,8.0,173,0.638,0.008933816034736674,802.4
402614,1890,11.0,343,0.6376,0.008730859229027098,803.1
402811,1891,6.0,197,0.6375,0.010944707879834637,803.5
402959,1892,3.0,148,0.6373,0.011986452469451202,803.8
403438,1893,11.0,479,0.6369,0.00923185742382581,804.8
403768,1894,11.0,330,0.6366,0.010385175112141183,805.5
404112,1895,13.0,344,0.6363,0.009059301896973751,806.2
404491,1896,12.0,379,0.636,0.009600559478635563,807.1
404658,1897,8.0,167,0.6358,0.009476852619887463,807.4
404784,1898,2.0,126,0.6357,0.007049046806059778,807.7
404995,1899,8.0,211,0.6355,0.00979269869500198,808.2
405150,1900,6.0,155,0.6354,0.00854275577988189,808.5
405363,1901,9.0,213,0.6352,0.008480056847955258,809.0
405578,1902,6.0,215,0.635,0.010025555190319816,809.4
405752,1903,9.0,174,0.6348,0.010004561611408875,809.8
405963,1904,8.0,211,0.6346,0.009304470208007842,810.3
406130,1905,7.0,167,0.6345,0.009147340983396307,810.7
406294,1906,5.0,164,0.6343,0.009447862615627124,811.0
406479,1907,6.0,185,0.6342,0.009416381129994988,811.4
406699,1908,8.0,220,0.634,0.009280958479609002,811.9
406914,1909,9.0,215,0.6338,0.00968731308994056,812.4
407171,1910,8.0,257,0.6335,0.009765165556018474,812.9
407488,1911,10.0,317,0.6333,0.010235415655188262,813.6
407812,1912,10.0,324,0.633,0.008954702337548413,814.3
408005,1913,7.0,193,0.6328,0.00951619005354587,814.7
408200,1914,8.0,195,0.6326,0.00930864534968016,815.1
408362,1915,6.0,162,0.6325,0.009515950066270307,815.4
408850,1916,14.0,488,0.632,0.01015331311491089,816.5
409022,1917,7.0,172,0.6319,0.009953753286322881,816.8
409326,1918,15.0,304,0.6316,0.010042628717584242,817.5
409526,1919,6.0,200,0.6314,0.011980950152501463,817.9
409811,1920,10.0,285,0.6312,0.008548200123904037,818.5
410027,1921,9.0,216,0.631,0.010198394966277259,819.0
410279,1922,10.0,252,0.6307,0.010075809367533241,819.5
410668,1923,12.0,389,0.6304,0.009128826381686163,820.3
410847,1924,7.0,179,0.6302,0.010307980002835393,820.7
411072,1925,10.0,225,0.63,0.008957229391263243,821.2
411245,1926,6.0,173,0.6299,0.0077649072397413645,821.6
411562,1927,10.0,317,0.6296,0.009923654151608861,822.3
411977,1928,17.0,415,0.6292,0.00958915108976026,823.1
412192,1929,9.0,215,0.629,0.009247910740129926,823.6
412496,1930,8.0,304,0.6288,0.00920789941263042,824.3
412662,1931,5.0,166,0.6286,0.010146505812682756,824.6
412855,1932,7.0,193,0.6284,0.008175168419256806,825.0
413039,1933,8.0,184,0.6283,0.009095290923774566,825.4
413179,1934,3.0,140,0.6281,0.010100846498140267,825.7
413366,1935,9.0,187,0.628,0.010520894786323164,826.1
413532,1936,6.0,166,0.6278,0.009640916128687206,826.4
413685,1937,3.0,153,0.6277,0.009640908187353298,826.8
413862,1938,5.0,177,0.6275,0.010161070655819705,827.1
414030,1939,7.0,168,0.6274,0.01124859520322865,827.5
414214,1940,7.0,184,0.6272,0.009271551017224303,827.9
414409,1941,9.0,195,0.627,0.010382167410523611,828.4
414614,1942,8.0,205,0.6268,0.010178439784795046,828.8
414819,1943,10.0,205,0.6267,0.008495347145214384,829.3
415008,1944,10.0,189,0.6265,0.010289714545554792,829.7
415535,1945,20.0,527,0.626,0.010095825395724586,830.8
415734,1946,7.0,199,0.6258,0.00922495727892965,831.2
415840,1947,0.0,106,0.6257,0.010611882640255822,831.5
416107,1948,10.0,267,0.6255,0.01054250799246471,832.0
416253,1949,4.0,146,0.6254,0.0110620995542991,832.3
416470,1950,10.0,217,0.6252,0.00882651073064793,832.8
416845,1951,9.0,375,0.6248,0.011946484037833487,833.5
417260,1952,14.0,415,0.6245,0.009836923304157188,834.4
417447,1953,7.0,187,0.6243,0.008508772118543477,834.8
418064,1954,20.0,617,0.6237,0.010158171486710348,836.1
418232,1955,8.0,168,0.6236,0.008323770881231343,836.4
418544,1956,12.0,312,0.6233,0.010501333816836659,837.1
419071,1957,17.0,527,0.6228,0.009043935323773905,838.2
419276,1958,8.0,205,0.6227,0.008408307789627893,838.7
419385,1959,1.0,109,0.6226,0.00822533544635883,838.9
420115,1960,21.0,730,0.6219,0.009621814213460311,840.6
420421,1961,11.0,306,0.6216,0.011367505023183374,841.2
420718,1962,10.0,297,0.6214,0.010624122491257416,841.8
421091,1963,12.0,373,0.621,0.008456619333736199,842.7
421449,1964,13.0,358,0.6207,0.01034463125332776,843.5
421604,1965,3.0,155,0.6206,0.009640644591015119,843.9
421824,1966,8.0,220,0.6204,0.00984716759994626,844.3
421973,1967,4.0,149,0.6202,0.010066548733644792,844.7
422319,1968,10.0,346,0.6199,0.012314025894738734,845.5
422534,1969,6.0,215,0.6197,0.011614942276436422,846.1
422845,1970,12.0,311,0.6194,0.0113660749913647,846.8
423034,1971,8.0,189,0.6193,0.009309369639711493,847.2
423443,1972,16.0,409,0.6189,0.009455959499795354,848.2
423812,1973,12.0,369,0.6186,0.009427657936729731,849.1
423968,1974,6.0,156,0.6184,0.010225015889423398,849.5
424266,1975,9.0,298,0.6182,0.01201154466252774,850.2
424507,1976,9.0,241,0.6179,0.009120836454288413,850.7
424694,1977,7.0,187,0.6178,0.009469951874517064,851.1
424892,1978,7.0,198,0.6176,0.01049638178665191,851.5
425099,1979,6.0,207,0.6174,0.00874271929063195,852.0
425197,1980,0.0,98,0.6173,0.00889110126066953,852.2
425373,1981,9.0,176,0.6172,0.010423711535457353,852.7
425564,1982,8.0,191,0.617,0.009166881704004481,853.1
425941,1983,13.0,377,0.6167,0.008836320115927053,854.0
426180,1984,10.0,239,0.6164,0.010641984862741084,854.5
426587,1985,12.0,407,0.6161,0.01030463549437573,855.5
426945,1986,15.0,358,0.6157,0.009961598213865525,856.3
427337,1987,16.0,392,0.6154,0.009342482359842303,857.2
427732,1988,16.0,395,0.615,0.009795330636523138,858.1
427936,1989,8.0,204,0.6149,0.010086050846011323,858.6
428362,1990,15.0,426,0.6145,0.009208775441742168,859.5
428709,1991,13.0,347,0.6142,0.00914739897667334,860.2
428903,1992,9.0,194,0.614,0.011946125191267734,860.7
429067,1993,4.0,164,0.6138,0.008933725817946762,861.0
429267,1994,6.0,200,0.6137,0.010199837237596512,861.5
429477,1995,8.0,210,0.6135,0.008515310895471077,862.0
429821,1996,11.0,344,0.6132,0.010170104076847607,862.8
430147,1997,13.0,326,0.6129,0.009889466780019396,863.5
430307,1998,4.0,160,0.6127,0.010349985351786018,863.9
430683,1999,12.0,376,0.6124,0.011202642969053952,864.7
431026,2000,11.0,343,0.6121,0.010573901214398617,865.5
431344,2001,11.0,318,0.6118,0.01121269935683813,866.2
431526,2002,8.0,182,0.6116,0.01115144191102849,866.7
431725,2003,8.0,199,0.6114,0.010991709190420806,867.2
432575,2004,23.0,850,0.6107,0.010288343977354432,868.9
432745,2005,7.0,170,0.6105,0.009675579822383994,869.3
432909,2006,5.0,164,0.6104,0.011242707208843856,869.6
433099,2007,9.0,190,0.6102,0.0096822217839988,870.0
433282,2008,7.0,183,0.61,0.010784200468586514,870.4
433488,2009,9.0,206,0.6099,0.00986106288082038,870.8
433770,2010,9.0,282,0.6096,0.010425378062895367,871.4
433957,2011,6.0,187,0.6094,0.01103783852143332,871.8
434162,2012,7.0,205,0.6093,0.011296665501397322,872.2
434343,2013,7.0,181,0.6091,0.010102182036886613,872.7
434902,2014,14.0,559,0.6086,0.01051608859893999,873.9
435058,2015,6.0,156,0.6084,0.007425952529630218,874.2
435245,2016,8.0,187,0.6083,0.011724192896818227,874.7
435549,2017,9.0,304,0.608,0.010876214355352874,875.3
435752,2018,8.0,203,0.6078,0.009675129905671757,875.8
436095,2019,10.0,343,0.6075,0.009878854280995095,876.6
436293,2020,8.0,198,0.6073,0.010174040524289012,877.1
436479,2021,8.0,186,0.6072,0.012136687939662648,877.5
436655,2022,8.0,176,0.607,0.01065814201931723,877.9
437121,2023,15.0,466,0.6066,0.010339050281108318,878.9
437304,2024,5.0,183,0.6064,0.010949464494605427,879.3
437479,2025,7.0,175,0.6063,0.0092159875365364,879.7
437666,2026,8.0,187,0.6061,0.00942463823594153,880.1
437820,2027,6.0,154,0.606,0.009078144937610397,880.5
438248,2028,17.0,428,0.6056,0.009561355865482136,881.4
438428,2029,9.0,180,0.6054,0.01019141280816661,881.8
438860,2030,12.0,432,0.605,0.010344932177017822,882.7
439150,2031,11.0,290,0.6048,0.009571965725626796,883.3
439416,2032,11.0,266,0.6045,0.008708177401976132,883.9
439751,2033,11.0,335,0.6042,0.00949522366758481,884.6
439941,2034,7.0,190,0.6041,0.010964905663665073,885.0
440171,2035,8.0,230,0.6038,0.01088656467516302,885.5
440470,2036,11.0,299,0.6036,0.010786933399116,886.3
440754,2037,8.0,284,0.6033,0.00877218516740266,886.9
440959,2038,7.0,205,0.6031,0.01011139827816948,887.3
441115,2039,6.0,156,0.603,0.010040261854345981,887.8
441277,2040,8.0,162,0.6029,0.011763257383391625,888.2
441459,2041,8.0,182,0.6027,0.010167538690277271,888.6
441616,2042,4.0,157,0.6025,0.009948359578265809,888.9
442032,2043,14.0,416,0.6022,0.011606043896440847,889.8
442424,2044,11.0,392,0.6018,0.011240395964408408,890.6
442619,2045,8.0,195,0.6016,0.011676553292393995,891.1
442795,2046,8.0,176,0.6015,0.010572283338247375,891.5
443200,2047,12.0,405,0.6011,0.009740252963121176,892.3
443613,2048,12.0,413,0.6007,0.010538727865617686,893.2
444103,2049,13.0,490,0.6003,0.009773206766351263,894.3
444374,2050,10.0,271,0.6001,0.010526951131931342,894.9
444573,2051,9.0,199,0.5999,0.009896462564356626,895.3
444779,2052,9.0,206,0.5997,0.009095310411580345,895.8
444996,2053,9.0,217,0.5995,0.010147319425066763,896.3
445374,2054,15.0,378,0.5992,0.010355528550559377,897.1
445598,2055,8.0,224,0.599,0.010010601740629812,897.6
445965,2056,13.0,367,0.5986,0.009678370458499083,898.4
446147,2057,5.0,182,0.5985,0.008135198408530818,898.9
446966,2058,21.0,819,0.5977,0.009931810794216468,900.7
447141,2059,8.0,175,0.5976,0.00943648709852079,901.1
447362,2060,9.0,221,0.5974,0.009241410509937188,901.7
447544,2061,9.0,182,0.5972,0.011935309188076011,902.1
447678,2062,3.0,134,0.5971,0.011296331028764447,902.4
448101,2063,15.0,423,0.5967,0.009821436862144971,903.4
448470,2064,11.0,369,0.5964,0.00978822744977863,904.2
448677,2065,8.0,207,0.5962,0.009244660649878474,904.7
448989,2066,11.0,312,0.5959,0.009990990015630348,905.4
449150,2067,8.0,161,0.5958,0.011161616677418352,905.8
449343,2068,7.0,193,0.5956,0.012606753065483645,906.2
449493,2069,5.0,150,0.5955,0.010063083989447668,906.6
449701,2070,10.0,208,0.5953,0.00999462629149023,907.0
449990,2071,9.0,289,0.595,0.008563612041244697,907.8
450363,2072,11.0,373,0.5947,0.009721043760017041,908.7
450510,2073,6.0,147,0.5945,0.009242806224957914,909.1
451020,2074,16.0,510,0.5941,0.009449179959119647,910.3
451458,2075,13.0,438,0.5937,0.011349624443645462,911.3
451969,2076,21.0,511,0.5932,0.009378143826324958,912.5
452099,2077,3.0,130,0.5931,0.010156907315831631,912.8
452306,2078,10.0,207,0.5929,0.010094029112504078,913.3
452465,2079,6.0,159,0.5928,0.01006165484432131,913.7
452613,2080,5.0,148,0.5926,0.010417245227742839,914.0
452804,2081,6.0,191,0.5925,0.009099125706901154,914.5
452944,2082,4.0,140,0.5924,0.008136314329957324,914.8
453087,2083,3.0,143,0.5922,0.008648416110580521,915.1
453241,2084,3.0,154,0.5921,0.009163469297047228,915.5
453398,2085,2.0,157,0.5919,0.009842257624348769,915.8
453670,2086,9.0,272,0.5917,0.009772364269284642,916.4
453937,2087,10.0,267,0.5915,0.010834936879630854,917.0
454441,2088,17.0,504,0.591,0.010768788953548268,918.2
454596,2089,6.0,155,0.5909,0.011575549518546233,918.5
454790,2090,6.0,194,0.5907,0.009168869238540841,918.9
455103,2091,11.0,313,0.5904,0.01005303889262275,919.6
455263,2092,7.0,160,0.5903,0.011175729328533635,920.0
455650,2093,12.0,387,0.5899,0.011032587426148125,920.9
455833,2094,8.0,183,0.5898,0.01084699244339667,921.4
456008,2095,7.0,175,0.5896,0.008062235481867736,921.8
456591,2096,17.0,583,0.5891,0.009419366208322602,923.2
456738,2097,5.0,147,0.5889,0.00823834165930748,923.6
456955,2098,9.0,217,0.5887,0.008904391602199111,924.1
457129,2099,8.0,174,0.5886,0.008575902008239857,924.5
457265,2100,4.0,136,0.5885,0.009628961574943626,924.8
457472,2101,7.0,207,0.5883,0.00981314425679067,925.3
457655,2102,7.0,183,0.5881,0.010469171911891964,925.7
458032,2103,14.0,377,0.5878,0.008903058930790346,926.7
458308,2104,10.0,276,0.5875,0.009735346312864103,927.5
458509,2105,9.0,201,0.5873,0.01020028913859278,928.1
458792,2106,10.0,283,0.5871,0.010104135410125616,928.9
459086,2107,10.0,294,0.5868,0.00963284845833909,929.7
459269,2108,5.0,183,0.5867,0.010279305790470022,930.1
459423,2109,6.0,154,0.5865,0.011042034795728364,930.5
459581,2110,7.0,158,0.5864,0.00982890494633466,930.9
459854,2111,12.0,273,0.5861,0.009749456836075029,931.6
460059,2112,7.0,205,0.5859,0.009782639240809516,932.1
460194,2113,4.0,135,0.5858,0.008529315661529408,932.4
460461,2114,10.0,267,0.5856,0.009783449181383337,933.0
460615,2115,6.0,154,0.5854,0.0098551489032903,933.4
460763,2116,3.0,148,0.5853,0.010711955944881649,933.8
461163,2117,12.0,400,0.585,0.009138722789939492,934.7
461305,2118,5.0,142,0.5848,0.009535081781602154,935.0
461456,2119,6.0,151,0.5847,0.009971549084998275,935.3
461744,2120,9.0,288,0.5844,0.008689425070770085,935.9
461955,2121,9.0,211,0.5842,0.010974851132442173,936.4
462142,2122,10.0,187,0.5841,0.010587691532527196,936.8
462386,2123,9.0,244,0.5839,0.009686989782255937,937.3
462584,2124,9.0,198,0.5837,0.010611170469783247,937.8
462798,2125,9.0,214,0.5835,0.009083479432002554,938.2
462983,2126,9.0,185,0.5833,0.008834598160794249,938.7
463287,2127,11.0,304,0.583,0.010317975453003064,939.4
463668,2128,12.0,381,0.5827,0.010107951718964614,940.2
463854,2129,9.0,186,0.5825,0.008396166720953972,940.6
464039,2130,7.0,185,0.5824,0.008968653132045723,941.0
464250,2131,8.0,211,0.5822,0.009714960612637817,941.5
464511,2132,10.0,261,0.5819,0.00829450567611135,942.0
464803,2133,10.0,292,0.5817,0.009124855242975771,942.6
465304,2134,12.0,501,0.5812,0.008378133795867186,943.7
465851,2135,24.0,547,0.5807,0.009847563864348237,944.9
466045,2136,9.0,194,0.5806,0.008737796865289613,945.4
466280,2137,9.0,235,0.5803,0.009599066684732876,945.9
466545,2138,12.0,265,0.5801,0.010361371734743994,946.5
467186,2139,19.0,641,0.5795,0.00881517081579659,947.9
467370,2140,7.0,184,0.5794,0.008813593293661657,948.3
467597,2141,10.0,227,0.5792,0.010347871216046706,948.8
467806,2142,8.0,209,0.579,0.008307007222006528,949.3
467963,2143,5.0,157,0.5788,0.006491929985200748,949.7
468159,2144,7.0,196,0.5787,0.009966272875020395,950.1
468547,2145,17.0,388,0.5783,0.009647193878466628,950.9
468818,2146,11.0,271,0.5781,0.010375919250209871,951.6
468959,2147,4.0,141,0.5779,0.010074698871799877,951.9
469112,2148,7.0,153,0.5778,0.00944565215971894,952.3
469292,2149,8.0,180,0.5776,0.007975586198477281,952.7
469450,2150,6.0,158,0.5775,0.008254960871850833,953.1
469659,2151,9.0,209,0.5773,0.009109821770555126,953.5
470062,2152,14.0,403,0.5769,0.009305257989914332,954.4
470209,2153,3.0,147,0.5768,0.008869869533825564,954.7
470542,2154,13.0,333,0.5765,0.00941522517634264,955.4
470733,2155,8.0,191,0.5763,0.008327587633781755,955.9
471222,2156,14.0,489,0.5759,0.010470569378039876,957.0
471446,2157,9.0,224,0.5757,0.010703820365181724,957.5
471631,2158,7.0,185,0.5755,0.00969531477186019,958.0
471981,2159,12.0,350,0.5752,0.008668182748475705,958.7
472128,2160,2.0,147,0.5751,0.010850343922455166,959.1
472493,2161,13.0,365,0.5748,0.010242449436950815,959.9
472696,2162,7.0,203,0.5746,0.009828969626230937,960.4
472983,2163,9.0,287,0.5743,0.009425969532048198,961.0
473285,2164,10.0,302,0.574,0.01038429837698411,961.7
473429,2165,5.0,144,0.5739,0.010200616903603077,962.1
473668,2166,8.0,239,0.5737,0.010869208928973724,962.7
473946,2167,11.0,278,0.5734,0.009513782765851289,963.3
474344,2168,15.0,398,0.5731,0.008726299270056187,964.2
474556,2169,8.0,212,0.5729,0.011624412448584752,964.7
474715,2170,4.0,159,0.5728,0.01120351044795452,965.1
474868,2171,4.0,153,0.5726,0.009267143039510418,965.4
475027,2172,6.0,159,0.5725,0.009795490980673676,965.8
475176,2173,6.0,149,0.5723,0.010860185910898604,966.2
475361,2174,10.0,185,0.5722,0.009931758997718925,966.6
475724,2175,10.0,363,0.5718,0.01041952689475083,967.4
475979,2176,10.0,255,0.5716,0.011204563040611527,968.0
476202,2177,10.0,223,0.5714,0.011268208007095382,968.5
476375,2178,6.0,173,0.5713,0.010465174577697071,968.9
476744,2179,12.0,369,0.5709,0.010458753001125108,969.7
477109,2180,10.0,365,0.5706,0.009317072676392375,970.5
477313,2181,10.0,204,0.5704,0.009012625228577093,970.9
477633,2182,11.0,320,0.5701,0.009081598628836219,971.6
477815,2183,9.0,182,0.57,0.009856470669102337,972.1
477947,2184,2.0,132,0.5698,0.010447657391936942,972.4
478218,2185,12.0,271,0.5696,0.009427105802494814,973.0
478422,2186,9.0,204,0.5694,0.009119390487196106,973.4
478667,2187,9.0,245,0.5692,0.009223396874597816,974.0
478862,2188,9.0,195,0.569,0.00946170192363919,974.4
479409,2189,14.0,547,0.5685,0.008950477746403673,975.6
479562,2190,3.0,153,0.5684,0.010208720433231639,975.9
479983,2191,14.0,421,0.568,0.00935439623426646,976.8
480147,2192,6.0,164,0.5679,0.011681846757532983,977.2
480379,2193,9.0,232,0.5677,0.013024489668294274,977.6
480592,2194,8.0,213,0.5675,0.01014991149444271,978.1
480749,2195,6.0,157,0.5673,0.010156944477691865,978.5
481092,2196,12.0,343,0.567,0.009904984459226822,979.2
481431,2197,11.0,339,0.5667,0.009940532127594841,980.0
481696,2198,8.0,265,0.5665,0.011075103221071967,980.6
481907,2199,9.0,211,0.5663,0.011203430203470187,981.1
482041,2200,4.0,134,0.5662,0.010958729647373891,981.4
482184,2201,5.0,143,0.566,0.009062790900417086,981.7
482334,2202,6.0,150,0.5659,0.011755975938678996,982.0
482476,2203,5.0,142,0.5658,0.010801228701085266,982.3
482659,2204,6.0,183,0.5656,0.011194522828898497,982.7
482953,2205,10.0,294,0.5653,0.009188428741401515,983.3
483454,2206,12.0,501,0.5649,0.00895682891085744,984.3
484095,2207,23.0,641,0.5643,0.00966661699785618,985.8
484505,2208,12.0,410,0.5639,0.009927231325650389,986.7
484701,2209,8.0,196,0.5638,0.009267224811435658,987.3
485100,2210,12.0,399,0.5634,0.010314162180293351,988.3
485245,2211,5.0,145,0.5633,0.010468321949398765,988.8
485616,2212,11.0,371,0.5629,0.00998446465750295,989.6
485758,2213,2.0,142,0.5628,0.009722096379846334,989.9
485902,2214,5.0,144,0.5627,0.01025005646644988,990.2
486297,2215,17.0,395,0.5623,0.00990994446064261,991.2
486598,2216,11.0,301,0.5621,0.00986294380389154,991.8
486744,2217,7.0,146,0.5619,0.009003396334781035,992.2
487108,2218,11.0,364,0.5616,0.009401626757008362,992.9
487590,2219,12.0,482,0.5612,0.009596705163130537,993.9
487902,2220,10.0,312,0.5609,0.010053505246431973,994.6
488215,2221,10.0,313,0.5606,0.008105802245270938,995.2
488372,2222,6.0,157,0.5605,0.008669725363142788,995.6
488549,2223,5.0,177,0.5603,0.011808530882593583,995.9
488727,2224,8.0,178,0.5601,0.0116423184517771,996.3
489021,2225,8.0,294,0.5599,0.01143785529593761,996.9
489271,2226,11.0,250,0.5597,0.008739969163622347,997.4
489462,2227,9.0,191,0.5595,0.009744773589773104,997.9
489622,2228,7.0,160,0.5593,0.00952981276786886,998.2
490149,2229,14.0,527,0.5589,0.010245231452934218,999.5
490446,2230,10.0,297,0.5586,0.009432556239787388,1000.1
490617,2231,7.0,171,0.5584,0.010016710483902243,1000.4
490751,2232,5.0,134,0.5583,0.010485103671354327,1000.7
490973,2233,7.0,222,0.5581,0.009557358525593631,1001.2
491325,2234,12.0,352,0.5578,0.010771646561228077,1001.9
491507,2235,6.0,182,0.5576,0.010806576426451405,1002.3
491654,2236,5.0,147,0.5575,0.00954898031478798,1002.6
491938,2237,11.0,284,0.5573,0.01105607000612457,1003.2
492129,2238,10.0,191,0.5571,0.008162002918349268,1003.6
492329,2239,8.0,200,0.5569,0.011124056475237011,1004.0
492521,2240,7.0,192,0.5567,0.009925899449929906,1004.4
492818,2241,14.0,297,0.5565,0.01120032782892923,1005.0
492978,2242,5.0,160,0.5563,0.009224403800908476,1005.4
493268,2243,11.0,290,0.5561,0.01015242529165459,1006.0
493411,2244,4.0,143,0.5559,0.011739816004410385,1006.3
493613,2245,9.0,202,0.5557,0.00940268830962333,1006.7
493760,2246,5.0,147,0.5556,0.008688610235883578,1007.0
494025,2247,8.0,265,0.5554,0.009411004446023568,1007.6
494387,2248,11.0,362,0.5551,0.008717673833275007,1008.4
494532,2249,3.0,145,0.5549,0.009053739851239967,1008.7
494737,2250,10.0,205,0.5547,0.010210297444798783,1009.2
494933,2251,9.0,196,0.5546,0.010132873540135975,1009.6
495027,2252,0.0,94,0.5545,0.009763477056327722,1009.8
495202,2253,7.0,175,0.5543,0.010727940513540736,1010.1
495495,2254,14.0,293,0.5541,0.009113552635663177,1010.7
495646,2255,5.0,151,0.5539,0.008788604466979833,1011.1
496003,2256,11.0,357,0.5536,0.011342689876308602,1011.9
496193,2257,9.0,190,0.5534,0.011041046154180853,1012.3
496380,2258,9.0,187,0.5533,0.00841471818870211,1012.7
496778,2259,15.0,398,0.5529,0.011119974805324367,1013.5
496985,2260,8.0,207,0.5527,0.009186602130424805,1013.9
497144,2261,4.0,159,0.5526,0.012393923435593025,1014.3
497317,2262,6.0,173,0.5524,0.009176417302643491,1014.6
497456,2263,4.0,139,0.5523,0.010509131975205881,1014.9
497672,2264,9.0,216,0.5521,0.009297454787883908,1015.3
498041,2265,11.0,369,0.5518,0.009596738207619637,1016.2
498204,2266,7.0,163,0.5516,0.011465428124477223,1016.6
498387,2267,8.0,183,0.5515,0.010269334141371978,1017.0
498542,2268,6.0,155,0.5513,0.008278654494251195,1017.4
498682,2269,5.0,140,0.5512,0.010441170885626759,1017.7
498846,2270,6.0,164,0.551,0.009390918975241663,1018.1
498999,2271,3.0,153,0.5509,0.008957403950932386,1018.4
499268,2272,12.0,269,0.5507,0.010006756785407881,1019.0
499454,2273,8.0,186,0.5505,0.010825843256695764,1019.4
499619,2274,6.0,165,0.5503,0.010104297944231004,1019.7
499813,2275,10.0,194,0.5502,0.011574491440337531,1020.2
499999,2276,7.0,186,0.55,0.01092156838706654,1020.6
500393,2277,13.0,394,0.5496,0.010071953472850675,1021.4
500674,2278,11.0,281,0.5494,0.010332576910566006,1022.1
500882,2279,8.0,208,0.5492,0.01078272273298353,1022.6
501241,2280,9.0,359,0.5489,0.009199810025489166,1023.4
501405,2281,7.0,164,0.5487,0.009148661569669479,1023.8
501609,2282,9.0,204,0.5486,0.009152447973724966,1024.3
501789,2283,6.0,180,0.5484,0.00971159129920933,1024.7
501985,2284,8.0,196,0.5482,0.010771239485249532,1025.1
502185,2285,8.0,200,0.548,0.012076689414680004,1025.6
502379,2286,8.0,194,0.5479,0.00925098308653105,1026.1
502558,2287,7.0,179,0.5477,0.010417938175507718,1026.5
502743,2288,9.0,185,0.5475,0.009177452429076251,1026.9
502929,2289,8.0,186,0.5474,0.01015908083323627,1027.4
503079,2290,3.0,150,0.5472,0.011648370550844717,1027.7
503271,2291,9.0,192,0.5471,0.009751994351972826,1028.2
503459,2292,10.0,188,0.5469,0.009969860082492232,1028.6
503596,2293,4.0,137,0.5468,0.010209215518885425,1028.9
503804,2294,9.0,208,0.5466,0.010670567338820547,1029.4
504200,2295,13.0,396,0.5462,0.008991856928773675,1030.3
504406,2296,9.0,206,0.546,0.009673272232141565,1030.7
504667,2297,10.0,261,0.5458,0.009006310798800909,1031.3
504851,2298,7.0,184,0.5456,0.009207438429534111,1031.7
505024,2299,5.0,173,0.5455,0.009619058051612228,1032.1
505328,2300,12.0,304,0.5452,0.010458517776753166,1032.8
506359,2301,30.0,1031,0.5443,0.010026732872780195,1035.0
506646,2302,11.0,287,0.544,0.010809638375778578,1035.7
506834,2303,10.0,188,0.5438,0.010020397271604297,1036.2
506994,2304,5.0,160,0.5437,0.008812580705853178,1036.5
507281,2305,9.0,287,0.5434,0.009743285455947949,1037.1
507430,2306,4.0,149,0.5433,0.007845402418358906,1037.4
507848,2307,15.0,418,0.5429,0.009265270137361118,1038.5
508067,2308,9.0,219,0.5427,0.009953267482126615,1039.0
508281,2309,8.0,214,0.5425,0.010576676016811419,1039.5
508518,2310,6.0,237,0.5423,0.008076746955955937,1040.0
508817,2311,11.0,299,0.5421,0.010576463891193271,1040.7
509115,2312,10.0,298,0.5418,0.011148856915030125,1041.4
509757,2313,27.0,642,0.5412,0.009413661002123624,1042.9
509965,2314,8.0,208,0.541,0.009900271682104526,1043.3
510247,2315,12.0,282,0.5408,0.010252940566611609,1044.0
510433,2316,9.0,186,0.5406,0.011775352110333264,1044.4
510577,2317,6.0,144,0.5405,0.013821274792361591,1044.7
510784,2318,8.0,207,0.5403,0.009449599312994486,1045.2
510972,2319,9.0,188,0.5401,0.012300402282717381,1045.7
511116,2320,4.0,144,0.54,0.01030881107888288,1046.0
511318,2321,8.0,202,0.5398,0.009968234580010176,1046.4
511522,2322,11.0,204,0.5396,0.010056552038911511,1046.9
511720,2323,9.0,198,0.5395,0.007654500545468182,1047.3
511906,2324,8.0,186,0.5393,0.01033429942174774,1047.7
512097,2325,9.0,191,0.5391,0.011095571479624292,1048.2
512282,2326,9.0,185,0.5389,0.010616066440453997,1048.6
512568,2327,10.0,286,0.5387,0.010712855201240422,1049.2
512849,2328,10.0,281,0.5384,0.01228362854037966,1049.8
513066,2329,9.0,217,0.5382,0.010239832987146522,1050.3
513362,2330,10.0,296,0.538,0.009726613788311748,1050.9
513553,2331,9.0,191,0.5378,0.010797198270059502,1051.3
513825,2332,11.0,272,0.5376,0.009251332632950781,1052.0
514255,2333,13.0,430,0.5372,0.010025956840950683,1052.9
514388,2334,4.0,133,0.5371,0.00911292974727557,1053.2
514569,2335,9.0,181,0.5369,0.010860839268813531,1053.6
514916,2336,11.0,347,0.5366,0.009318603836963403,1054.3
515060,2337,6.0,144,0.5364,0.012741891117507799,1054.6
515251,2338,9.0,191,0.5363,0.008666191210455082,1055.0
515404,2339,4.0,153,0.5361,0.012837380600663332,1055.4
515605,2340,7.0,201,0.536,0.00926325206644833,1055.8
515745,2341,4.0,140,0.5358,0.006766439468732902,1056.1
516178,2342,12.0,433,0.5354,0.010852582679406085,1057.1
516328,2343,6.0,150,0.5353,0.010940521293760915,1057.4
516532,2344,10.0,204,0.5351,0.010642952516254987,1057.8
517173,2345,22.0,641,0.5345,0.010183371664606967,1059.2
517354,2346,8.0,181,0.5344,0.008198995272525482,1059.6
517981,2347,23.0,627,0.5338,0.00905142438147146,1061.0
518168,2348,9.0,187,0.5336,0.011492222483131163,1061.4
518450,2349,11.0,282,0.5334,0.009392795768300337,1062.2
518707,2350,11.0,257,0.5332,0.01025807634141529,1062.9
518902,2351,7.0,195,0.533,0.010185851986348932,1063.5
519047,2352,5.0,145,0.5329,0.01024263268077953,1063.8
519321,2353,8.0,274,0.5326,0.010145674498441318,1064.5
519651,2354,15.0,330,0.5323,0.009096397507208876,1065.2
519929,2355,8.0,278,0.5321,0.011448350891337862,1065.9
520084,2356,7.0,155,0.5319,0.010337761030174218,1066.3
520283,2357,10.0,199,0.5317,0.009017944093603564,1066.8
520571,2358,10.0,288,0.5315,0.011161694600660767,1067.5
520780,2359,8.0,209,0.5313,0.011774566863610779,1067.9
521272,2360,13.0,492,0.5309,0.010395920153979847,1069.0
521536,2361,7.0,264,0.5306,0.008834624260833318,1069.6
521952,2362,11.0,416,0.5302,0.009341560418341452,1070.5
522141,2363,9.0,189,0.5301,0.009728810512163538,1070.9
522333,2364,9.0,192,0.5299,0.009145768761906462,1071.4
522501,2365,8.0,168,0.5297,0.010219302959740162,1071.8
523198,2366,19.0,697,0.5291,0.009039832865177044,1073.2
523462,2367,11.0,264,0.5289,0.009074903054473301,1073.8
523608,2368,3.0,146,0.5288,0.009111499426433363,1074.2
523805,2369,9.0,197,0.5286,0.009205280703359417,1074.6
524195,2370,15.0,390,0.5282,0.009952931674485355,1075.5
524347,2371,4.0,152,0.5281,0.010062895142350738,1075.8
524609,2372,9.0,262,0.5279,0.009787965255479017,1076.4
524702,2373,1.0,93,0.5278,0.009486407659057042,1076.6
525094,2374,12.0,392,0.5274,0.010034890926195954,1077.4
525442,2375,18.0,348,0.5271,0.009076727251789865,1078.2
525601,2376,6.0,159,0.527,0.010355545475613325,1078.5
525815,2377,9.0,214,0.5268,0.009001640954388762,1079.0
525961,2378,5.0,146,0.5266,0.009595674594763565,1079.4
526135,2379,8.0,174,0.5265,0.010118254005562427,1079.7
526916,2380,30.0,781,0.5258,0.008776756728125014,1081.4
527260,2381,10.0,344,0.5255,0.009877746783976639,1082.1
527463,2382,9.0,203,0.5253,0.010539923766627908,1082.5
527670,2383,10.0,207,0.5251,0.011246594269043552,1083.0
528032,2384,11.0,362,0.5248,0.010519183347011907,1083.8
528227,2385,10.0,195,0.5246,0.009473519875124717,1084.2
528927,2386,31.0,700,0.524,0.010757040736664619,1085.8
529130,2387,8.0,203,0.5238,0.010008500382194625,1086.3
529515,2388,11.0,385,0.5234,0.010209480332074842,1087.1
529698,2389,9.0,183,0.5233,0.009862249059116712,1087.5
530222,2390,21.0,524,0.5228,0.009165623074198383,1088.7
530414,2391,9.0,192,0.5226,0.00974190883183231,1089.1
530805,2392,10.0,391,0.5223,0.009689776143724365,1090.0
531273,2393,17.0,468,0.5219,0.009374751627811382,1091.0
531765,2394,17.0,492,0.5214,0.00921635659093537,1092.2
531920,2395,6.0,155,0.5213,0.009591776776151398,1092.5
532109,2396,9.0,189,0.5211,0.008059802247171706,1093.0
532386,2397,9.0,277,0.5209,0.009449843266654922,1093.6
532532,2398,6.0,146,0.5207,0.009432834403186634,1093.9
532730,2399,7.0,198,0.5205,0.01008062488494479,1094.3
533121,2400,15.0,391,0.5202,0.009881106248049408,1095.2
533304,2401,9.0,183,0.52,0.009677041929377161,1095.6
533829,2402,17.0,525,0.5196,0.00976977598558372,1096.8
534144,2403,11.0,315,0.5193,0.009992890478453682,1097.6
534310,2404,6.0,166,0.5191,0.00801333388677094,1097.9
534764,2405,14.0,454,0.5187,0.00900512830795426,1098.9
535208,2406,15.0,444,0.5183,0.009351161270830277,1099.9
535558,2407,15.0,350,0.518,0.010190992404696071,1100.7
535990,2408,13.0,432,0.5176,0.01027298015132719,1101.7
536371,2409,13.0,381,0.5173,0.009678148005255743,1102.6
536673,2410,10.0,302,0.517,0.008532644727414376,1103.2
536952,2411,8.0,279,0.5167,0.00808539363289518,1103.8
537250,2412,14.0,298,0.5165,0.010990399747734537,1104.6
537415,2413,8.0,165,0.5163,0.007280936674782779,1105.0
537558,2414,4.0,143,0.5162,0.011439223702634789,1105.3
538049,2415,23.0,491,0.5158,0.008626636271024259,1106.3
538320,2416,11.0,271,0.5155,0.009346664530526409,1106.9
538612,2417,11.0,292,0.5152,0.007873225912502776,1107.5
538927,2418,10.0,315,0.515,0.008909381749944236,1108.2
539162,2419,9.0,235,0.5148,0.007969828062075175,1108.7
539363,2420,10.0,201,0.5146,0.009050091439858078,1109.1
540246,2421,29.0,883,0.5138,0.010038073895271548,1111.1
540423,2422,9.0,177,0.5136,0.010349138010166247,1111.4
540595,2423,8.0,172,0.5135,0.01126507592799012,1111.8
540885,2424,13.0,290,0.5132,0.009129761842602533,1112.4
541073,2425,9.0,188,0.513,0.010319545671859004,1112.9
541283,2426,9.0,210,0.5128,0.009393489091263082,1113.3
541428,2427,4.0,145,0.5127,0.010737561381648521,1113.7
541630,2428,8.0,202,0.5125,0.01130952276289463,1114.1
541816,2429,8.0,186,0.5124,0.010743094068218736,1114.5
542103,2430,10.0,287,0.5121,0.00897847808582682,1115.2
542391,2431,11.0,288,0.5118,0.00974709827439963,1115.8
542866,2432,17.0,475,0.5114,0.010197969977235218,1116.8
543054,2433,8.0,188,0.5113,0.010054938143436262,1117.2
543198,2434,6.0,144,0.5111,0.00995305300845454,1117.6
543474,2435,10.0,276,0.5109,0.010062388157930927,1118.2
543814,2436,12.0,340,0.5106,0.00932746007490684,1118.9
544013,2437,11.0,199,0.5104,0.008308628196828068,1119.3
544209,2438,10.0,196,0.5102,0.008615295112855276,1119.8
544432,2439,6.0,223,0.51,0.009799082522347038,1120.3
544738,2440,13.0,306,0.5097,0.009885305480565876,1121.0
544914,2441,8.0,176,0.5096,0.008959366500758651,1121.5
545265,2442,11.0,351,0.5093,0.009824965830458414,1122.3
545457,2443,8.0,192,0.5091,0.009339914518932346,1122.7
545604,2444,4.0,147,0.509,0.010210798984091427,1123.1
545781,2445,10.0,177,0.5088,0.01029858235481449,1123.4
545959,2446,8.0,178,0.5086,0.008266017343637279,1123.8
546125,2447,5.0,166,0.5085,0.009919647665117822,1124.2
546417,2448,12.0,292,0.5082,0.009584351162081712,1124.9
546557,2449,5.0,140,0.5081,0.010174318369744079,1125.2
546729,2450,9.0,172,0.5079,0.010166077555135586,1125.6
546970,2451,10.0,241,0.5077,0.010247750805380445,1126.1
547293,2452,13.0,323,0.5074,0.008042741236334413,1126.8
547733,2453,17.0,440,0.507,0.010169045136056163,1127.8
547868,2454,4.0,135,0.5069,0.00995497772579684,1128.1
548068,2455,10.0,200,0.5067,0.010255201291292905,1128.6
548248,2456,8.0,180,0.5066,0.009678221633657813,1129.0
548584,2457,12.0,336,0.5063,0.011393258467294453,1129.8
548765,2458,8.0,181,0.5061,0.009023959882971314,1130.2
548954,2459,9.0,189,0.5059,0.008826620284804796,1130.6
549247,2460,13.0,293,0.5057,0.00879894057926658,1131.2
549473,2461,9.0,226,0.5055,0.010844371804411997,1131.7
549690,2462,10.0,217,0.5053,0.010380153932298223,1132.2
549847,2463,6.0,157,0.5051,0.009896207263526052,1132.5
550028,2464,7.0,181,0.505,0.010373180934592434,1132.9
550180,2465,8.0,152,0.5048,0.010455962239862665,1133.3
550607,2466,18.0,427,0.5045,0.009125566683305462,1134.2
550887,2467,8.0,280,0.5042,0.010717923224105367,1134.8
551031,2468,6.0,144,0.5041,0.011362417310010642,1135.1
551254,2469,11.0,223,0.5039,0.009724477476473632,1135.6
551865,2470,19.0,611,0.5033,0.01020952203429724,1137.0
552236,2471,13.0,371,0.503,0.010370599877049205,1137.8
552421,2472,7.0,185,0.5028,0.010895860943254893,1138.3
552759,2473,11.0,338,0.5025,0.010995864313805387,1139.0
553039,2474,11.0,280,0.5023,0.010378989693708717,1139.7
553241,2475,9.0,202,0.5021,0.010826675070668845,1140.2
553606,2476,13.0,365,0.5018,0.01012048898469452,1141.0
553777,2477,7.0,171,0.5016,0.010400674641565529,1141.4
554217,2478,20.0,440,0.5012,0.009508462620645084,1142.5
554362,2479,4.0,145,0.5011,0.010315890275200622,1142.8
554732,2480,12.0,370,0.5007,0.009674166476914799,1143.7
554993,2481,10.0,261,0.5005,0.009135540324048353,1144.3
555085,2482,0.0,92,0.5004,0.008141590849212978,1144.5
555390,2483,11.0,305,0.5001,0.009841559635548803,1145.3
555731,2484,11.0,341,0.4998,0.008293571210849811,1146.2
556326,2485,23.0,595,0.4993,0.009909174051885837,1147.6
556707,2486,14.0,381,0.499,0.009830307988695016,1148.6
556932,2487,8.0,225,0.4988,0.010642346182609336,1149.1
557152,2488,10.0,220,0.4986,0.01042925438166342,1149.6
557520,2489,11.0,368,0.4982,0.009784440231590492,1150.5
557714,2490,9.0,194,0.4981,0.011646131368858429,1151.0
557855,2491,6.0,141,0.4979,0.00986607548381601,1151.4
558110,2492,11.0,255,0.4977,0.009778021674719639,1152.0
558468,2493,12.0,358,0.4974,0.009648670923585694,1152.9
558652,2494,8.0,184,0.4972,0.009336953511988015,1153.4
558843,2495,10.0,191,0.497,0.008906374413004898,1153.9
559245,2496,16.0,402,0.4967,0.010371693161011922,1155.0
559440,2497,8.0,195,0.4965,0.009176075881423086,1155.5
559707,2498,10.0,267,0.4963,0.010089949443654128,1156.2
559895,2499,10.0,188,0.4961,0.010702260730272911,1156.6
560079,2500,8.0,184,0.4959,0.009782153925777453,1157.1
560270,2501,7.0,191,0.4958,0.009729915938805789,1157.5
560470,2502,8.0,200,0.4956,0.011234338860958815,1158.0
560664,2503,7.0,194,0.4954,0.010129883624043087,1158.4
560819,2504,7.0,155,0.4953,0.010394044741252927,1158.8
561036,2505,10.0,217,0.4951,0.011908925722607157,1159.3
561212,2506,8.0,176,0.4949,0.010385532154362987,1159.7
561379,2507,6.0,167,0.4948,0.009635105760336467,1160.1
561568,2508,9.0,189,0.4946,0.011059853321057744,1160.6
561885,2509,16.0,317,0.4943,0.011702378404244214,1161.4
562230,2510,18.0,345,0.494,0.010977960817061018,1162.3
562420,2511,10.0,190,0.4938,0.009854735690169036,1162.9
562628,2512,8.0,208,0.4936,0.009483115138629308,1163.4
562792,2513,9.0,164,0.4935,0.011439195845457838,1163.8
563186,2514,18.0,394,0.4931,0.010769514381239305,1164.8
563374,2515,9.0,188,0.493,0.009062736210948292,1165.3
563543,2516,8.0,169,0.4928,0.011923444862033995,1165.7
563889,2517,13.0,346,0.4925,0.011824531646595261,1166.5
564174,2518,11.0,285,0.4922,0.010150310039048044,1167.1
564473,2519,11.0,299,0.492,0.010533932788918416,1167.8
564626,2520,9.0,153,0.4918,0.010493680234312228,1168.1
564829,2521,8.0,203,0.4917,0.01157711584614042,1168.6
565156,2522,12.0,327,0.4914,0.009206794500464528,1169.4
565406,2523,8.0,250,0.4911,0.011306822502745255,1170.0
565666,2524,11.0,260,0.4909,0.009811648271548061,1170.6
565958,2525,12.0,292,0.4906,0.010274867913111637,1171.3
566664,2526,21.0,706,0.49,0.009892439311843807,1172.9
567116,2527,19.0,452,0.4896,0.009677127978261726,1174.0
567322,2528,8.0,206,0.4894,0.010348484805766858,1174.5
567585,2529,9.0,263,0.4892,0.009016071298074994,1175.1
567905,2530,12.0,320,0.4889,0.008744306827429682,1175.9
568099,2531,10.0,194,0.4887,0.010422553442670809,1176.4
568294,2532,9.0,195,0.4885,0.00919603426674647,1176.9
568570,2533,9.0,276,0.4883,0.010755910561757459,1177.5
568744,2534,9.0,174,0.4881,0.009215920798438177,1177.9
569055,2535,12.0,311,0.4879,0.009952694795989469,1178.7
569266,2536,8.0,211,0.4877,0.009877606751924416,1179.2
569463,2537,10.0,197,0.4875,0.009648302251625121,1179.7
569639,2538,8.0,176,0.4873,0.010960565377238461,1180.1
569797,2539,7.0,158,0.4872,0.009973311028443278,1180.5
569967,2540,9.0,170,0.487,0.010901371371887979,1180.9
570109,2541,3.0,142,0.4869,0.01216831706955822,1181.2
570430,2542,13.0,321,0.4866,0.009821068278688472,1181.9
570625,2543,9.0,195,0.4864,0.010050518666299023,1182.4
570801,2544,8.0,176,0.4863,0.00962867162359709,1182.8
571085,2545,14.0,284,0.486,0.011378717474298368,1183.5
571432,2546,15.0,347,0.4857,0.00981746358668496,1184.3
571690,2547,10.0,258,0.4855,0.011544187367690029,1184.9
571981,2548,12.0,291,0.4852,0.011275555632294041,1185.6
572141,2549,8.0,160,0.4851,0.012244843819644302,1186.0
572321,2550,8.0,180,0.4849,0.011018420957649747,1186.4
572493,2551,5.0,172,0.4848,0.01138771374081803,1186.8
572695,2552,10.0,202,0.4846,0.009339771480299533,1187.3
572957,2553,10.0,262,0.4843,0.00974235936971099,1187.8
573144,2554,8.0,187,0.4842,0.011291034698010759,1188.3
573342,2555,10.0,198,0.484,0.009467300536034971,1188.7
573496,2556,6.0,154,0.4839,0.008102856701813065,1189.1
573902,2557,16.0,406,0.4835,0.009954354382295272,1189.9
574279,2558,18.0,377,0.4831,0.009073795366814321,1190.7
574485,2559,9.0,206,0.483,0.01016032063545516,1191.2
574914,2560,15.0,429,0.4826,0.01021937736109874,1192.1
575059,2561,6.0,145,0.4824,0.010848905800634788,1192.5
575255,2562,9.0,196,0.4823,0.009978197500755896,1192.9
576088,2563,29.0,833,0.4815,0.010139962230501563,1194.8
576285,2564,10.0,197,0.4813,0.011036256850906173,1195.3
576435,2565,7.0,150,0.4812,0.011848435139384222,1195.6
576931,2566,23.0,496,0.4808,0.008875124120799403,1196.8
577119,2567,9.0,188,0.4806,0.01144663208818182,1197.2
577545,2568,20.0,426,0.4802,0.009899073841798807,1198.3
577752,2569,9.0,207,0.48,0.009464624870675974,1198.8
578034,2570,11.0,282,0.4798,0.010658947711012194,1199.5
578216,2571,9.0,182,0.4796,0.009524501399542003,1199.9
578530,2572,12.0,314,0.4793,0.010158279970383797,1200.6
578696,2573,6.0,166,0.4792,0.011378143686756846,1201.0
578785,2574,1.0,89,0.4791,0.008786792432974007,1201.2
579131,2575,18.0,346,0.4788,0.009313146318417303,1202.1
579314,2576,9.0,183,0.4786,0.010403420350959768,1202.5
579492,2577,6.0,178,0.4785,0.007913421420380474,1202.9
579789,2578,10.0,297,0.4782,0.009707013440846995,1203.6
580082,2579,11.0,293,0.4779,0.011780390755133065,1204.3
580414,2580,12.0,332,0.4776,0.009144173068252492,1205.2
580594,2581,8.0,180,0.4775,0.009511771161730092,1205.6
580775,2582,8.0,181,0.4773,0.011235200913829936,1206.0
581041,2583,11.0,266,0.4771,0.009399219492533759,1206.7
581355,2584,12.0,314,0.4768,0.008957034335113488,1207.4
581501,2585,4.0,146,0.4766,0.008344163073579202,1207.8
581664,2586,7.0,163,0.4765,0.010570635774922444,1208.2
581958,2587,10.0,294,0.4762,0.007830049507702663,1208.9
582216,2588,10.0,258,0.476,0.011521532476091613,1209.6
582389,2589,8.0,173,0.4758,0.008833747422106044,1210.0
582721,2590,12.0,332,0.4756,0.009416901453184974,1210.8
582886,2591,5.0,165,0.4754,0.008170156648791418,1211.1
583331,2592,17.0,445,0.475,0.00941246409631997,1212.1
583705,2593,13.0,374,0.4747,0.00918930319653071,1213.0
584038,2594,14.0,333,0.4744,0.010452976419466985,1213.7
584442,2595,16.0,404,0.474,0.009960935209038676,1214.7
584597,2596,7.0,155,0.4739,0.011317869994598322,1215.2
584775,2597,10.0,178,0.4737,0.008457008362959394,1215.6
584936,2598,8.0,161,0.4736,0.010297680722276976,1216.0
585456,2599,23.0,520,0.4731,0.009218084945594176,1217.3
585664,2600,9.0,208,0.4729,0.009042654647670973,1217.8
585936,2601,8.0,272,0.4727,0.008655955652048922,1218.5
586280,2602,15.0,344,0.4723,0.010734555484770342,1219.3
586484,2603,8.0,204,0.4722,0.009966749647705286,1219.7
586854,2604,17.0,370,0.4718,0.0097586665651761,1220.6
587154,2605,10.0,300,0.4716,0.008432180822516481,1221.4
587645,2606,19.0,491,0.4711,0.008279042848484302,1222.5
587821,2607,6.0,176,0.471,0.009573365979700942,1222.9
588096,2608,11.0,275,0.4707,0.008017680290546537,1223.6
588253,2609,7.0,157,0.4706,0.008134816397124758,1224.0
588417,2610,6.0,164,0.4704,0.0077986031395905625,1224.4
588631,2611,9.0,214,0.4702,0.009184159435120956,1224.9
588818,2612,8.0,187,0.4701,0.00772072021611669,1225.3
589095,2613,9.0,277,0.4698,0.009818565270836478,1226.0
589370,2614,11.0,275,0.4696,0.010244929194585353,1226.7
589590,2615,9.0,220,0.4694,0.009044633936983617,1227.2
589744,2616,8.0,154,0.4692,0.009744160378781648,1227.5
589948,2617,10.0,204,0.469,0.00891126063195806,1228.0
590132,2618,5.0,184,0.4689,0.009899241146226615,1228.3
590322,2619,10.0,190,0.4687,0.00911561905485677,1228.7
590749,2620,18.0,427,0.4683,0.010424242753135127,1229.7
590940,2621,10.0,191,0.4682,0.010563623344448084,1230.2
591104,2622,7.0,164,0.468,0.00916364152132102,1230.6
591353,2623,11.0,249,0.4678,0.011116799353922327,1231.1
591541,2624,7.0,188,0.4676,0.008907636038047518,1231.6
591790,2625,8.0,249,0.4674,0.01300095702566567,1232.2
591955,2626,6.0,165,0.4672,0.010030912419940094,1232.5
592198,2627,9.0,243,0.467,0.009756561628252756,1233.1
592405,2628,10.0,207,0.4668,0.011221271035118172,1233.6
592614,2629,8.0,209,0.4666,0.010246122596212305,1234.0
592859,2630,9.0,245,0.4664,0.011063904486230163,1234.6
593062,2631,7.0,203,0.4662,0.009641641878760328,1235.1
593273,2632,10.0,211,0.4661,0.008996545455752398,1235.5
593555,2633,10.0,282,0.4658,0.010438727158387857,1236.2
593747,2634,9.0,192,0.4656,0.009037705890174644,1236.6
594031,2635,12.0,284,0.4654,0.008625535950274535,1237.2
594182,2636,7.0,151,0.4652,0.009159810393803605,1237.6
594441,2637,11.0,259,0.465,0.009950299170584632,1238.1
594665,2638,8.0,224,0.4648,0.010702661729218172,1238.6
594891,2639,9.0,226,0.4646,0.00957470533986842,1239.1
595063,2640,7.0,172,0.4644,0.010777670965898175,1239.4
595266,2641,10.0,203,0.4643,0.009571388957328071,1239.9
595426,2642,9.0,160,0.4641,0.009510437457356602,1240.3
595877,2643,16.0,451,0.4637,0.010353746405695525,1241.2
596021,2644,3.0,144,0.4636,0.011703988168543825,1241.6
596187,2645,8.0,166,0.4634,0.009437884351738342,1242.0
596461,2646,11.0,274,0.4632,0.00943608976819593,1242.6
596734,2647,10.0,273,0.4629,0.009972925239708275,1243.2
596877,2648,3.0,143,0.4628,0.007998814864549786,1243.5
597079,2649,10.0,202,0.4626,0.01321053819730878,1243.9
597234,2650,5.0,155,0.4625,0.011296438411451303,1244.3
597603,2651,17.0,369,0.4622,0.010677851326561169,1245.1
598147,2652,22.0,544,0.4617,0.0099683796904762,1246.3
598395,2653,10.0,248,0.4614,0.009540204420655726,1246.8
598657,2654,10.0,262,0.4612,0.011465909569806448,1247.4
598810,2655,6.0,153,0.4611,0.013480516414060012,1247.7
599100,2656,14.0,290,0.4608,0.009598520538157285,1248.4
599319,2657,10.0,219,0.4606,0.011172354178227208,1248.9
599607,2658,14.0,288,0.4604,0.008687733831013449,1249.6
599777,2659,8.0,170,0.4602,0.011301640670226758,1250.0
599954,2660,9.0,177,0.46,0.009109252841550518,1250.4
600135,2661,8.0,181,0.4599,0.011390262490345372,1250.9
600391,2662,11.0,256,0.4596,0.010107188656547805,1251.5
600713,2663,15.0,322,0.4594,0.010909097145575985,1252.2
600906,2664,8.0,193,0.4592,0.011443408443786515,1252.6
601177,2665,10.0,271,0.4589,0.011808843769626143,1253.2
601519,2666,10.0,342,0.4586,0.01036303103353609,1254.0
601695,2667,8.0,176,0.4585,0.009911987290252,1254.3
601919,2668,10.0,224,0.4583,0.011534131206904672,1254.9
602077,2669,8.0,158,0.4581,0.01178154427325353,1255.2
602461,2670,11.0,384,0.4578,0.011139052590200057,1256.2
602654,2671,10.0,193,0.4576,0.0113367013836978,1256.7
602829,2672,8.0,175,0.4575,0.010929422426587817,1257.1
603252,2673,17.0,423,0.4571,0.01195965566285798,1258.1
603438,2674,9.0,186,0.4569,0.011225737616136346,1258.6
603864,2675,22.0,426,0.4565,0.01182535179742725,1259.6
604170,2676,12.0,306,0.4562,0.0096452250911266,1260.4
604380,2677,8.0,210,0.4561,0.00992377499505034,1260.8
604625,2678,10.0,245,0.4558,0.011462567961912175,1261.4
605018,2679,12.0,393,0.4555,0.01075455445881781,1262.3
605196,2680,8.0,178,0.4553,0.011466465005651117,1262.8
605376,2681,7.0,180,0.4552,0.010237538390275506,1263.3
605639,2682,10.0,263,0.4549,0.00987207953674862,1263.9
605940,2683,9.0,301,0.4547,0.009901804203094033,1264.6
606276,2684,18.0,336,0.4544,0.011454366582689718,1265.6
606561,2685,8.0,285,0.4541,0.010714401687744637,1266.3
606706,2686,4.0,145,0.454,0.012955421219683357,1266.7
606997,2687,12.0,291,0.4537,0.010029956771775263,1267.4
607200,2688,9.0,203,0.4535,0.010217165177249733,1267.9
607378,2689,10.0,178,0.4534,0.009836247280790385,1268.3
607553,2690,9.0,175,0.4532,0.010937988228926604,1268.8
607824,2691,10.0,271,0.453,0.010458929714171545,1269.5
607996,2692,9.0,172,0.4528,0.010375299361036268,1269.9
608144,2693,8.0,148,0.4527,0.007871883694787283,1270.2
608413,2694,10.0,269,0.4524,0.010678311667418968,1270.8
608606,2695,7.0,193,0.4523,0.010712011503831794,1271.3
608861,2696,9.0,255,0.452,0.01102566812915029,1271.9
609403,2697,18.0,542,0.4515,0.01163078095867402,1273.2
609731,2698,16.0,328,0.4512,0.011130349091594903,1274.0
609996,2699,10.0,265,0.451,0.009568682552051188,1274.6
610258,2700,10.0,262,0.4508,0.01157202604226768,1275.3
610450,2701,10.0,192,0.4506,0.013806445829686709,1275.7
610619,2702,8.0,169,0.4504,0.012759167163278021,1276.1
610999,2703,15.0,380,0.4501,0.011615956670261527,1277.1
611187,2704,7.0,188,0.4499,0.010738788801740775,1277.5
611529,2705,11.0,342,0.4496,0.01052670068307888,1278.4
611925,2706,17.0,396,0.4493,0.010812574661233358,1279.3
612092,2707,6.0,167,0.4491,0.010922166230600504,1279.7
612260,2708,7.0,168,0.449,0.011550854148697994,1280.1
612449,2709,9.0,189,0.4488,0.00829159857784497,1280.5
612802,2710,16.0,353,0.4485,0.01278558617129668,1281.5
612946,2711,6.0,144,0.4483,0.0074718252969129635,1281.8
613130,2712,10.0,184,0.4482,0.01374940702226013,1282.2
613349,2713,7.0,219,0.448,0.009472434552894397,1282.8
613633,2714,10.0,284,0.4477,0.010218410260817955,1283.5
613801,2715,7.0,168,0.4476,0.010548230920297405,1283.9
614153,2716,10.0,352,0.4473,0.011957108294485475,1284.7
614450,2717,15.0,297,0.447,0.009490050391193378,1285.4
614666,2718,10.0,216,0.4468,0.012311793294631772,1286.0
614819,2719,5.0,153,0.4467,0.010383047420825613,1286.4
614992,2720,9.0,173,0.4465,0.011722100184256718,1286.8
615202,2721,10.0,210,0.4463,0.009122486785949709,1287.3
615533,2722,10.0,331,0.446,0.011061503237719277,1288.1
615870,2723,11.0,337,0.4457,0.009578234186240783,1288.8
616053,2724,8.0,183,0.4456,0.011929784602809535,1289.2
616213,2725,6.0,160,0.4454,0.009370014141313731,1289.6
616488,2726,10.0,275,0.4452,0.010678149645041296,1290.3
616674,2727,8.0,186,0.445,0.008921132883583397,1290.7
616855,2728,9.0,181,0.4448,0.011098078938408031,1291.1
617196,2729,12.0,341,0.4445,0.010949216931950041,1291.8
617487,2730,15.0,291,0.4443,0.01130260977596562,1292.4
617743,2731,11.0,256,0.444,0.01065366324473871,1293.1
618058,2732,12.0,315,0.4437,0.010120611690880753,1293.8
618274,2733,9.0,216,0.4436,0.009917853512214843,1294.3
618424,2734,7.0,150,0.4434,0.009119205654745824,1294.6
618794,2735,13.0,370,0.4431,0.011159485135146457,1295.5
618933,2736,6.0,139,0.443,0.009923765741820847,1295.9
619387,2737,14.0,454,0.4426,0.011398763919199726,1296.9
619735,2738,13.0,348,0.4422,0.011468471713021568,1297.7
619929,2739,9.0,194,0.4421,0.011481817046712552,1298.2
620066,2740,4.0,137,0.4419,0.011526255895767142,1298.5
620240,2741,9.0,174,0.4418,0.012560720285612413,1298.9
620442,2742,8.0,202,0.4416,0.010683721359819175,1299.4
620611,2743,7.0,169,0.4415,0.01269617714154135,1299.7
620771,2744,8.0,160,0.4413,0.011547754815546795,1300.1
621186,2745,17.0,415,0.4409,0.010649042793934664,1301.0
621379,2746,10.0,193,0.4408,0.01150058135196256,1301.4
621672,2747,15.0,293,0.4405,0.011192731335885017,1302.1
621839,2748,9.0,167,0.4403,0.010513291183132224,1302.4
622160,2749,10.0,321,0.4401,0.011361000317804239,1303.1
622302,2750,4.0,142,0.4399,0.009850637914080704,1303.4
622517,2751,10.0,215,0.4397,0.0092642161934809,1303.9
622790,2752,12.0,273,0.4395,0.011736759878284134,1304.6
623209,2753,16.0,419,0.4391,0.010966251621998492,1305.5
623629,2754,19.0,420,0.4387,0.01077851594115297,1306.4
623971,2755,14.0,342,0.4384,0.012029059097061262,1307.1
624528,2756,20.0,557,0.4379,0.011514294332092894,1308.3
624686,2757,6.0,158,0.4378,0.011960997867087523,1308.7
625395,2758,24.0,709,0.4371,0.01112782864142104,1310.3
625576,2759,8.0,181,0.437,0.01254563755861929,1310.7
626195,2760,25.0,619,0.4364,0.010229098376237436,1312.1
626456,2761,9.0,261,0.4362,0.00974604415453293,1312.7
626621,2762,5.0,165,0.436,0.010919303695739405,1313.1
626805,2763,7.0,184,0.4359,0.010127485486800257,1313.6
627021,2764,6.0,216,0.4357,0.011550777971192642,1314.0
627209,2765,8.0,188,0.4355,0.010616285984027894,1314.5
627489,2766,10.0,280,0.4353,0.010173684228876871,1315.2
627701,2767,10.0,212,0.4351,0.011204019298706696,1315.7
627985,2768,10.0,284,0.4348,0.01149735593853492,1316.4
628286,2769,14.0,301,0.4345,0.012888970446462433,1317.0
628444,2770,6.0,158,0.4344,0.009194173850119114,1317.4
628985,2771,18.0,541,0.4339,0.011346390908928933,1318.7
629167,2772,7.0,182,0.4337,0.011418366284730534,1319.1
629323,2773,7.0,156,0.4336,0.013374032428822456,1319.4
629489,2774,8.0,166,0.4335,0.009561906945669935,1319.8
629676,2775,9.0,187,0.4333,0.010066342956208169,1320.2
629852,2776,8.0,176,0.4331,0.010226043105252425,1320.6
630025,2777,8.0,173,0.433,0.012377741405480477,1321.0
630192,2778,7.0,167,0.4328,0.010339015640229696,1321.4
630370,2779,8.0,178,0.4327,0.010544829403939233,1321.9
631109,2780,25.0,739,0.432,0.011631942396933163,1323.5
631281,2781,9.0,172,0.4318,0.01174262398853898,1324.0
631477,2782,8.0,196,0.4317,0.011832495714176675,1324.4
631858,2783,17.0,381,0.4313,0.010664648734229176,1325.4
632073,2784,10.0,215,0.4311,0.01040643470413569,1325.9
632457,2785,20.0,384,0.4308,0.012157499096550358,1326.7
632632,2786,8.0,175,0.4306,0.010059370950330049,1327.1
632816,2787,9.0,184,0.4305,0.009434495156671366,1327.6
633018,2788,7.0,202,0.4303,0.01000514104962349,1328.1
633179,2789,8.0,161,0.4301,0.010371704696444795,1328.5
633454,2790,10.0,275,0.4299,0.01118956714787561,1329.2
633838,2791,19.0,384,0.4295,0.009437981367227621,1330.1
634030,2792,10.0,192,0.4294,0.010354924869413177,1330.6
634265,2793,8.0,235,0.4292,0.012276050816211154,1331.1
634466,2794,8.0,201,0.429,0.012739662840031087,1331.5
634666,2795,8.0,200,0.4288,0.009567405004054308,1332.0
634854,2796,9.0,188,0.4286,0.01050518091490611,1332.5
635033,2797,7.0,179,0.4285,0.008615644110573663,1332.9
635340,2798,11.0,307,0.4282,0.009666674631321199,1333.5
635551,2799,10.0,211,0.428,0.01135075723197168,1334.0
635726,2800,10.0,175,0.4278,0.0074128766798160295,1334.4
636064,2801,15.0,338,0.4275,0.010437582167522871,1335.2
636471,2802,13.0,407,0.4272,0.009958392809062163,1336.1
636627,2803,7.0,156,0.427,0.011177015257999301,1336.4
636832,2804,9.0,205,0.4269,0.009944829736084033,1337.0
637320,2805,20.0,488,0.4264,0.00910246510585373,1338.1
637481,2806,6.0,161,0.4263,0.009836823283694684,1338.5
637787,2807,13.0,306,0.426,0.010898499516770244,1339.2
637966,2808,8.0,179,0.4258,0.01128424084227946,1339.6
638216,2809,11.0,250,0.4256,0.010458842662739613,1340.3
638395,2810,9.0,179,0.4254,0.008931444545107131,1340.7
638850,2811,16.0,455,0.425,0.011024464975650372,1341.8
639193,2812,16.0,343,0.4247,0.010850749899048445,1342.6
639376,2813,9.0,183,0.4246,0.010841090697795153,1343.0
639556,2814,9.0,180,0.4244,0.009869267331022355,1343.4
639838,2815,11.0,282,0.4241,0.009966076288505325,1344.1
640102,2816,11.0,264,0.4239,0.010406758304628911,1344.7
640354,2817,11.0,252,0.4237,0.010408685095460406,1345.3
640534,2818,9.0,180,0.4235,0.010087063629180193,1345.7
640842,2819,11.0,308,0.4232,0.010626035328204561,1346.4
641020,2820,8.0,178,0.4231,0.011687675092576278,1346.8
641202,2821,8.0,182,0.4229,0.009128404098252456,1347.3
641377,2822,8.0,175,0.4228,0.011363259310283784,1347.7
641628,2823,10.0,251,0.4225,0.011138179694258031,1348.2
641801,2824,9.0,173,0.4224,0.009683029200925036,1348.6
642010,2825,11.0,209,0.4222,0.011620703695091205,1349.0
642098,2826,1.0,88,0.4221,0.008928677342324094,1349.2
642287,2827,9.0,189,0.4219,0.010369840167225041,1349.6
642476,2828,9.0,189,0.4218,0.010948610380485965,1350.1
642656,2829,8.0,180,0.4216,0.0116295017198556,1350.5
642924,2830,10.0,268,0.4214,0.010085181711908819,1351.1
643181,2831,10.0,257,0.4211,0.011897010452230461,1351.6
643321,2832,5.0,140,0.421,0.010257593236331429,1352.0
643536,2833,11.0,215,0.4208,0.011905224950708173,1352.6
643727,2834,9.0,191,0.4206,0.010900758241521234,1353.1
644007,2835,11.0,280,0.4204,0.00993096070763256,1353.8
644224,2836,10.0,217,0.4202,0.011582230251621117,1354.4
644383,2837,8.0,159,0.4201,0.01200915372166305,1354.8
644634,2838,10.0,251,0.4198,0.009940795304756316,1355.4
645159,2839,22.0,525,0.4194,0.01118584786797696,1356.7
645442,2840,14.0,283,0.4191,0.008736656637678683,1357.4
645639,2841,9.0,197,0.4189,0.01126600107729283,1357.8
646046,2842,17.0,407,0.4186,0.009462580642909469,1358.8
646348,2843,12.0,302,0.4183,0.011038496152889965,1359.4
646532,2844,8.0,184,0.4181,0.011071609323034469,1359.9
646757,2845,7.0,225,0.4179,0.009137721632474236,1360.4
646948,2846,9.0,191,0.4177,0.008716488155187108,1360.8
647254,2847,13.0,306,0.4175,0.01010243550531174,1361.5
647564,2848,11.0,310,0.4172,0.009738357146628775,1362.2
648167,2849,26.0,603,0.4166,0.010338203326488535,1363.5
648418,2850,11.0,251,0.4164,0.011099757181317916,1364.1
648573,2851,7.0,155,0.4163,0.011083460520379819,1364.4
648737,2852,7.0,164,0.4161,0.010279909633781488,1364.8
648921,2853,8.0,184,0.416,0.010158161683332013,1365.2
649294,2854,18.0,373,0.4156,0.01090977209500007,1366.1
649456,2855,7.0,162,0.4155,0.011776981721972911,1366.5
649682,2856,10.0,226,0.4153,0.010715739319234021,1367.0
649882,2857,9.0,200,0.4151,0.008679166128858924,1367.5
650067,2858,9.0,185,0.4149,0.010001025435960164,1367.9
650359,2859,11.0,292,0.4147,0.010016126791015267,1368.6
650667,2860,15.0,308,0.4144,0.011875420367321024,1369.2
650881,2861,9.0,214,0.4142,0.00978080462233198,1369.7
651050,2862,8.0,169,0.4141,0.013624946104495652,1370.1
651190,2863,4.0,140,0.4139,0.008867864177695342,1370.4
651361,2864,8.0,171,0.4138,0.014077174818403152,1370.8
651576,2865,9.0,215,0.4136,0.010280434318162777,1371.3
652211,2866,23.0,635,0.413,0.009945409670118479,1372.8
652609,2867,16.0,398,0.4127,0.011207340606488288,1373.6
652796,2868,8.0,187,0.4125,0.010182495949730436,1374.1
652999,2869,9.0,203,0.4123,0.009287149109877647,1374.5
653374,2870,15.0,375,0.412,0.011282121980602437,1375.3
653526,2871,6.0,152,0.4118,0.009678647749273009,1375.7
653798,2872,12.0,272,0.4116,0.010296849866041584,1376.3
654097,2873,12.0,299,0.4113,0.010683436548958222,1377.0
654602,2874,14.0,505,0.4109,0.010534700142988374,1378.2
654805,2875,9.0,203,0.4107,0.00876821381240791,1378.6
654952,2876,6.0,147,0.4105,0.011945815907942282,1379.0
655243,2877,14.0,291,0.4103,0.009530652899734883,1379.7
655433,2878,9.0,190,0.4101,0.010052060776312524,1380.1
655913,2879,20.0,480,0.4097,0.011847632704302669,1381.3
656226,2880,14.0,313,0.4094,0.00994625264325012,1382.0
656663,2881,18.0,437,0.409,0.01126832939436608,1383.1
657089,2882,18.0,426,0.4086,0.010974887673629918,1384.1
657360,2883,11.0,271,0.4084,0.007695033101994982,1384.8
657705,2884,18.0,345,0.4081,0.010842595355000434,1385.6
658110,2885,17.0,405,0.4077,0.010443421908294653,1386.6
658303,2886,9.0,193,0.4075,0.00925763585352494,1387.1
658589,2887,14.0,286,0.4073,0.00967085336580769,1387.8
658863,2888,12.0,274,0.407,0.01099021136007436,1388.5
659032,2889,7.0,169,0.4069,0.010767029774331943,1388.9
659236,2890,10.0,204,0.4067,0.009837406189820054,1389.4
659426,2891,9.0,190,0.4065,0.010263553652119763,1389.9
659634,2892,6.0,208,0.4063,0.011923349211708857,1390.4
659903,2893,13.0,269,0.4061,0.009276081133745055,1391.1
660075,2894,8.0,172,0.4059,0.010701534787712748,1391.5
660366,2895,13.0,291,0.4057,0.012253731387118771,1392.2
660547,2896,10.0,181,0.4055,0.011571547145851784,1392.7
660722,2897,9.0,175,0.4054,0.011811772610103204,1393.1
660910,2898,9.0,188,0.4052,0.008841148191230727,1393.5
661088,2899,8.0,178,0.405,0.011612835474726227,1394.0
661634,2900,28.0,546,0.4045,0.011975449741037343,1395.3
662023,2901,16.0,389,0.4042,0.010003592384518268,1396.3
662215,2902,9.0,192,0.404,0.010167987503033752,1396.7
662399,2903,9.0,184,0.4038,0.011860200117909066,1397.2
662559,2904,7.0,160,0.4037,0.009569991257740185,1397.6
662706,2905,5.0,147,0.4036,0.00934989399880775,1397.9
662889,2906,9.0,183,0.4034,0.010732246886776842,1398.4
663057,2907,10.0,168,0.4032,0.010887324482956458,1398.8
663206,2908,6.0,149,0.4031,0.010315866568251638,1399.1
663407,2909,9.0,201,0.4029,0.008672915478236974,1399.5
663755,2910,18.0,348,0.4026,0.009846594393381784,1400.4
663980,2911,9.0,225,0.4024,0.01266777883038709,1400.9
664159,2912,7.0,179,0.4023,0.012639820263509384,1401.3
664314,2913,4.0,155,0.4021,0.010366254145852648,1401.7
664584,2914,10.0,270,0.4019,0.011688895277021563,1402.4
664755,2915,8.0,171,0.4017,0.01032919205525624,1402.8
664955,2916,9.0,200,0.4015,0.011698589255101978,1403.3
665160,2917,9.0,205,0.4014,0.010303584254310967,1403.8
665479,2918,13.0,319,0.4011,0.009478461361325146,1404.6
665635,2919,8.0,156,0.4009,0.009422929760498496,1404.9
665828,2920,10.0,193,0.4008,0.010290422562357723,1405.4
666013,2921,10.0,185,0.4006,0.009288334348441465,1405.9
666249,2922,11.0,236,0.4004,0.008938891878272643,1406.4
666522,2923,13.0,273,0.4001,0.010334475034409586,1407.1
666720,2924,10.0,198,0.4,0.01074308113195002,1407.6
667161,2925,19.0,441,0.3996,0.010621454479934817,1408.6
667340,2926,8.0,179,0.3994,0.010489503671932552,1409.0
667764,2927,20.0,424,0.399,0.010706295331781905,1410.0
667973,2928,9.0,209,0.3988,0.012283920941766925,1410.5
668168,2929,9.0,195,0.3986,0.009293187447652524,1411.0
668353,2930,9.0,185,0.3985,0.010212996807556761,1411.4
668738,2931,20.0,385,0.3981,0.011209832824533805,1412.2
668873,2932,5.0,135,0.398,0.010336371261955184,1412.5
669019,2933,4.0,146,0.3979,0.01013639574456546,1412.8
669213,2934,10.0,194,0.3977,0.012363508163134054,1413.3
669407,2935,8.0,194,0.3975,0.009621411494057005,1413.7
669580,2936,9.0,173,0.3974,0.008311959031164984,1414.1
669990,2937,20.0,410,0.397,0.011137518026254267,1415.0
670164,2938,9.0,174,0.3969,0.009901493417353115,1415.5
670467,2939,12.0,303,0.3966,0.01159545355476439,1416.2
670748,2940,14.0,281,0.3963,0.012665643897825773,1416.8
671034,2941,14.0,286,0.3961,0.011526530546228021,1417.5
671189,2942,7.0,155,0.3959,0.012240656347085651,1417.8
671476,2943,14.0,287,0.3957,0.009117216324537165,1418.6
671685,2944,9.0,209,0.3955,0.01136540657786939,1419.1
671846,2945,8.0,161,0.3953,0.010879770206520334,1419.4
671931,2946,1.0,85,0.3953,0.009374881096716439,1419.6
672148,2947,10.0,217,0.3951,0.011725201576270841,1420.2
672596,2948,21.0,448,0.3947,0.010951108741989759,1421.5
673122,2949,24.0,526,0.3942,0.010686319755063256,1422.9
673279,2950,8.0,157,0.394,0.009271777085721111,1423.2
673872,2951,20.0,593,0.3935,0.010959681521963653,1424.7
674288,2952,18.0,416,0.3931,0.010850927214890432,1425.7
674439,2953,6.0,151,0.393,0.013223852207129067,1426.0
674718,2954,14.0,279,0.3928,0.009961366879620723,1426.6
675015,2955,11.0,297,0.3925,0.010660756996052491,1427.3
675233,2956,9.0,218,0.3923,0.011517561764710329,1427.8
675522,2957,12.0,289,0.392,0.009964448454815688,1428.4
675797,2958,12.0,275,0.3918,0.0097373074926166,1429.0
675967,2959,8.0,170,0.3916,0.00919674519294252,1429.4
676123,2960,7.0,156,0.3915,0.008973531872750474,1429.8
676763,2961,24.0,640,0.3909,0.010086129022238311,1431.2
677091,2962,14.0,328,0.3906,0.01141239648469065,1431.9
677409,2963,14.0,318,0.3903,0.010030553466640413,1432.7
677710,2964,13.0,301,0.3901,0.010240816514318189,1433.4
677991,2965,13.0,281,0.3898,0.010106611394855592,1434.1
678172,2966,9.0,181,0.3896,0.0121694872783416,1434.5
678467,2967,14.0,295,0.3894,0.011897028694949942,1435.2
678622,2968,7.0,155,0.3892,0.009132074992148539,1435.6
678771,2969,6.0,149,0.3891,0.010638782068633952,1435.9
678958,2970,9.0,187,0.3889,0.011252934232037118,1436.4
679141,2971,7.0,183,0.3888,0.011115236936703972,1436.8
679333,2972,10.0,192,0.3886,0.010092550937163955,1437.3
679616,2973,14.0,283,0.3883,0.010794573601230349,1438.0
679924,2974,12.0,308,0.3881,0.010291609129953113,1438.7
680295,2975,20.0,371,0.3877,0.009974625773991094,1439.5
680476,2976,10.0,181,0.3876,0.010654537108443354,1440.0
681045,2977,20.0,569,0.3871,0.010705660195680151,1441.2
681413,2978,16.0,368,0.3867,0.011380101574341888,1442.1
681653,2979,9.0,240,0.3865,0.010952100274153054,1442.6
681808,2980,7.0,155,0.3864,0.013478710304181546,1443.0
682056,2981,10.0,248,0.3861,0.010622596338150962,1443.6
682248,2982,10.0,192,0.386,0.011527459588251077,1444.0
682396,2983,7.0,148,0.3858,0.014223888050764799,1444.4
682605,2984,8.0,209,0.3857,0.011034304679084856,1444.9
682931,2985,16.0,326,0.3854,0.01052568579684759,1445.7
683067,2986,5.0,136,0.3852,0.011127653449554653,1446.0
683240,2987,7.0,173,0.3851,0.01157155074708333,1446.4
683419,2988,9.0,179,0.3849,0.012481036484876478,1446.9
683742,2989,14.0,323,0.3846,0.011327509472238612,1447.6
683903,2990,7.0,161,0.3845,0.010994635213864967,1448.0
684104,2991,9.0,201,0.3843,0.014088286379096555,1448.5
684309,2992,7.0,205,0.3841,0.012870890490126376,1449.0
684485,2993,8.0,176,0.384,0.010005781464067033,1449.4
684689,2994,11.0,204,0.3838,0.009541378048358156,1449.9
684867,2995,7.0,178,0.3836,0.014420380911112508,1450.3
685082,2996,10.0,215,0.3834,0.009219604535718207,1450.9
685689,2997,28.0,607,0.3829,0.011854658614059812,1452.3
685833,2998,6.0,144,0.3828,0.010122015302638628,1452.7
686030,2999,11.0,197,0.3826,0.01143633458307203,1453.1
686351,3000,13.0,321,0.3823,0.009962700610049068,1453.9
686595,3001,11.0,244,0.3821,0.01199129607421575,1454.5
687107,3002,23.0,512,0.3816,0.01221979680849472,1455.7
687532,3003,21.0,425,0.3812,0.009820203740741605,1456.7
687931,3004,15.0,399,0.3809,0.011676763339589039,1457.6
688217,3005,14.0,286,0.3806,0.011102059490642406,1458.3
688365,3006,5.0,148,0.3805,0.012556874463838097,1458.6
688540,3007,8.0,175,0.3803,0.012611954293044453,1459.0
688746,3008,10.0,206,0.3801,0.012165714329218162,1459.6
689041,3009,12.0,295,0.3799,0.01023162212663305,1460.3
689239,3010,9.0,198,0.3797,0.011071693817419665,1460.8
689495,3011,11.0,256,0.3795,0.01103451242306619,1461.5
689675,3012,9.0,180,0.3793,0.012946944632050063,1462.0
689877,3013,10.0,202,0.3791,0.010635638760183664,1462.5
690324,3014,21.0,447,0.3787,0.012444708423572592,1463.7
690625,3015,15.0,301,0.3784,0.013062922131891051,1464.4
690813,3016,9.0,188,0.3783,0.011844541144339329,1465.0
691002,3017,8.0,189,0.3781,0.012188471789333098,1465.5
691214,3018,7.0,212,0.3779,0.011035639177656398,1466.1
691693,3019,19.0,479,0.3775,0.012391068157739937,1467.2
691894,3020,11.0,201,0.3773,0.011519170925021171,1467.7
692077,3021,7.0,183,0.3771,0.012377967546774966,1468.1
692247,3022,7.0,170,0.377,0.009972961176009406,1468.5
692434,3023,9.0,187,0.3768,0.010872287101092492,1469.0
692750,3024,11.0,316,0.3765,0.013123856362285493,1469.7
692934,3025,8.0,184,0.3764,0.011551854352507255,1470.1
693272,3026,13.0,338,0.3761,0.011784185077447225,1470.8
693564,3027,11.0,292,0.3758,0.01168621070555424,1471.5
693972,3028,17.0,408,0.3754,0.012986410922809121,1472.4
694155,3029,8.0,183,0.3753,0.011009155477707585,1472.8
694472,3030,13.0,317,0.375,0.01159739212016575,1473.7
694690,3031,9.0,218,0.3748,0.011756428437635165,1474.5
695084,3032,18.0,394,0.3744,0.010369526942006567,1475.8
695273,3033,7.0,189,0.3743,0.011235354780318571,1476.4
695446,3034,9.0,173,0.3741,0.012168939718110271,1476.9
695787,3035,16.0,341,0.3738,0.011783765094793019,1478.0
696362,3036,19.0,575,0.3733,0.010902657599621711,1479.9
696551,3037,9.0,189,0.3731,0.010841062619410296,1480.5
696832,3038,14.0,281,0.3729,0.010130572821420263,1481.3
697031,3039,8.0,199,0.3727,0.01035557399807992,1481.9
697218,3040,8.0,187,0.3725,0.012945849071950354,1482.5
697790,3041,20.0,572,0.372,0.012295202394439415,1484.1
698063,3042,10.0,273,0.3717,0.011140953030382447,1484.9
698485,3043,21.0,422,0.3714,0.011105999921641822,1486.1
698758,3044,14.0,273,0.3711,0.011093476290732403,1486.9
698926,3045,9.0,168,0.371,0.010736117072935616,1487.4
699134,3046,9.0,208,0.3708,0.01019553297933621,1488.0
699321,3047,10.0,187,0.3706,0.01140353950533144,1488.6
699492,3048,8.0,171,0.3705,0.010551315710641617,1489.2
699770,3049,12.0,278,0.3702,0.012062668773359146,1490.1
699953,3050,9.0,183,0.37,0.008956334098120746,1490.7
700243,3051,16.0,290,0.3698,0.012157859639652694,1491.8
700428,3052,9.0,185,0.3696,0.012870092044009808,1492.5
700747,3053,13.0,319,0.3693,0.012114294417072794,1493.5
700977,3054,7.0,230,0.3691,0.010645335130714651,1494.1
701561,3055,25.0,584,0.3686,0.012568144261683912,1495.6
701748,3056,9.0,187,0.3684,0.015590381486579142,1496.1
701944,3057,9.0,196,0.3683,0.015022321689721882,1496.7
702155,3058,10.0,211,0.3681,0.012634540419989767,1497.2
702304,3059,8.0,149,0.3679,0.011701590758380726,1497.6
702664,3060,18.0,360,0.3676,0.01190201136438797,1498.5
702875,3061,7.0,211,0.3674,0.013692327081046712,1499.0
703047,3062,7.0,172,0.3673,0.011899154530404958,1499.5
703439,3063,19.0,392,0.3669,0.010963107625554715,1500.4
703648,3064,8.0,209,0.3667,0.013227414506715987,1500.9
703803,3065,7.0,155,0.3666,0.016498262448677498,1501.3
704094,3066,16.0,291,0.3663,0.012305453017813293,1502.0
704366,3067,14.0,272,0.3661,0.012186395973378025,1502.7
704516,3068,5.0,150,0.3659,0.010115304477757922,1503.1
704844,3069,16.0,328,0.3656,0.013634362391468773,1504.0
705179,3070,14.0,335,0.3653,0.014953559603968478,1504.8
705389,3071,9.0,210,0.3651,0.011830861113508636,1505.4
705673,3072,11.0,284,0.3649,0.014356727072391922,1506.1
705858,3073,9.0,185,0.3647,0.012434576187566247,1506.6
706155,3074,15.0,297,0.3645,0.011939809833829468,1507.3
706597,3075,20.0,442,0.3641,0.012492392176493734,1508.4
706926,3076,18.0,329,0.3638,0.012212070568305691,1509.2
707078,3077,5.0,152,0.3636,0.012348618015254798,1509.6
707266,3078,10.0,188,0.3635,0.011433178459868786,1510.0
707431,3079,7.0,165,0.3633,0.011711374873568008,1510.5
707607,3080,9.0,176,0.3632,0.013692868206734684,1510.9
707895,3081,14.0,288,0.3629,0.01067056678261401,1511.7
708320,3082,23.0,425,0.3625,0.012236992643589031,1512.7
708600,3083,13.0,280,0.3623,0.012373687782590943,1513.5
708778,3084,8.0,178,0.3621,0.009212274686433375,1513.9
709084,3085,14.0,306,0.3618,0.012599567172129626,1514.8
709457,3086,20.0,373,0.3615,0.012037846204694561,1515.7
709756,3087,15.0,299,0.3612,0.01327762843730549,1516.4
709837,3088,1.0,81,0.3611,0.011020396160893143,1516.6
710115,3089,13.0,278,0.3609,0.011560145856650628,1517.3
710455,3090,20.0,340,0.3606,0.013258907694698256,1518.2
710622,3091,7.0,167,0.3604,0.01220865573157512,1518.6
711023,3092,18.0,401,0.3601,0.012848434324841946,1519.6
711227,3093,9.0,204,0.3599,0.016379782989365505,1520.1
711576,3094,17.0,349,0.3596,0.016028972728897563,1520.9
711749,3095,8.0,173,0.3594,0.009903163140163172,1521.4
712031,3096,15.0,282,0.3592,0.014232367343668426,1522.0
712638,3097,28.0,607,0.3586,0.012462613228739141,1523.6
712827,3098,8.0,189,0.3585,0.010530783373743613,1524.1
713000,3099,9.0,173,0.3583,0.013216756427110258,1524.5
713185,3100,9.0,185,0.3581,0.011777976284856382,1525.0
713585,3101,17.0,400,0.3578,0.011960563419852405,1526.0
713772,3102,9.0,187,0.3576,0.012511322685973124,1526.5
713935,3103,8.0,163,0.3575,0.011460995915695094,1526.9
714096,3104,6.0,161,0.3573,0.01542263464979464,1527.2
714370,3105,13.0,274,0.3571,0.013247566944782567,1527.9
714652,3106,13.0,282,0.3568,0.013656333971007819,1528.5
714923,3107,14.0,271,0.3566,0.011538737953932428,1529.2
715102,3108,9.0,179,0.3564,0.01143874754715297,1529.6
715495,3109,16.0,393,0.3561,0.011737092383852114,1530.5
715808,3110,15.0,313,0.3558,0.013198572711995508,1531.2
715988,3111,10.0,180,0.3556,0.011905538182084759,1531.6
716365,3112,14.0,377,0.3553,0.011529791409129951,1532.5
716834,3113,26.0,469,0.3548,0.011792265493661547,1533.6
717267,3114,19.0,433,0.3545,0.010726984995589764,1534.6
717464,3115,10.0,197,0.3543,0.012997055649757385,1535.1
717762,3116,12.0,298,0.354,0.01456314087153186,1535.7
718089,3117,16.0,327,0.3537,0.011638093349330763,1536.6
718286,3118,8.0,197,0.3535,0.01404053085170002,1537.0
718464,3119,9.0,178,0.3534,0.012833538884297013,1537.5
718648,3120,9.0,184,0.3532,0.014731061720775197,1537.9
719221,3121,23.0,573,0.3527,0.013265340398489074,1539.2
719553,3122,18.0,332,0.3524,0.013728663720841328,1540.0
719763,3123,8.0,210,0.3522,0.013366554545847556,1540.5
720159,3124,19.0,396,0.3519,0.01228096250519909,1541.4
720342,3125,7.0,183,0.3517,0.01619612441762634,1541.7
720498,3126,6.0,156,0.3516,0.014183028433949519,1542.1
720678,3127,8.0,180,0.3514,0.013740147857202425,1542.5
720887,3128,8.0,209,0.3512,0.011230800009798259,1543.0
721402,3129,22.0,515,0.3507,0.014963724747004145,1544.2
721805,3130,15.0,403,0.3504,0.014303013509471375,1545.1
722113,3131,14.0,308,0.3501,0.01305995630281796,1545.9
722393,3132,13.0,280,0.3498,0.014935549761035612,1546.5
722669,3133,15.0,276,0.3496,0.012777320547974196,1547.2
723061,3134,16.0,392,0.3492,0.0129358524204783,1548.1
723251,3135,9.0,190,0.3491,0.01539519498560657,1548.6
723529,3136,11.0,278,0.3488,0.011678434342944197,1549.3
723950,3137,21.0,421,0.3484,0.011729567728581882,1550.2
724136,3138,9.0,186,0.3483,0.011650912686587965,1550.7
724323,3139,9.0,187,0.3481,0.013093137121556894,1551.2
724591,3140,10.0,268,0.3479,0.01386992764700927,1551.8
724979,3141,21.0,388,0.3475,0.014881266871486436,1552.7
725441,3142,23.0,462,0.3471,0.011017024826162077,1553.8
725644,3143,8.0,203,0.3469,0.0121201017424099,1554.3
725833,3144,8.0,189,0.3468,0.012819834073331761,1554.8
726256,3145,16.0,423,0.3464,0.011512495021616935,1556.0
726457,3146,8.0,201,0.3462,0.011798773338086902,1556.6
726669,3147,10.0,212,0.346,0.014710204399032693,1557.1
727045,3148,18.0,376,0.3457,0.01262615229488608,1558.2
727326,3149,13.0,281,0.3454,0.015345263384681727,1558.9
727531,3150,9.0,205,0.3452,0.013666802158980978,1559.5
727675,3151,7.0,144,0.3451,0.012288154736678634,1559.9
727998,3152,15.0,323,0.3448,0.012777443920595594,1560.7
728307,3153,12.0,309,0.3445,0.01085499680431729,1561.6
728719,3154,21.0,412,0.3442,0.01287367613307987,1562.7
728871,3155,8.0,152,0.344,0.014670552747128042,1563.2
729177,3156,15.0,306,0.3437,0.013107188215309923,1564.0
729480,3157,18.0,303,0.3435,0.009582243139831055,1564.7
729794,3158,15.0,314,0.3432,0.012315913712462554,1565.5
730375,3159,25.0,581,0.3427,0.011302284616976976,1566.9
730579,3160,10.0,204,0.3425,0.012222679824951817,1567.4
730770,3161,10.0,191,0.3423,0.010088952786948843,1567.9
731116,3162,13.0,346,0.342,0.014674677759751507,1568.8
731452,3163,13.0,336,0.3417,0.012142605378314675,1569.7
731636,3164,10.0,184,0.3415,0.015171021476145024,1570.1
732244,3165,28.0,608,0.341,0.013520869457064882,1571.6
732421,3166,7.0,177,0.3408,0.011851254951166497,1572.1
732860,3167,19.0,439,0.3404,0.011368006497452204,1573.2
732956,3168,2.0,96,0.3403,0.014649083983385935,1573.5
733170,3169,7.0,214,0.3401,0.012416793244346132,1574.0
733358,3170,8.0,188,0.34,0.01231120462886038,1574.5
733558,3171,10.0,200,0.3398,0.013661393909715117,1575.0
733734,3172,9.0,176,0.3396,0.010401655665852806,1575.5
733989,3173,13.0,255,0.3394,0.011356444243574515,1576.2
734178,3174,11.0,189,0.3392,0.011349720558389387,1576.6
734557,3175,18.0,379,0.3389,0.014370514611762605,1577.5
734753,3176,8.0,196,0.3387,0.013342235988120035,1578.0
735226,3177,21.0,473,0.3383,0.012885900595130683,1579.2
735711,3178,26.0,485,0.3379,0.014718109809154691,1580.4
736156,3179,20.0,445,0.3375,0.014302226367622748,1581.6
736705,3180,28.0,549,0.337,0.013813006190284,1583.0
736877,3181,6.0,172,0.3368,0.011024053592971244,1583.5
737059,3182,8.0,182,0.3366,0.012988548032525513,1584.0
737225,3183,7.0,166,0.3365,0.015296380013404857,1584.5
737609,3184,22.0,384,0.3362,0.010621099318086635,1585.5
737932,3185,13.0,323,0.3359,0.012902519125261424,1586.3
738260,3186,17.0,328,0.3356,0.016197938943372632,1587.1
738693,3187,23.0,433,0.3352,0.013765796156669105,1588.1
739185,3188,22.0,492,0.3347,0.01304921557240915,1589.2
739383,3189,10.0,198,0.3346,0.016309314022524928,1589.7
739566,3190,10.0,183,0.3344,0.010046859079486003,1590.1
739844,3191,14.0,278,0.3341,0.018455419978792114,1590.7
740134,3192,14.0,290,0.3339,0.012957006434185637,1591.4
740303,3193,9.0,169,0.3337,0.009531309706203285,1591.8
740527,3194,9.0,224,0.3335,0.0165221690632669,1592.4
741031,3195,23.0,504,0.3331,0.012289606243564141,1593.5
741233,3196,9.0,202,0.3329,0.012977639204073771,1594.0
741417,3197,11.0,184,0.3327,0.01263798979293231,1594.5
741754,3198,15.0,337,0.3324,0.013616069882465083,1595.2
742047,3199,16.0,293,0.3322,0.014888473301615617,1595.9
742394,3200,16.0,347,0.3318,0.01445438467426461,1596.7
742721,3201,12.0,327,0.3316,0.016020368688126525,1597.4
743175,3202,18.0,454,0.3311,0.012193701384523142,1598.4
743356,3203,6.0,181,0.331,0.010170374318714375,1598.8
743659,3204,12.0,303,0.3307,0.01421800434589386,1599.5
743870,3205,10.0,211,0.3305,0.012805816093635446,1600.0
744395,3206,29.0,525,0.33,0.013603813560565805,1601.1
744598,3207,10.0,203,0.3299,0.012743467707004325,1601.6
745064,3208,20.0,466,0.3294,0.01307845954150439,1602.6
745251,3209,9.0,187,0.3293,0.011341716901844611,1603.1
745690,3210,20.0,439,0.3289,0.015826867112297225,1604.1
745854,3211,8.0,164,0.3287,0.013133620530957492,1604.5
746163,3212,15.0,309,0.3285,0.011784248743448165,1605.2
746352,3213,10.0,189,0.3283,0.011896591240656562,1605.6
746911,3214,24.0,559,0.3278,0.012205266552849961,1606.8
747340,3215,21.0,429,0.3274,0.012325518180323005,1607.8
747524,3216,8.0,184,0.3272,0.012606523414749814,1608.2
747695,3217,6.0,171,0.3271,0.013926540617831051,1608.6
748028,3218,19.0,333,0.3268,0.011245491958799817,1609.4
748242,3219,9.0,214,0.3266,0.011943810254792278,1609.9
748546,3220,16.0,304,0.3263,0.013387373703727988,1610.5
748725,3221,8.0,179,0.3261,0.012375766758082642,1611.0
748939,3222,10.0,214,0.326,0.011254357815421414,1611.5
749496,3223,24.0,557,0.3255,0.015301739444424,1612.7
749816,3224,17.0,320,0.3252,0.013719178340397774,1613.4
750021,3225,9.0,205,0.325,0.012291398995062885,1613.8
750343,3226,12.0,322,0.3247,0.015523371851304545,1614.5
750674,3227,14.0,331,0.3244,0.015463289712185422,1615.3
750859,3228,6.0,185,0.3242,0.016199818741449195,1615.7
751242,3229,19.0,383,0.3239,0.014064681936967341,1616.7
751540,3230,16.0,298,0.3236,0.01304495505678157,1617.3
751745,3231,10.0,205,0.3234,0.01672431224427533,1617.8
751934,3232,8.0,189,0.3233,0.011933912310075569,1618.3
752257,3233,14.0,323,0.323,0.01607226962108671,1619.0
752469,3234,11.0,212,0.3228,0.012573072941587219,1619.6
752850,3235,17.0,381,0.3224,0.01600440955769859,1620.6
753125,3236,14.0,275,0.3222,0.013814068406118431,1621.2
753291,3237,8.0,166,0.322,0.015203653278238163,1621.7
753474,3238,9.0,183,0.3219,0.016497656591641513,1622.1
753766,3239,16.0,292,0.3216,0.013912590262033555,1622.7
753938,3240,10.0,172,0.3215,0.01033493441659524,1623.2
754248,3241,14.0,310,0.3212,0.012114528238247985,1623.9
754566,3242,15.0,318,0.3209,0.0115762466676769,1624.7
754765,3243,8.0,199,0.3207,0.015109873358160258,1625.2
755257,3244,23.0,492,0.3203,0.013221620796891913,1626.5
755590,3245,20.0,333,0.32,0.012945914108036872,1627.3
755744,3246,6.0,154,0.3198,0.012845828120286265,1627.7
755906,3247,7.0,162,0.3197,0.015548096830025315,1628.1
756194,3248,11.0,288,0.3194,0.01578047787835304,1628.8
756357,3249,8.0,163,0.3193,0.014758800888979217,1629.2
756521,3250,7.0,164,0.3191,0.015485827754274374,1629.7
756810,3251,14.0,289,0.3189,0.012261455273902457,1630.4
756954,3252,2.0,144,0.3187,0.01400093824809624,1630.7
757118,3253,6.0,164,0.3186,0.017461537559539442,1631.1
757290,3254,9.0,172,0.3184,0.012747605986416687,1631.5
757459,3255,8.0,169,0.3183,0.01281471791610654,1632.0
757781,3256,15.0,322,0.318,0.012805713199791902,1632.8
758086,3257,14.0,305,0.3177,0.013205122640724048,1633.6
758656,3258,24.0,570,0.3172,0.013802297611987882,1635.0
759069,3259,21.0,413,0.3168,0.015370953577181812,1636.1
759253,3260,9.0,184,0.3167,0.012415871206347061,1636.5
759406,3261,7.0,153,0.3165,0.013736853550653905,1636.9
759730,3262,14.0,324,0.3162,0.014015446856824888,1637.7
760004,3263,15.0,274,0.316,0.013285243333708764,1638.3
760283,3264,15.0,279,0.3157,0.0121879109647125,1638.9
760753,3265,23.0,470,0.3153,0.014157124960763474,1640.1
761081,3266,16.0,328,0.315,0.014627535906961052,1640.8
761375,3267,15.0,294,0.3148,0.014632228892679289,1641.6
761653,3268,12.0,278,0.3145,0.01371480885926368,1642.3
761847,3269,10.0,194,0.3143,0.013400726713977443,1642.8
762165,3270,17.0,318,0.3141,0.013792297913460061,1643.6
762474,3271,18.0,309,0.3138,0.014728014741407393,1644.4
762757,3272,13.0,283,0.3135,0.01271932215338022,1645.1
763087,3273,18.0,330,0.3132,0.015496378900801263,1646.0
763373,3274,15.0,286,0.313,0.014711135817277763,1646.7
763888,3275,27.0,515,0.3125,0.015788632159864948,1647.9
764328,3276,19.0,440,0.3121,0.013901111151261086,1649.0
764491,3277,8.0,163,0.312,0.011397549009416252,1649.4
764786,3278,14.0,295,0.3117,0.01150646758253208,1650.1
765125,3279,20.0,339,0.3114,0.012165539788410944,1650.9
765408,3280,11.0,283,0.3111,0.01321718349239566,1651.6
765506,3281,2.0,98,0.311,0.01809428056003526,1651.8
765707,3282,9.0,201,0.3109,0.010853326469659806,1652.2
765984,3283,14.0,277,0.3106,0.014767055576001959,1652.9
766176,3284,9.0,192,0.3104,0.01678786277868009,1653.3
766529,3285,18.0,353,0.3101,0.015131694629830732,1654.2
766840,3286,18.0,311,0.3098,0.012142350491231833,1654.9
767048,3287,10.0,208,0.3097,0.014426682699614992,1655.4
767239,3288,9.0,191,0.3095,0.01611437852137742,1655.8
767742,3289,21.0,503,0.309,0.01320181371245001,1657.0
767907,3290,8.0,165,0.3089,0.012801638327357246,1657.4
768465,3291,26.0,558,0.3084,0.013231512508355081,1658.7
768625,3292,8.0,160,0.3082,0.015906024287687615,1659.0
768787,3293,8.0,162,0.3081,0.01784963859245181,1659.4
769058,3294,12.0,271,0.3078,0.013161009297404876,1660.1
769354,3295,15.0,296,0.3076,0.01895457514674982,1660.9
769691,3296,18.0,337,0.3073,0.013929478710495113,1661.8
769976,3297,15.0,285,0.307,0.013842072777657045,1662.6
770143,3298,7.0,167,0.3069,0.011835034828769362,1663.1
770304,3299,8.0,161,0.3067,0.013857205159871317,1663.4
770618,3300,15.0,314,0.3064,0.014077189632166082,1664.2
770809,3301,8.0,191,0.3063,0.014528797677485272,1664.7
771084,3302,13.0,275,0.306,0.014256901181964338,1665.4
771233,3303,6.0,149,0.3059,0.014805313703176138,1665.8
771439,3304,9.0,206,0.3057,0.019644187489414915,1666.3
771718,3305,9.0,279,0.3055,0.013473524219755615,1667.0
772038,3306,18.0,320,0.3052,0.014315038963104598,1667.7
772249,3307,10.0,211,0.305,0.015580920572831945,1668.2
772719,3308,22.0,470,0.3046,0.013772259438490001,1669.3
773315,3309,24.0,596,0.304,0.016887933981523617,1670.6
773520,3310,9.0,205,0.3038,0.016275285098415155,1671.1
773682,3311,8.0,162,0.3037,0.02088783971266821,1671.4
774054,3312,16.0,372,0.3034,0.013138556066820378,1672.3
774401,3313,19.0,347,0.303,0.01477053377713109,1673.1
774705,3314,12.0,304,0.3028,0.016753369430692767,1673.8
774921,3315,11.0,216,0.3026,0.01398008014075458,1674.2
775478,3316,26.0,557,0.3021,0.013362872616970818,1675.5
775666,3317,10.0,188,0.3019,0.013327411697939672,1676.0
775861,3318,8.0,195,0.3017,0.018772875338944853,1676.5
776068,3319,9.0,207,0.3015,0.016324456521453194,1676.9
776470,3320,21.0,402,0.3012,0.014448218483012169,1677.9
776912,3321,24.0,442,0.3008,0.01683121627230231,1678.9
777095,3322,8.0,183,0.3006,0.014799764167724385,1679.3
777445,3323,19.0,350,0.3003,0.017905728743326934,1680.2
777719,3324,15.0,274,0.3001,0.015074941394713652,1680.9
778038,3325,14.0,319,0.2998,0.01307322405918967,1681.6
778306,3326,13.0,268,0.2995,0.015171745607851823,1682.3
778577,3327,12.0,271,0.2993,0.016901101030217594,1683.0
778772,3328,10.0,195,0.2991,0.013246482442494253,1683.4
778963,3329,10.0,191,0.2989,0.017278685700148344,1683.9
779161,3330,10.0,198,0.2988,0.013305835202336311,1684.5
779378,3331,9.0,217,0.2986,0.01800464561502277,1685.0
779708,3332,18.0,330,0.2983,0.014828018168077231,1685.8
779853,3333,4.0,145,0.2981,0.01101869828481641,1686.1
780269,3334,23.0,416,0.2978,0.015496719450591346,1687.2
780607,3335,19.0,338,0.2975,0.015237722179985471,1688.0
780812,3336,10.0,205,0.2973,0.016699448568173327,1688.5
781232,3337,23.0,420,0.2969,0.014172942064968603,1689.5
781555,3338,21.0,323,0.2966,0.018009109527338297,1690.3
781858,3339,14.0,303,0.2963,0.014990751138324604,1691.0
782178,3340,17.0,320,0.296,0.017811914306366815,1691.8
782523,3341,16.0,345,0.2957,0.01663106545632662,1692.7
783074,3342,26.0,551,0.2952,0.014116820891090818,1694.1
783454,3343,16.0,380,0.2949,0.01467123060046058,1695.0
783796,3344,21.0,342,0.2946,0.014784602204684255,1695.8
784001,3345,11.0,205,0.2944,0.015661087581047825,1696.3
784423,3346,24.0,422,0.294,0.016325095118511292,1697.4
784715,3347,13.0,292,0.2938,0.01212555330648559,1698.1
784917,3348,10.0,202,0.2936,0.012140751916769088,1698.6
785130,3349,9.0,213,0.2934,0.015263830794829805,1699.1
785269,3350,4.0,139,0.2933,0.015423152762066041,1699.4
785748,3351,22.0,479,0.2928,0.01471978133971182,1700.5
786047,3352,14.0,299,0.2926,0.013484485611017491,1701.3
786270,3353,8.0,223,0.2924,0.017787854237082814,1701.9
786575,3354,12.0,305,0.2921,0.016114365618896523,1702.6
787013,3355,23.0,438,0.2917,0.013005560117943044,1703.6
787182,3356,7.0,169,0.2915,0.015702349854455816,1703.9
787366,3357,10.0,184,0.2914,0.013127437979995233,1704.3
787531,3358,8.0,165,0.2912,0.012077611524657143,1704.7
787846,3359,14.0,315,0.2909,0.01520023596932805,1705.5
788122,3360,13.0,276,0.2907,0.01156342278936527,1706.1
788554,3361,24.0,432,0.2903,0.014622502160448305,1707.1
788750,3362,9.0,196,0.2901,0.017080178028162644,1707.5
788954,3363,8.0,204,0.2899,0.01101363153087304,1708.0
789103,3364,6.0,149,0.2898,0.011611501484907963,1708.4
789430,3365,20.0,327,0.2895,0.018326856389005736,1709.1
789835,3366,22.0,405,0.2891,0.011676790317206984,1710.1
790040,3367,9.0,205,0.289,0.017956998094002932,1710.6
790319,3368,12.0,279,0.2887,0.015412788389358615,1711.2
790536,3369,10.0,217,0.2885,0.015565638523548841,1711.8
790858,3370,18.0,322,0.2882,0.01367324241437018,1712.5
791316,3371,23.0,458,0.2878,0.011533325450980793,1713.6
791505,3372,9.0,189,0.2876,0.019077421596987134,1714.0
791816,3373,16.0,311,0.2874,0.014907093211196555,1714.7
792292,3374,21.0,476,0.2869,0.014262332972295644,1715.8
792437,3375,3.0,145,0.2868,0.014840389821781881,1716.1
792719,3376,13.0,282,0.2866,0.01446558342847441,1716.7
792927,3377,9.0,208,0.2864,0.012231162288047086,1717.2
793221,3378,15.0,294,0.2861,0.01317615105732772,1717.9
793421,3379,9.0,200,0.2859,0.020513318041339518,1718.4
793744,3380,16.0,323,0.2856,0.014537377875114296,1719.2
794042,3381,14.0,298,0.2854,0.01529975833585234,1719.9
794596,3382,24.0,554,0.2849,0.01639742926835156,1721.2
795174,3383,25.0,578,0.2843,0.01395534364726498,1722.6
795529,3384,19.0,355,0.284,0.01429147809597381,1723.6
795723,3385,9.0,194,0.2838,0.011753820658971867,1724.1
796514,3386,33.0,791,0.2831,0.0144743209768256,1726.0
796820,3387,17.0,306,0.2829,0.01357288409762278,1726.8
797167,3388,16.0,347,0.2825,0.015601335120452352,1727.6
797677,3389,28.0,510,0.2821,0.013168615312679322,1728.8
798266,3390,28.0,589,0.2816,0.013913212236346437,1730.2
798574,3391,17.0,308,0.2813,0.014305699135890448,1731.0
798717,3392,5.0,143,0.2812,0.014549892913136218,1731.3
798998,3393,15.0,281,0.2809,0.013470178952307574,1731.9
799294,3394,18.0,296,0.2806,0.01323890090743835,1732.6
799611,3395,19.0,317,0.2804,0.012243047380183317,1733.3
799836,3396,7.0,225,0.2801,0.013290827109462075,1733.9
800125,3397,13.0,289,0.2799,0.018353514179276924,1734.6
800429,3398,13.0,304,0.2796,0.011913711321540177,1735.4
800736,3399,15.0,307,0.2793,0.015617457829270657,1736.1
800937,3400,9.0,201,0.2792,0.014562576897442342,1736.6
801126,3401,9.0,189,0.279,0.014100961758695702,1737.0
801528,3402,20.0,402,0.2786,0.017045001893553256,1738.0
801854,3403,15.0,326,0.2783,0.014901251693106727,1738.8
802275,3404,21.0,421,0.278,0.013472655983198257,1739.8
802595,3405,13.0,320,0.2777,0.015426548101822845,1740.6
802944,3406,19.0,349,0.2774,0.01391863141907379,1741.4
803228,3407,13.0,284,0.2771,0.014347801388333171,1742.1
803429,3408,8.0,201,0.2769,0.012896150164306164,1742.6
803602,3409,8.0,173,0.2768,0.014346013235491376,1743.1
803966,3410,21.0,364,0.2764,0.013207601726177957,1743.9
804339,3411,17.0,373,0.2761,0.01596359951391576,1744.9
804516,3412,9.0,177,0.2759,0.013152337431286772,1745.3
804725,3413,7.0,209,0.2757,0.012705157269150592,1745.8
805072,3414,16.0,347,0.2754,0.014893270164578297,1746.8
805345,3415,13.0,273,0.2752,0.01392681717269999,1747.5
805519,3416,9.0,174,0.275,0.014601778986235691,1747.9
805845,3417,17.0,326,0.2747,0.013099019696777006,1748.7
806046,3418,10.0,201,0.2746,0.012508396641351283,1749.2
806241,3419,9.0,195,0.2744,0.012150887418918463,1749.7
806534,3420,13.0,293,0.2741,0.016542456731557437,1750.5
806975,3421,21.0,441,0.2737,0.014148248323578048,1751.7
807296,3422,13.0,321,0.2734,0.01434291784801049,1752.5
807436,3423,6.0,140,0.2733,0.012894036873642887,1752.9
807622,3424,7.0,186,0.2731,0.013020421125237708,1753.4
807882,3425,9.0,260,0.2729,0.01247268023614127,1754.0
808435,3426,26.0,553,0.2724,0.012481557841385727,1755.4
808582,3427,7.0,147,0.2723,0.014178314913265608,1755.8
808733,3428,5.0,151,0.2721,0.015964311976475937,1756.1
808916,3429,7.0,183,0.272,0.014068288708348637,1756.6
809461,3430,27.0,545,0.2715,0.012509213870062548,1757.8
809760,3431,17.0,299,0.2712,0.01568510161091884,1758.6
809964,3432,6.0,204,0.271,0.01589520559554883,1759.1
810522,3433,23.0,558,0.2705,0.016586070441433207,1760.5
810830,3434,19.0,308,0.2703,0.013507092710245739,1761.2
811376,3435,27.0,546,0.2698,0.013028311918754755,1762.6
811549,3436,8.0,173,0.2696,0.014879262437610778,1763.0
811715,3437,7.0,166,0.2695,0.016203019552205395,1763.4
811830,3438,4.0,115,0.2694,0.014404252942266136,1763.7
812239,3439,20.0,409,0.269,0.01717485010386536,1764.8
812437,3440,9.0,198,0.2688,0.018009142950177193,1765.3
812844,3441,23.0,407,0.2684,0.015478724396933674,1766.3
813049,3442,9.0,205,0.2683,0.013055515612530358,1766.9
813205,3443,8.0,156,0.2681,0.016240390548960138,1767.3
813625,3444,17.0,420,0.2677,0.01630303975682528,1768.3
814168,3445,20.0,543,0.2672,0.015329138238859527,1769.6
814571,3446,19.0,403,0.2669,0.013314883669372647,1770.5
814870,3447,15.0,299,0.2666,0.012665986760209004,1771.2
815040,3448,6.0,170,0.2665,0.013952311361208558,1771.7
815336,3449,13.0,296,0.2662,0.013135686623738022,1772.3
815624,3450,11.0,288,0.2659,0.014979807844307894,1773.0
815762,3451,4.0,138,0.2658,0.01298832127769642,1773.3
816092,3452,17.0,330,0.2655,0.014244307197226459,1774.1
816411,3453,16.0,319,0.2652,0.014354349806598282,1774.8
816804,3454,19.0,393,0.2649,0.017137658222569057,1775.7
817099,3455,13.0,295,0.2646,0.013795514246576454,1776.4
817397,3456,12.0,298,0.2643,0.015737405739103753,1777.1
817587,3457,7.0,190,0.2642,0.01779390073460626,1777.6
818148,3458,29.0,561,0.2637,0.015760177401297374,1778.9
818331,3459,10.0,183,0.2635,0.012086529864205255,1779.3
818673,3460,16.0,342,0.2632,0.013833049590006297,1780.1
818869,3461,6.0,196,0.263,0.01377590346074074,1780.6
819628,3462,33.0,759,0.2623,0.015120123244674974,1782.4
819960,3463,13.0,332,0.262,0.012587929425020534,1783.2
820144,3464,7.0,184,0.2619,0.012695583580669178,1783.7
820321,3465,7.0,177,0.2617,0.011769621188498357,1784.1
820523,3466,7.0,202,0.2615,0.01536750715225935,1784.5
820705,3467,10.0,182,0.2614,0.017569246337465618,1785.0
820924,3468,8.0,219,0.2612,0.018024400884116238,1785.5
821109,3469,8.0,185,0.261,0.013443733808463034,1785.9
821458,3470,18.0,349,0.2607,0.011934010036311102,1786.7
821759,3471,10.0,301,0.2604,0.014325451403856278,1787.4
822289,3472,18.0,530,0.2599,0.015264804776113732,1788.6
822463,3473,6.0,174,0.2598,0.011361316068444488,1789.0
822627,3474,6.0,164,0.2596,0.01740982964998338,1789.4
823037,3475,23.0,410,0.2593,0.01527586233467587,1790.3
823311,3476,12.0,274,0.259,0.014234127661706331,1791.0
823484,3477,8.0,173,0.2589,0.014657679035074332,1791.4
823628,3478,6.0,144,0.2587,0.012176177386815349,1791.8
823984,3479,16.0,356,0.2584,0.01472242992486428,1792.6
824354,3480,18.0,370,0.2581,0.01493941073599474,1793.5
824820,3481,25.0,466,0.2577,0.01531029276502056,1794.6
825155,3482,19.0,335,0.2574,0.012798076011633209,1795.4
825469,3483,12.0,314,0.2571,0.016016051968960446,1796.1
825607,3484,5.0,138,0.257,0.015279576778137946,1796.5
825846,3485,11.0,239,0.2567,0.013837845984380693,1797.0
826227,3486,19.0,381,0.2564,0.014041236518441063,1798.0
826637,3487,18.0,410,0.256,0.013418668589455266,1799.0
827248,3488,22.0,611,0.2555,0.013481901646622158,1800.5
827453,3489,8.0,205,0.2553,0.01160616832602696,1801.0
827647,3490,8.0,194,0.2551,0.013706362612235049,1801.5
827987,3491,14.0,340,0.2548,0.011553327580366065,1802.3
828096,3492,2.0,109,0.2547,0.013297440758573689,1802.6
828407,3493,16.0,311,0.2544,0.012331490244643835,1803.4
828712,3494,16.0,305,0.2542,0.01599069038260873,1804.1
828883,3495,8.0,171,0.254,0.013379936793907768,1804.6
829491,3496,22.0,608,0.2535,0.0139541248852191,1806.0
829670,3497,7.0,179,0.2533,0.014929268736806181,1806.6
829836,3498,7.0,166,0.2531,0.011476588557429966,1807.1
829952,3499,3.0,116,0.253,0.008804473777076808,1807.4
830098,3500,6.0,146,0.2529,0.015535434727401784,1807.8
830378,3501,10.0,280,0.2527,0.013709590271381395,1808.5
830550,3502,6.0,172,0.2525,0.012740880851958727,1809.0
830693,3503,6.0,143,0.2524,0.013487532269209623,1809.3
831120,3504,15.0,427,0.252,0.015602555665596624,1810.3
831259,3505,5.0,139,0.2519,0.017103670986697954,1810.7
831414,3506,7.0,155,0.2517,0.01598801448320349,1811.1
831582,3507,8.0,168,0.2516,0.01664903049268538,1811.5
831795,3508,5.0,213,0.2514,0.016314578910340678,1812.0
831980,3509,6.0,185,0.2512,0.014397208162761748,1812.5
832182,3510,8.0,202,0.251,0.015126946493983268,1813.1
832403,3511,10.0,221,0.2508,0.018069947692988947,1813.6
832525,3512,4.0,122,0.2507,0.017664468937343168,1814.1
832707,3513,5.0,182,0.2506,0.013200873384873073,1814.6
832903,3514,11.0,196,0.2504,0.01778416517095602,1815.1
833071,3515,5.0,168,0.2502,0.017889512736084207,1815.5
833251,3516,6.0,180,0.2501,0.017948756672235,1815.9
833703,3517,17.0,452,0.2497,0.014027045339148128,1817.0
833980,3518,12.0,277,0.2494,0.013553710015756743,1817.6
834299,3519,12.0,319,0.2491,0.01742119013178575,1818.4
834441,3520,6.0,142,0.249,0.012346129735103913,1818.8
834769,3521,13.0,328,0.2487,0.014074959976757626,1819.5
835098,3522,19.0,329,0.2484,0.015593685831579312,1820.4
835770,3523,25.0,672,0.2478,0.01441246624259899,1822.0
835943,3524,7.0,173,0.2477,0.01852095383219421,1822.4
836125,3525,7.0,182,0.2475,0.015833924392886136,1822.8
836276,3526,4.0,151,0.2474,0.019394706248452787,1823.2
836429,3527,7.0,153,0.2472,0.013472367899100246,1823.6
836569,3528,4.0,140,0.2471,0.016050328886402506,1823.9
836943,3529,12.0,374,0.2468,0.015405950609654669,1824.9
837221,3530,10.0,278,0.2465,0.013137793650717608,1825.6
837848,3531,31.0,627,0.2459,0.014219732121653427,1827.1
838179,3532,14.0,331,0.2456,0.014001188995657353,1827.9
838350,3533,6.0,171,0.2455,0.0192529289593357,1828.3
838671,3534,14.0,321,0.2452,0.013974589164718054,1829.2
838798,3535,6.0,127,0.2451,0.014206125451892149,1829.5
839107,3536,13.0,309,0.2448,0.012942330857327619,1830.4
839248,3537,5.0,141,0.2447,0.012348058736986585,1830.8
839619,3538,15.0,371,0.2443,0.012643891270272434,1831.6
839819,3539,8.0,200,0.2442,0.013556119902059436,1832.1
839931,3540,2.0,112,0.2441,0.019081640547873185,1832.4
840313,3541,14.0,382,0.2437,0.013713263055251446,1833.2
840648,3542,13.0,335,0.2434,0.013172544888220727,1834.0
840800,3543,7.0,152,0.2433,0.015896641159136044,1834.3
841136,3544,12.0,336,0.243,0.01316857959942094,1835.1
841541,3545,16.0,405,0.2426,0.012543356027638558,1836.0
841686,3546,7.0,145,0.2425,0.019247140450817015,1836.4
842079,3547,13.0,393,0.2421,0.015909242762100637,1837.4
842402,3548,12.0,323,0.2418,0.01747175406112715,1838.6
842721,3549,13.0,319,0.2416,0.018535312157473526,1839.6
843039,3550,15.0,318,0.2413,0.014052246703141475,1840.3
843572,3551,17.0,533,0.2408,0.01900546570697716,1841.6
843955,3552,16.0,383,0.2404,0.015257817885446313,1842.5
844148,3553,9.0,193,0.2403,0.019052815694856097,1843.1
844331,3554,6.0,183,0.2401,0.01524661701793472,1843.5
844808,3555,18.0,477,0.2397,0.015515750450625395,1844.6
845504,3556,17.0,696,0.239,0.014920922089903348,1846.2
845712,3557,11.0,208,0.2389,0.018574208956964027,1846.7
845939,3558,12.0,227,0.2387,0.014179158498466547,1847.2
846098,3559,4.0,159,0.2385,0.011833995277993382,1847.6
846376,3560,11.0,278,0.2383,0.01691336546958025,1848.2
846565,3561,7.0,189,0.2381,0.015054176378242195,1848.7
847105,3562,27.0,540,0.2376,0.015950312187757203,1849.9
847302,3563,8.0,197,0.2374,0.013870813280382022,1850.4
847500,3564,10.0,198,0.2372,0.014352144431322813,1850.8
848096,3565,19.0,596,0.2367,0.014470665640628978,1852.2
848656,3566,21.0,560,0.2362,0.014838135390475925,1853.7
849245,3567,20.0,589,0.2357,0.013599847763345963,1855.1
849355,3568,3.0,110,0.2356,0.01621793622702912,1855.3
849463,3569,3.0,108,0.2355,0.01716407673019502,1855.6
849581,3570,4.0,118,0.2354,0.012434935523197055,1856.0
849762,3571,6.0,181,0.2352,0.015571267069834803,1856.4
850070,3572,13.0,308,0.2349,0.01310451875150494,1857.2
850270,3573,7.0,200,0.2348,0.016223442731425165,1857.7
850627,3574,13.0,357,0.2344,0.013894752952469032,1858.6
851032,3575,17.0,405,0.2341,0.01780076926875421,1859.6
851390,3576,13.0,358,0.2337,0.017893934434049585,1860.4
851775,3577,15.0,385,0.2334,0.018956759134501528,1861.4
851957,3578,7.0,182,0.2332,0.014200195973820013,1861.8
852139,3579,5.0,182,0.2331,0.014672666591488652,1862.3
852410,3580,9.0,271,0.2328,0.015608870407210334,1863.0
852771,3581,15.0,361,0.2325,0.014229690609499811,1863.9
853060,3582,9.0,289,0.2322,0.016789604393025376,1864.6
853240,3583,10.0,180,0.2321,0.01959026615238852,1865.1
853537,3584,13.0,297,0.2318,0.012971731783771838,1865.8
853687,3585,5.0,150,0.2317,0.013134937116725219,1866.2
854009,3586,14.0,322,0.2314,0.016241767380478573,1867.0
854377,3587,15.0,368,0.2311,0.015433012596432767,1867.9
854792,3588,14.0,415,0.2307,0.015406714192627428,1869.0
855174,3589,12.0,382,0.2303,0.018964699550384753,1869.9
855479,3590,14.0,305,0.2301,0.01442275332642327,1870.7
855670,3591,8.0,191,0.2299,0.015467139707955843,1871.1
856048,3592,17.0,378,0.2296,0.014498894840576931,1872.1
856223,3593,7.0,175,0.2294,0.01339566210544733,1872.6
856404,3594,6.0,181,0.2292,0.014133142236539203,1873.0
856587,3595,10.0,183,0.2291,0.02005542299399773,1873.6
856779,3596,6.0,192,0.2289,0.016495307063451037,1874.1
857151,3597,15.0,372,0.2286,0.01647801652941252,1875.0
857333,3598,8.0,182,0.2284,0.017063341731124598,1875.4
857483,3599,8.0,150,0.2283,0.02444942810295804,1875.8
857607,3600,5.0,124,0.2282,0.015305844375923756,1876.1
857965,3601,14.0,358,0.2278,0.016143175307661295,1877.0
858152,3602,8.0,187,0.2277,0.012715816002418386,1877.5
858655,3603,21.0,503,0.2272,0.0174359300006181,1878.8
858808,3604,4.0,153,0.2271,0.012351193668273015,1879.1
858924,3605,4.0,116,0.227,0.020887125219250548,1879.5
859223,3606,13.0,299,0.2267,0.018075061433419987,1880.2
859671,3607,16.0,448,0.2263,0.01608938346076424,1881.3
860074,3608,15.0,403,0.2259,0.012427903603448873,1882.4
860196,3609,4.0,122,0.2258,0.011694626011435063,1882.7
860837,3610,23.0,641,0.2252,0.015291868364147376,1884.4
861118,3611,10.0,281,0.225,0.01871000644750893,1885.1
861296,3612,6.0,178,0.2248,0.01945409555402067,1885.6
861492,3613,7.0,196,0.2247,0.013393533549138479,1886.1
861701,3614,10.0,209,0.2245,0.015074025687331764,1886.6
862133,3615,18.0,432,0.2241,0.014539661267513616,1887.7
862343,3616,9.0,210,0.2239,0.017645155321448468,1888.2
862527,3617,8.0,184,0.2237,0.015108145257134152,1888.6
862846,3618,14.0,319,0.2234,0.016006368811940775,1889.4
863401,3619,20.0,555,0.2229,0.016096814125173275,1890.7
863734,3620,14.0,333,0.2226,0.01583135754700346,1891.5
863924,3621,4.0,190,0.2225,0.01732463490528365,1892.0
864370,3622,17.0,446,0.2221,0.014281856061823599,1893.1
864797,3623,17.0,427,0.2217,0.017133495776922764,1894.1
865189,3624,14.0,392,0.2213,0.013527772664947778,1895.0
865473,3625,10.0,284,0.2211,0.012592594513118687,1895.7
866028,3626,17.0,555,0.2206,0.017236095863200133,1897.0
866147,3627,3.0,119,0.2205,0.0191964037507644,1897.3
866436,3628,10.0,289,0.2202,0.013426346825563337,1899.0
866756,3629,13.0,320,0.2199,0.01654857978282962,1901.0
867187,3630,15.0,431,0.2195,0.01596731949971867,1903.2
867350,3631,3.0,163,0.2194,0.013324809896691544,1903.9
867531,3632,4.0,181,0.2192,0.015402826118386455,1904.6
867996,3633,21.0,465,0.2188,0.013705008800547475,1906.1
868335,3634,15.0,339,0.2185,0.01583645504710841,1907.4
868615,3635,10.0,280,0.2182,0.014201307998571012,1908.6
868782,3636,6.0,167,0.2181,0.017792190092482736,1909.3
869330,3637,18.0,548,0.2176,0.015036997458401279,1911.3
869720,3638,18.0,390,0.2173,0.015976161914592495,1912.8
869904,3639,7.0,184,0.2171,0.015889623182137377,1913.4
870086,3640,5.0,182,0.2169,0.01754070780136519,1914.1
870495,3641,18.0,409,0.2166,0.01616527148814616,1915.6
870677,3642,6.0,182,0.2164,0.013456399289324232,1916.4
871175,3643,20.0,498,0.2159,0.016040816548235352,1918.3
871408,3644,12.0,233,0.2157,0.015451902314483866,1919.2
871742,3645,14.0,334,0.2154,0.018878451728048813,1920.6
872154,3646,18.0,412,0.2151,0.016431860033495043,1922.1
872275,3647,3.0,121,0.215,0.015168121526949107,1922.5
872744,3648,15.0,469,0.2145,0.01795013279109499,1924.5
873384,3649,18.0,640,0.214,0.015092487006040756,1926.4
873543,3650,4.0,159,0.2138,0.016282051515120726,1926.9
873718,3651,7.0,175,0.2137,0.015685422293079846,1927.3
873926,3652,8.0,208,0.2135,0.01809890511839722,1928.0
874132,3653,10.0,206,0.2133,0.014931067569145503,1928.5
874257,3654,4.0,125,0.2132,0.013884661779288323,1928.8
874446,3655,10.0,189,0.213,0.01483975229983,1929.3
874633,3656,6.0,187,0.2128,0.016169815780000485,1929.8
874952,3657,11.0,319,0.2125,0.016671609875629656,1930.7
875238,3658,12.0,286,0.2123,0.015881338005911717,1931.6
875604,3659,10.0,366,0.212,0.015196209525406037,1932.6
875792,3660,6.0,188,0.2118,0.015392867040800605,1933.1
876264,3661,17.0,472,0.2114,0.016636734970419082,1934.5
876721,3662,18.0,457,0.211,0.014809686945865682,1935.7
877199,3663,20.0,478,0.2105,0.015626082396400825,1937.0
877335,3664,5.0,136,0.2104,0.014830617384765954,1937.4
877479,3665,4.0,144,0.2103,0.012679309888173722,1937.8
877914,3666,19.0,435,0.2099,0.01492390874773264,1939.0
878227,3667,11.0,313,0.2096,0.018300904002852548,1939.8
878415,3668,6.0,188,0.2094,0.013753834973148842,1940.4
878693,3669,11.0,278,0.2092,0.014346847147680818,1941.1
878830,3670,4.0,137,0.2091,0.015808905529625276,1941.5
879015,3671,4.0,185,0.2089,0.017046173821891778,1942.0
879321,3672,14.0,306,0.2086,0.017004508313468912,1943.0
879640,3673,13.0,319,0.2083,0.01681007746810792,1943.8
879819,3674,6.0,179,0.2082,0.02062818622851575,1944.3
879948,3675,7.0,129,0.208,0.01269557894292203,1944.7
880093,3676,8.0,145,0.2079,0.015074121351871226,1945.1
880648,3677,22.0,555,0.2074,0.012160258932146345,1946.5
880930,3678,10.0,282,0.2072,0.016309584354582643,1947.3
881336,3679,18.0,406,0.2068,0.011512971321102596,1948.3
881767,3680,13.0,431,0.2064,0.01824203399271121,1949.3
882160,3681,17.0,393,0.2061,0.014726776869572474,1950.3
882359,3682,6.0,199,0.2059,0.01552902476633994,1950.7
882644,3683,12.0,285,0.2056,0.01529717113589868,1951.4
882929,3684,10.0,285,0.2054,0.01483538897025963,1952.1
883111,3685,3.0,182,0.2052,0.02259531348115868,1952.5
883543,3686,22.0,432,0.2048,0.014407730810085518,1953.6
883733,3687,5.0,190,0.2046,0.016550137578936603,1954.0
883855,3688,4.0,122,0.2045,0.019317639945074915,1954.3
884254,3689,18.0,399,0.2042,0.016209351245779543,1955.3
884669,3690,13.0,415,0.2038,0.015021523921929587,1956.4
884883,3691,5.0,214,0.2036,0.015109476264355317,1956.9
885264,3692,15.0,381,0.2033,0.01981032251448293,1957.7
885721,3693,17.0,457,0.2029,0.014969052922536145,1958.7
885900,3694,4.0,179,0.2027,0.015264241780257887,1959.2
886117,3695,6.0,217,0.2025,0.013326047134965106,1959.7
886317,3696,5.0,200,0.2023,0.01565134609118104,1960.2
886516,3697,5.0,199,0.2021,0.013949276581406593,1960.7
886666,3698,6.0,150,0.202,0.011287268150497127,1961.1
887059,3699,13.0,393,0.2016,0.014482999319087106,1962.0
887203,3700,7.0,144,0.2015,0.015684985264670104,1962.5
887427,3701,6.0,224,0.2013,0.018352728403572525,1963.1
887651,3702,8.0,224,0.2011,0.01366129151678511,1963.6
887797,3703,6.0,146,0.201,0.015992590301745647,1964.0
887968,3704,6.0,171,0.2008,0.018164434925068255,1964.4
888116,3705,5.0,148,0.2007,0.013422810239717364,1964.7
888301,3706,6.0,185,0.2005,0.016006714755507266,1965.2
888446,3707,5.0,145,0.2004,0.012069135910779651,1965.6
889087,3708,21.0,641,0.1998,0.014103662499110214,1967.3
889596,3709,21.0,509,0.1994,0.015338115534177632,1968.5
890013,3710,14.0,417,0.199,0.017002544509103663,1969.5
890183,3711,6.0,170,0.1988,0.01970781281679159,1969.9
890389,3712,7.0,206,0.1986,0.01669129582408529,1970.3
890588,3713,7.0,199,0.1985,0.014820170486345888,1970.9
891019,3714,17.0,431,0.1981,0.015084384287768435,1972.0
891199,3715,6.0,180,0.1979,0.014946353306166,1972.5
891855,3716,23.0,656,0.1973,0.015619227625770359,1974.0
892494,3717,20.0,639,0.1968,0.013974472590780352,1975.5
892906,3718,17.0,412,0.1964,0.014879447491658688,1976.5
893337,3719,18.0,431,0.196,0.01707408337905589,1977.7
893516,3720,5.0,179,0.1958,0.017689736182284026,1978.1
893659,3721,7.0,143,0.1957,0.017486438088651215,1978.5
893847,3722,9.0,188,0.1955,0.01648147473547687,1979.0
894205,3723,18.0,358,0.1952,0.016203528544348148,1979.9
894430,3724,10.0,225,0.195,0.020944417021902546,1980.5
894962,3725,17.0,532,0.1945,0.014834637149706259,1981.9
895140,3726,5.0,178,0.1944,0.01527919311904245,1982.4
895342,3727,6.0,202,0.1942,0.01642268804833293,1982.9
895538,3728,6.0,196,0.194,0.015145531822262066,1983.4
895718,3729,5.0,180,0.1939,0.01325152822666698,1983.9
896106,3730,17.0,388,0.1935,0.013725944033814306,1985.2
896274,3731,6.0,168,0.1934,0.014992176294548526,1985.7
896444,3732,5.0,170,0.1932,0.012715548677586539,1986.3
896656,3733,6.0,212,0.193,0.015118304464333463,1986.8
896851,3734,5.0,195,0.1928,0.02044930508903538,1987.4
897056,3735,6.0,205,0.1926,0.011923269310500473,1987.9
897259,3736,6.0,203,0.1925,0.01641019388101995,1988.5
897421,3737,5.0,162,0.1923,0.016889818387514934,1989.0
897619,3738,6.0,198,0.1921,0.015143068806667413,1989.5
897989,3739,25.0,370,0.1918,0.014618019921384671,1990.5
898212,3740,9.0,223,0.1916,0.014390397681771512,1991.1
898487,3741,12.0,275,0.1914,0.013869052526869756,1991.8
898862,3742,19.0,375,0.191,0.018221167582483527,1992.8
899067,3743,6.0,205,0.1908,0.01798386423501606,1993.4
899214,3744,7.0,147,0.1907,0.018745373456260643,1993.8
899391,3745,10.0,177,0.1905,0.019079815442885527,1994.4
899914,3746,25.0,523,0.1901,0.01644144367199135,1995.7
900184,3747,9.0,270,0.1898,0.01540643145220683,1996.5
900383,3748,6.0,199,0.1897,0.016341551359058643,1997.0
900592,3749,7.0,209,0.1895,0.017711465264547546,1997.6
901227,3750,21.0,635,0.1889,0.01622355034386244,1999.3
901419,3751,8.0,192,0.1887,0.012566567204582194,1999.8
901599,3752,7.0,180,0.1886,0.013427884861206016,2000.2
901761,3753,7.0,162,0.1884,0.014017981386221037,2000.5
901920,3754,6.0,159,0.1883,0.017229637980926783,2000.9
902232,3755,9.0,312,0.188,0.01625651676649562,2001.8
902513,3756,8.0,281,0.1877,0.017150096262672117,2002.5
902713,3757,9.0,200,0.1876,0.016642940351739525,2003.0
903133,3758,19.0,420,0.1872,0.0144522014805781,2004.1
903352,3759,8.0,219,0.187,0.013590173317458142,2004.7
903529,3760,9.0,177,0.1868,0.0146578029433096,2005.2
903758,3761,9.0,229,0.1866,0.015539225656539202,2005.7
904144,3762,15.0,386,0.1863,0.016603836002423593,2006.6
904342,3763,7.0,198,0.1861,0.016654854402782356,2007.1
904519,3764,7.0,177,0.1859,0.014567595266271383,2007.6
904715,3765,4.0,196,0.1858,0.016809822630365283,2008.0
904929,3766,12.0,214,0.1856,0.015075913276868287,2008.6
905122,3767,5.0,193,0.1854,0.01582966813778815,2009.1
905719,3768,23.0,597,0.1849,0.015876015607617644,2010.4
906331,3769,21.0,612,0.1843,0.016119955612796975,2011.9
906710,3770,16.0,379,0.184,0.017843063528600493,2012.8
906981,3771,6.0,271,0.1837,0.017322596854201573,2013.5
907302,3772,13.0,321,0.1834,0.013944343166076578,2014.2
907783,3773,20.0,481,0.183,0.014033778669545426,2015.3
908062,3774,12.0,279,0.1827,0.011323209000485284,2016.0
908587,3775,20.0,525,0.1823,0.013315395795107456,2017.3
908899,3776,15.0,312,0.182,0.013312121115935346,2018.0
909285,3777,19.0,386,0.1816,0.013573417864912717,2019.0
909815,3778,20.0,530,0.1812,0.015179841112430122,2020.3
909993,3779,9.0,178,0.181,0.010607790605475505,2020.7
910163,3780,6.0,170,0.1809,0.013638708690580512,2021.2
910358,3781,5.0,195,0.1807,0.0160006931935418,2021.7
910559,3782,7.0,201,0.1805,0.013676672438159586,2022.2
910758,3783,11.0,199,0.1803,0.021482140822336078,2022.7
911074,3784,14.0,316,0.18,0.017394327676465995,2023.6
911376,3785,11.0,302,0.1798,0.018807207375127626,2024.4
911577,3786,9.0,201,0.1796,0.01484095144085586,2024.9
911852,3787,9.0,275,0.1793,0.01663093074508335,2025.6
912157,3788,13.0,305,0.1791,0.01625201706529448,2026.3
912333,3789,8.0,176,0.1789,0.017281757260207087,2026.7
912506,3790,6.0,173,0.1787,0.014710694486491902,2027.1
912645,3791,4.0,139,0.1786,0.01669127027105008,2027.4
913235,3792,22.0,590,0.1781,0.014488071550101954,2028.8
913418,3793,6.0,183,0.1779,0.0177846422277229,2029.2
913852,3794,17.0,434,0.1775,0.01494528582199998,2030.2
914443,3795,22.0,591,0.177,0.014784931037321586,2031.5
914760,3796,15.0,317,0.1767,0.013689048192463815,2032.2
914925,3797,6.0,165,0.1766,0.01757784485362652,2032.6
915123,3798,7.0,198,0.1764,0.013054642531716702,2033.2
915295,3799,7.0,172,0.1762,0.01785602149293693,2033.7
915454,3800,7.0,159,0.1761,0.01410325302858837,2034.1
915732,3801,9.0,278,0.1758,0.015183552244811186,2034.8
915925,3802,10.0,193,0.1757,0.014852764434181154,2035.3
916309,3803,20.0,384,0.1753,0.015767504992254544,2036.4
916609,3804,13.0,300,0.1751,0.013165602187315623,2037.1
916924,3805,14.0,315,0.1748,0.01538628748547333,2037.9
917057,3806,7.0,133,0.1746,0.013022541985705946,2038.2
917362,3807,10.0,305,0.1744,0.016209874767810106,2038.9
917961,3808,21.0,599,0.1738,0.015185621075021723,2040.3
918101,3809,4.0,140,0.1737,0.021570842766336033,2040.6
918307,3810,11.0,206,0.1735,0.013828874465224206,2041.1
918535,3811,12.0,228,0.1733,0.018419285729658185,2041.6
918830,3812,13.0,295,0.1731,0.015880781609716045,2042.3
919191,3813,16.0,361,0.1727,0.01609394481767797,2043.2
919389,3814,9.0,198,0.1725,0.01357873844448477,2043.7
919581,3815,10.0,192,0.1724,0.013493861585933095,2044.1
920144,3816,22.0,563,0.1719,0.016829492245199727,2045.5
920697,3817,20.0,553,0.1714,0.017047055613964905,2046.8
921039,3818,15.0,342,0.1711,0.01590699694283745,2047.6
921197,3819,7.0,158,0.1709,0.014283218502532691,2048.0
921523,3820,15.0,326,0.1706,0.01807857840609403,2048.8
921948,3821,18.0,425,0.1702,0.017443536082282662,2049.8
922369,3822,19.0,421,0.1699,0.017684500314117897,2050.8
922977,3823,21.0,608,0.1693,0.014223108175333198,2052.2
923327,3824,15.0,350,0.169,0.013895241069960696,2053.0
923905,3825,21.0,578,0.1685,0.014544773167641512,2054.5
924044,3826,6.0,139,0.1684,0.014603509674114841,2054.8
924619,3827,21.0,575,0.1678,0.015369621312271778,2056.3
924783,3828,8.0,164,0.1677,0.013785294336607544,2056.7
925143,3829,17.0,360,0.1674,0.017056344661654697,2057.7
925334,3830,7.0,191,0.1672,0.016535816714167595,2058.2
925637,3831,12.0,303,0.1669,0.018691261911666708,2058.9
925783,3832,8.0,146,0.1668,0.015879693091847003,2059.2
926133,3833,16.0,350,0.1665,0.01821512619393285,2060.1
926337,3834,10.0,204,0.1663,0.013785535784657387,2060.6
926702,3835,16.0,365,0.166,0.015434336150065064,2061.5
926878,3836,6.0,176,0.1658,0.01738891388628293,2062.0
927185,3837,14.0,307,0.1655,0.013706702974854738,2062.7
927527,3838,14.0,342,0.1652,0.015363284693483045,2063.5
927706,3839,9.0,179,0.1651,0.012930615929265817,2064.0
928210,3840,17.0,504,0.1646,0.017060921268744603,2065.2
928403,3841,7.0,193,0.1644,0.013314977957634255,2065.7
928719,3842,12.0,316,0.1642,0.014259966137477114,2066.5
928917,3843,8.0,198,0.164,0.016296861674636603,2067.0
929085,3844,7.0,168,0.1638,0.013917080780846022,2067.4
929363,3845,11.0,278,0.1636,0.017244693566707596,2068.0
929694,3846,16.0,331,0.1633,0.016955311713089425,2068.8
929893,3847,10.0,199,0.1631,0.012644545193761587,2069.2
930070,3848,9.0,177,0.1629,0.01494356397729875,2069.6
930344,3849,11.0,274,0.1627,0.01768363742292791,2070.3
930729,3850,17.0,385,0.1623,0.01475793182180496,2071.2
931116,3851,19.0,387,0.162,0.017464138036977845,2072.0
931656,3852,18.0,540,0.1615,0.014964407147770678,2073.2
932050,3853,19.0,394,0.1612,0.017357332049869,2074.2
932212,3854,8.0,162,0.161,0.016671322331559366,2074.6
932590,3855,13.0,378,0.1607,0.01843410298386787,2075.4
932777,3856,10.0,187,0.1605,0.01255128029832973,2075.8
933118,3857,14.0,341,0.1602,0.01735496926943169,2076.6
933286,3858,8.0,168,0.16,0.013548471465972918,2077.0
933567,3859,11.0,281,0.1598,0.015912776407120483,2077.6
933951,3860,14.0,384,0.1594,0.014722001023377137,2078.5
934381,3861,18.0,430,0.1591,0.0170627265556336,2079.5
934945,3862,21.0,564,0.1585,0.014913830711301548,2080.8
935387,3863,17.0,442,0.1582,0.016086693391711874,2081.9
935566,3864,9.0,179,0.158,0.015930906465897957,2082.3
935907,3865,17.0,341,0.1577,0.016305874498999295,2083.0
936088,3866,10.0,181,0.1575,0.016102584094092574,2083.5
936453,3867,19.0,365,0.1572,0.01501177085287214,2084.3
936605,3868,5.0,152,0.1571,0.014361899756630393,2084.7
936796,3869,9.0,191,0.1569,0.014378004081663676,2085.1
937044,3870,12.0,248,0.1567,0.01880139271698652,2085.7
937236,3871,11.0,192,0.1565,0.014803783104677374,2086.2
937435,3872,11.0,199,0.1563,0.016245407603529036,2086.7
937577,3873,5.0,142,0.1562,0.020115774053718068,2087.0
937906,3874,16.0,329,0.1559,0.014968075159164826,2087.8
938267,3875,13.0,361,0.1556,0.01419866899959743,2088.6
938540,3876,12.0,273,0.1553,0.01581513149447847,2089.2
938956,3877,17.0,416,0.1549,0.018348981176341813,2090.2
939335,3878,17.0,379,0.1546,0.0169991432129346,2091.1
940026,3879,31.0,691,0.154,0.015810412693919473,2092.7
940318,3880,11.0,292,0.1537,0.016637602326626033,2093.3
940619,3881,13.0,301,0.1534,0.014731323849409818,2094.0
940781,3882,6.0,162,0.1533,0.014532714616507292,2094.4
941143,3883,17.0,362,0.153,0.017579642944555315,2095.3
941378,3884,14.0,235,0.1528,0.01804731170631061,2095.8
941716,3885,15.0,338,0.1525,0.013650931133066906,2096.7
941851,3886,7.0,135,0.1523,0.014392811381681398,2097.0
942175,3887,16.0,324,0.152,0.015235684251550722,2097.7
942479,3888,14.0,304,0.1518,0.016450986027178403,2098.5
942707,3889,12.0,228,0.1516,0.0167811807457423,2099.1
942898,3890,8.0,191,0.1514,0.017815091870337103,2099.7
943282,3891,19.0,384,0.151,0.014698206017783377,2100.8
943446,3892,9.0,164,0.1509,0.014054569881409407,2101.2
943732,3893,10.0,286,0.1506,0.01618740038247779,2101.9
944072,3894,16.0,340,0.1503,0.01603190689895521,2102.7
944412,3895,17.0,340,0.15,0.014773144953719832,2103.5
944743,3896,14.0,331,0.1497,0.015375591996239453,2104.4
944923,3897,6.0,180,0.1496,0.017306264055271945,2104.9
945132,3898,8.0,209,0.1494,0.019915200796259462,2105.4
945387,3899,10.0,255,0.1492,0.01550125228684573,2106.0
945567,3900,10.0,180,0.149,0.016645997716113924,2106.5
946037,3901,20.0,470,0.1486,0.01509524476556581,2107.8
946320,3902,10.0,283,0.1483,0.013559391830300152,2108.5
946478,3903,8.0,158,0.1482,0.01566319929388089,2108.9
946932,3904,19.0,454,0.1478,0.01576245817756117,2110.3
947272,3905,16.0,340,0.1475,0.01502742084729321,2111.2
947446,3906,10.0,174,0.1473,0.01760492523655642,2111.7
947764,3907,13.0,318,0.147,0.015195773012237623,2112.5
948107,3908,14.0,343,0.1467,0.01664927832727485,2113.3
948304,3909,10.0,197,0.1465,0.013038621107116342,2113.9
948671,3910,17.0,367,0.1462,0.016378046279507025,2114.9
949066,3911,16.0,395,0.1458,0.017270102031585393,2115.9
949219,3912,5.0,153,0.1457,0.01731069779366647,2116.3
949400,3913,10.0,181,0.1455,0.017009354368581073,2116.8
949743,3914,15.0,343,0.1452,0.015522071026156053,2117.8
949883,3915,6.0,140,0.1451,0.015758596014763628,2118.1
950175,3916,15.0,292,0.1448,0.013691602845689,2119.0
950486,3917,16.0,311,0.1446,0.017332063725170415,2119.8
950832,3918,16.0,346,0.1443,0.017694196760140616,2120.7
951127,3919,14.0,295,0.144,0.016509668582616602,2121.4
951328,3920,10.0,201,0.1438,0.016154017180715706,2122.0
951523,3921,8.0,195,0.1436,0.014928691244373718,2122.5
951735,3922,8.0,212,0.1434,0.017799970421518357,2123.0
951943,3923,10.0,208,0.1433,0.015585215610022156,2123.6
952499,3924,21.0,556,0.1428,0.016727350719219488,2125.1
952846,3925,13.0,347,0.1424,0.017038649518107032,2126.0
953360,3926,20.0,514,0.142,0.01876378118587557,2127.4
953678,3927,14.0,318,0.1417,0.014116440319067126,2128.2
953851,3928,8.0,173,0.1415,0.016380879356590813,2128.6
954227,3929,18.0,376,0.1412,0.018303311075718004,2129.5
954539,3930,15.0,312,0.1409,0.011774707125881925,2130.3
954724,3931,8.0,185,0.1407,0.015313192775988199,2130.7
955046,3932,14.0,322,0.1405,0.015238851371395867,2131.5
955240,3933,10.0,194,0.1403,0.013712526128000143,2132.0
955578,3934,17.0,338,0.14,0.017451279796659946,2132.9
955871,3935,15.0,293,0.1397,0.014694806449880747,2133.6
956049,3936,9.0,178,0.1396,0.01475291724006335,2134.1
956486,3937,16.0,437,0.1392,0.019239023485895963,2135.1
956820,3938,15.0,334,0.1389,0.01593641617191246,2136.0
957020,3939,9.0,200,0.1387,0.016594612733460964,2136.4
957274,3940,12.0,254,0.1385,0.015060697866988087,2137.0
957588,3941,14.0,314,0.1382,0.018326652348277312,2137.8
957811,3942,11.0,223,0.138,0.01334569024938074,2138.3
957953,3943,6.0,142,0.1378,0.01703365721429388,2138.7
958165,3944,11.0,212,0.1377,0.015552071344880562,2139.3
958829,3945,28.0,664,0.1371,0.014563050825171262,2141.1
959218,3946,20.0,389,0.1367,0.01660612620624531,2142.1
959438,3947,9.0,220,0.1365,0.015297837000848217,2142.7
959621,3948,7.0,183,0.1363,0.012910378519850581,2143.1
959951,3949,14.0,330,0.136,0.015428930475580983,2144.0
960277,3950,18.0,326,0.1358,0.01687469449257705,2144.8
960480,3951,9.0,203,0.1356,0.01824372542985514,2145.3
961081,3952,25.0,601,0.135,0.017081780719260375,2146.7
961265,3953,11.0,184,0.1349,0.01729594187244125,2147.2
961439,3954,7.0,174,0.1347,0.0137077757308996,2147.6
961610,3955,8.0,171,0.1346,0.01391226804793574,2148.0
962082,3956,15.0,472,0.1341,0.01607178512495011,2149.1
962397,3957,17.0,315,0.1338,0.01347987894911932,2149.9
962704,3958,15.0,307,0.1336,0.013507917892284595,2150.7
963055,3959,16.0,351,0.1333,0.01647473054124449,2151.6
963597,3960,21.0,542,0.1328,0.018080582342329708,2152.9
963750,3961,9.0,153,0.1326,0.016994186909869313,2153.2
964340,3962,23.0,590,0.1321,0.015702474196881963,2154.6
964550,3963,10.0,210,0.1319,0.016084547982945178,2155.1
964841,3964,12.0,291,0.1316,0.014817288540916084,2155.8
965164,3965,14.0,323,0.1314,0.01572593732415066,2156.6
965422,3966,13.0,258,0.1311,0.016269647392618936,2157.2
965892,3967,24.0,470,0.1307,0.01630314765498042,2158.3
966293,3968,16.0,401,0.1303,0.014305282775312662,2159.2
966486,3969,9.0,193,0.1302,0.012007020981400274,2159.7
966846,3970,13.0,360,0.1298,0.017372483930860955,2160.5
967016,3971,6.0,170,0.1297,0.01384788388819542,2160.9
967306,3972,8.0,290,0.1294,0.01620441841401367,2161.7
967492,3973,11.0,186,0.1293,0.013973074618409922,2162.1
967724,3974,14.0,232,0.129,0.015520060984899515,2162.7
967892,3975,8.0,168,0.1289,0.014646434225142002,2163.1
968065,3976,9.0,173,0.1287,0.01589833024542692,2163.5
968278,3977,11.0,213,0.1285,0.015641161179134867,2164.0
968696,3978,22.0,418,0.1282,0.016525524397868484,2165.0
969003,3979,10.0,307,0.1279,0.01859586308771548,2165.8
969579,3980,23.0,576,0.1274,0.015502519328341199,2167.2
969930,3981,20.0,351,0.1271,0.016646530251653694,2168.0
970276,3982,16.0,346,0.1268,0.01588321433017223,2168.8
970432,3983,9.0,156,0.1266,0.01633016022447592,2169.2
970783,3984,11.0,351,0.1263,0.013871667285760244,2170.0
971084,3985,11.0,301,0.126,0.01655635672413107,2170.8
971441,3986,15.0,357,0.1257,0.014926191989667294,2171.7
971627,3987,8.0,186,0.1255,0.016962403466965516,2172.1
971921,3988,15.0,294,0.1253,0.013622231189967008,2172.9
972068,3989,5.0,147,0.1251,0.016116597796664446,2173.2
972297,3990,15.0,229,0.1249,0.01759460035368408,2173.7
972555,3991,16.0,258,0.1247,0.016409740572271403,2174.3
972730,3992,7.0,175,0.1245,0.016847283441827378,2174.8
973058,3993,20.0,328,0.1242,0.019015959730916996,2175.5
973575,3994,21.0,517,0.1238,0.0162023666618002,2176.8
974019,3995,22.0,444,0.1234,0.014603551042996146,2177.9
974364,3996,17.0,345,0.1231,0.01780471337381108,2178.7
974937,3997,21.0,573,0.1226,0.0162927935134385,2180.0
975096,3998,8.0,159,0.1224,0.011948907736223192,2180.4
975322,3999,10.0,226,0.1222,0.016481936954992955,2181.0
975501,4000,9.0,179,0.122,0.015071059509904849,2181.4
975669,4001,9.0,168,0.1219,0.014427037987237176,2181.9
975840,4002,9.0,171,0.1217,0.013253651521450211,2182.3
976041,4003,6.0,201,0.1216,0.01520217967685312,2182.8
976225,4004,8.0,184,0.1214,0.014422534134886835,2183.2
976546,4005,14.0,321,0.1211,0.013521815059357322,2184.0
977127,4006,23.0,581,0.1206,0.013624436592940112,2185.4
977405,4007,14.0,278,0.1203,0.016580359950395567,2186.1
977720,4008,15.0,315,0.1201,0.018230854586662747,2186.8
978092,4009,17.0,372,0.1197,0.015302299551906125,2187.7
978327,4010,15.0,235,0.1195,0.01432222624084559,2188.3
978556,4011,12.0,229,0.1193,0.015396110340150008,2188.9
979102,4012,25.0,546,0.1188,0.014737337832818465,2190.1
979450,4013,19.0,348,0.1185,0.01373151786646795,2191.0
979634,4014,8.0,184,0.1183,0.013492699160807482,2191.5
980043,4015,16.0,409,0.118,0.018060103901114094,2192.6
980203,4016,8.0,160,0.1178,0.015476248564664275,2193.0
980395,4017,8.0,192,0.1176,0.014147932844934985,2193.5
980741,4018,15.0,346,0.1173,0.012831746908332938,2194.4
980950,4019,10.0,209,0.1171,0.017900992072939586,2194.9
981078,4020,6.0,128,0.117,0.015066113381180912,2195.2
981316,4021,13.0,238,0.1168,0.01639152872376144,2195.9
981433,4022,1.0,117,0.1167,0.015510458178047476,2196.2
981598,4023,8.0,165,0.1166,0.01651601786384495,2196.6
982101,4024,23.0,503,0.1161,0.017248975560216914,2197.8
982286,4025,10.0,185,0.1159,0.01687421470516078,2198.2
982694,4026,19.0,408,0.1156,0.015128542367807207,2199.2
982855,4027,6.0,161,0.1154,0.015237965737469494,2199.6
983004,4028,5.0,149,0.1153,0.014954854709733473,2199.9
983430,4029,25.0,426,0.1149,0.015998861348291614,2200.9
983728,4030,11.0,298,0.1146,0.015695958162347475,2201.6
984237,4031,21.0,509,0.1142,0.016047835606700322,2202.9
984617,4032,12.0,380,0.1138,0.016810258196078634,2203.8
984758,4033,6.0,141,0.1137,0.019537508101867777,2204.1
984947,4034,8.0,189,0.1135,0.01742961697597453,2204.6
985294,4035,15.0,347,0.1132,0.014857931771775943,2205.4
985449,4036,8.0,155,0.1131,0.017581461403423395,2205.8
985632,4037,10.0,183,0.1129,0.01555152445950586,2206.3
986103,4038,20.0,471,0.1125,0.013470361957477773,2207.4
986517,4039,22.0,414,0.1121,0.01741344180593912,2208.4
986777,4040,15.0,260,0.1119,0.01704820553557231,2209.1
987099,4041,16.0,322,0.1116,0.017345358137390576,2209.9
987282,4042,12.0,183,0.1114,0.01497003854677567,2210.3
987759,4043,22.0,477,0.111,0.017445783259957527,2211.5
988291,4044,23.0,532,0.1105,0.016028120287490965,2213.0
988480,4045,7.0,189,0.1104,0.015388250903924927,2213.5
988739,4046,13.0,259,0.1101,0.011807181104813935,2214.1
989221,4047,22.0,482,0.1097,0.01595810733250658,2215.3
989619,4048,20.0,398,0.1093,0.015741862380180997,2216.2
989812,4049,10.0,193,0.1092,0.01605921338445374,2216.7
990008,4050,10.0,196,0.109,0.015880291278911184,2217.2
990545,4051,19.0,537,0.1085,0.017088200704111205,2218.7
990882,4052,19.0,337,0.1082,0.016642665263221022,2219.6
991313,4053,17.0,431,0.1078,0.016734636440459225,2220.8
991512,4054,10.0,199,0.1076,0.01963655849918723,2221.3
991892,4055,18.0,380,0.1073,0.017345478260693582,2222.4
992360,4056,22.0,468,0.1069,0.015034909300410595,2223.8
992534,4057,8.0,174,0.1067,0.0146258648181724,2224.3
992751,4058,10.0,217,0.1065,0.01701938913255516,2225.0
993276,4059,20.0,525,0.1061,0.015185206756348523,2226.6
993655,4060,20.0,379,0.1057,0.017380908488276156,2227.7
994046,4061,22.0,391,0.1054,0.01626716818831557,2228.8
994359,4062,16.0,313,0.1051,0.017426558489648577,2229.7
994769,4063,14.0,410,0.1047,0.01748781123659709,2231.0
995185,4064,17.0,416,0.1043,0.017092257937362704,2232.2
995556,4065,14.0,371,0.104,0.017012561946826918,2233.3
995796,4066,13.0,240,0.1038,0.01761715825026234,2234.0
996122,4067,14.0,326,0.1035,0.017688432452556344,2235.0
996590,4068,22.0,468,0.1031,0.01763275176143417,2236.4
996939,4069,17.0,349,0.1028,0.01711900174703406,2237.4
997267,4070,18.0,328,0.1025,0.016975927183677148,2238.3
997421,4071,7.0,154,0.1023,0.017623944852787714,2238.8
997613,4072,10.0,192,0.1021,0.018518614505107205,2239.4
997790,4073,7.0,177,0.102,0.015466932535425505,2239.9
997998,4074,11.0,208,0.1018,0.011812058940099983,2240.4
998188,4075,8.0,190,0.1016,0.016159017259875934,2240.9
998364,4076,7.0,176,0.1015,0.018278189850124447,2241.4
998698,4077,16.0,334,0.1012,0.01541904946901353,2242.3
998872,4078,9.0,174,0.101,0.01642806009939787,2242.8
999474,4079,27.0,602,0.1005,0.017082457405825455,2244.5
999813,4080,17.0,339,0.1002,0.014204254068489023,2245.4
1000303,4081,26.0,490,0.1,0.015956250225483883,2246.9
1000843,4082,25.0,540,0.1,0.017049529612133348,2248.3
1001178,4083,17.0,335,0.1,0.015856376330789533,2249.2
1001372,4084,10.0,194,0.1,0.01597360667905637,2249.7
1001736,4085,18.0,364,0.1,0.017543141446127505,2250.7
1002048,4086,19.0,312,0.1,0.022094331905603982,2251.6
1002479,4087,15.0,431,0.1,0.01690761679043628,2252.8
1002723,4088,15.0,244,0.1,0.0184269317112802,2253.4
1003039,4089,16.0,316,0.1,0.019233796085360685,2254.3
1003380,4090,20.0,341,0.1,0.01939036358191177,2255.2
1003878,4091,20.0,498,0.1,0.016397597425947746,2256.5
1004036,4092,7.0,158,0.1,0.0154682541731745,2256.9
1004351,4093,17.0,315,0.1,0.017540974667868935,2257.8
1004632,4094,15.0,281,0.1,0.015767672850133876,2258.5
1004984,4095,17.0,352,0.1,0.020654159669489178,2259.4
1005179,4096,9.0,195,0.1,0.019799372385023162,2259.9
1005525,4097,19.0,346,0.1,0.016328368170037008,2261.0
1005708,4098,6.0,183,0.1,0.01603597595923297,2261.5
1005928,4099,12.0,220,0.1,0.015335177156058226,2262.1
1006267,4100,19.0,339,0.1,0.015820543852723426,2263.1
1006756,4101,22.0,489,0.1,0.015496084756195181,2264.7
1007048,4102,12.0,292,0.1,0.016244821438616882,2266.3
1007278,4103,12.0,230,0.1,0.02009089344605934,2267.2
1007760,4104,23.0,482,0.1,0.015819246476623885,2269.0
1008049,4105,11.0,289,0.1,0.018759295680663653,2269.9
1008275,4106,11.0,226,0.1,0.018296541346769248,2270.7
1008618,4107,16.0,343,0.1,0.013925821355240809,2272.1
1008897,4108,16.0,279,0.1,0.016811287606001965,2273.1
1009461,4109,25.0,564,0.1,0.017382532865112873,2274.6
1009999,4110,26.0,538,0.1,0.01646836577574097,2276.2
1010370,4111,15.0,371,0.1,0.015725789070930533,2277.2
1010608,4112,12.0,238,0.1,0.02018653096553559,2277.9
1010987,4113,21.0,379,0.1,0.018603274390656264,2279.0
1011336,4114,19.0,349,0.1,0.01529644070119089,2280.3
1011679,4115,16.0,343,0.1,0.01891875244293581,2281.5
1011989,4116,17.0,310,0.1,0.02002862306872908,2282.6
1012336,4117,20.0,347,0.1,0.02033518352706371,2283.7
1012638,4118,16.0,302,0.1,0.016533724696685872,2284.6
1013126,4119,26.0,488,0.1,0.014734981883103486,2285.9
1013370,4120,11.0,244,0.1,0.01606778606207522,2286.6
1013672,4121,16.0,302,0.1,0.01806407470537938,2287.7
1014024,4122,21.0,352,0.1,0.013955138808920641,2289.2
1014231,4123,10.0,207,0.1,0.013483699621157903,2289.9
1014521,4124,15.0,290,0.1,0.013259110302498487,2291.0
1014907,4125,21.0,386,0.1,0.015400488045997918,2292.6
1015255,4126,18.0,348,0.1,0.016969781117406726,2293.6
1015629,4127,22.0,374,0.1,0.016296338827468136,2294.6
1015900,4128,11.0,271,0.1,0.015028861988171497,2295.3
1016093,4129,10.0,193,0.1,0.013635868992423639,2295.8
1016787,4130,30.0,694,0.1,0.01686544121630662,2297.7
1017405,4131,31.0,618,0.1,0.015997341683795376,2299.5
1017803,4132,25.0,398,0.1,0.02078597545106378,2300.7
1017987,4133,10.0,184,0.1,0.020249536321700914,2301.2
1018425,4134,26.0,438,0.1,0.015454222520136021,2302.5
1018732,4135,16.0,307,0.1,0.015541315943534886,2303.3
1019122,4136,20.0,390,0.1,0.014322229092172588,2304.4
1019324,4137,11.0,202,0.1,0.016870535846215253,2305.0
1019686,4138,23.0,362,0.1,0.019117935534773603,2306.0
1020004,4139,17.0,318,0.1,0.01546578858688008,2307.1
1020333,4140,18.0,329,0.1,0.01345927938080688,2308.3
1020631,4141,16.0,298,0.1,0.01477186124444612,2309.3
1021087,4142,23.0,456,0.1,0.01749912648576132,2310.8
1021498,4143,22.0,411,0.1,0.017104533505490394,2312.0
1021802,4144,16.0,304,0.1,0.016284859062196982,2312.9
1022178,4145,21.0,376,0.1,0.017050172876011817,2314.0
1022636,4146,20.0,458,0.1,0.0186014365789521,2315.3
1022902,4147,12.0,266,0.1,0.020103995515400486,2316.1
1023091,4148,9.0,189,0.1,0.016407057454690656,2316.6
1023290,4149,10.0,199,0.1,0.016869815671816467,2317.2
1023671,4150,16.0,381,0.1,0.01700569797111185,2318.3
1023888,4151,13.0,217,0.1,0.017001802245662972,2319.0
1024216,4152,19.0,328,0.1,0.017568687527872075,2319.9
1024402,4153,9.0,186,0.1,0.018041877303798887,2320.4
1024589,4154,8.0,187,0.1,0.01889393239361333,2321.0
1024944,4155,21.0,355,0.1,0.012564765700149569,2322.0
1025151,4156,9.0,207,0.1,0.02321046617283833,2322.6
1025314,4157,9.0,163,0.1,0.016407289201530013,2323.1
1025494,4158,9.0,180,0.1,0.012923151999711991,2323.6
1025765,4159,14.0,271,0.1,0.01695297985433546,2324.4
1026020,4160,13.0,255,0.1,0.017360038840706693,2325.1
1026350,4161,16.0,330,0.1,0.01564026194647318,2326.2
1026495,4162,7.0,145,0.1,0.012801565469190892,2326.6
1026929,4163,23.0,434,0.1,0.01575759921752668,2327.9
1027118,4164,8.0,189,0.1,0.018362727660210208,2328.5
1027407,4165,14.0,289,0.1,0.01725270674796775,2329.4
1027689,4166,15.0,282,0.1,0.017230809515368352,2330.2
1028034,4167,19.0,345,0.1,0.0160182696918762,2331.2
1028357,4168,17.0,323,0.1,0.014896638079166965,2332.2
1028838,4169,17.0,481,0.1,0.017330055319083233,2333.7
1029203,4170,19.0,365,0.1,0.016856542338136132,2334.8
1029360,4171,8.0,157,0.1,0.01887021561851725,2335.3
1029712,4172,20.0,352,0.1,0.015731487986737524,2336.4
1030158,4173,17.0,446,0.1,0.017148105870210775,2337.7
1030527,4174,24.0,369,0.1,0.01805770422747035,2338.8
1030878,4175,17.0,351,0.1,0.021022875473136082,2339.9
1031429,4176,24.0,551,0.1,0.015199693279219386,2341.7
1031788,4177,21.0,359,0.1,0.01756702984372775,2342.8
1032091,4178,17.0,303,0.1,0.015360042052343488,2343.8
1032296,4179,10.0,205,0.1,0.013094962028285058,2344.4
1032735,4180,15.0,439,0.1,0.014688347929815224,2345.8
1033048,4181,13.0,313,0.1,0.01578088122408224,2346.9
1033380,4182,17.0,332,0.1,0.01459210472607828,2347.9
1033864,4183,19.0,484,0.1,0.016575899283009128,2349.6
1034187,4184,16.0,323,0.1,0.01886729481338989,2350.6
1034438,4185,14.0,251,0.1,0.016277278056516062,2351.3
1034721,4186,12.0,283,0.1,0.01630597015593568,2352.2
1034876,4187,7.0,155,0.1,0.020551236513524484,2352.7
1035389,4188,22.0,513,0.1,0.016618444729829207,2354.3
1035582,4189,10.0,193,0.1,0.016352662913656484,2355.0
1035803,4190,9.0,221,0.1,0.014156647090038115,2355.7
1036034,4191,12.0,231,0.1,0.01805573683392642,2356.5
1036302,4192,13.0,268,0.1,0.01781916583943834,2357.4
1036717,4193,23.0,415,0.1,0.01487893287692434,2358.7
1037107,4194,16.0,390,0.1,0.018110184795847258,2360.0
1037442,4195,18.0,335,0.1,0.01751733992603563,2361.1
1037570,4196,4.0,128,0.1,0.019778992522333283,2361.5
1037849,4197,14.0,279,0.1,0.016850169046249773,2362.4
1038184,4198,17.0,335,0.1,0.01692481442642886,2363.4
1038419,4199,14.0,235,0.1,0.014268501914620143,2364.2
1038997,4200,24.0,578,0.1,0.01409387690785887,2366.0
1039178,4201,9.0,181,0.1,0.02145006634398467,2366.6
1039508,4202,17.0,330,0.1,0.013974013216569122,2367.6
1039705,4203,10.0,197,0.1,0.014989884779313388,2368.2
1040020,4204,18.0,315,0.1,0.016735488920224997,2369.1
1040480,4205,18.0,460,0.1,0.01676766299845084,2370.5
1040636,4206,7.0,156,0.1,0.01575238703009792,2371.0
1041100,4207,24.0,464,0.1,0.017838883829897206,2372.3
1041622,4208,28.0,522,0.1,0.016758085957441767,2373.9
1041975,4209,20.0,353,0.1,0.01582301768939942,2375.0
1042252,4210,11.0,277,0.1,0.014855686575174332,2375.9
1042788,4211,27.0,536,0.1,0.01766152675228833,2377.3
1043247,4212,27.0,459,0.1,0.01800699716866866,2378.5
1043420,4213,11.0,173,0.1,0.013988726491912861,2379.0
1043719,4214,13.0,299,0.1,0.021331788619627822,2379.8
1044078,4215,21.0,359,0.1,0.01763066513877776,2380.6
1044414,4216,17.0,336,0.1,0.014958438740688421,2381.5
1044803,4217,24.0,389,0.1,0.015572566560651991,2382.5
1045338,4218,21.0,535,0.1,0.016659463745361165,2383.9
1045621,4219,15.0,283,0.1,0.01604242516274918,2384.6
1045958,4220,17.0,337,0.1,0.01353781377353395,2385.4
1046291,4221,16.0,333,0.1,0.014211810920499715,2386.3
1046444,4222,8.0,153,0.1,0.012634822143576084,2386.7
1046581,4223,6.0,137,0.1,0.019277993069194695,2387.1
1046774,4224,12.0,193,0.1,0.018026145165398095,2387.6
1046903,4225,6.0,129,0.1,0.014576074609067291,2387.9
1047419,4226,21.0,516,0.1,0.0141149165448119,2389.3
1047792,4227,22.0,373,0.1,0.014821047696502918,2390.3
1048092,4228,15.0,300,0.1,0.014012146682168047,2391.0
1048532,4229,20.0,440,0.1,0.019031122396700084,2392.2
1048806,4230,11.0,274,0.1,0.017209945315056863,2392.9
1049148,4231,13.0,342,0.1,0.013849504473402576,2393.8
1049341,4232,10.0,193,0.1,0.012941274806507863,2394.2
1049549,4233,12.0,208,0.1,0.016571875321320616,2394.8
1050001,4234,17.0,452,0.1,0.01820993939192092,2395.9
1050514,4235,20.0,513,0.1,0.017400919135980075,2397.2
1050746,4236,9.0,232,0.1,0.015075383607522938,2397.8
1051104,4237,19.0,358,0.1,0.014989352849726047,2398.7
1051647,4238,21.0,543,0.1,0.016732243243259965,2400.0
1052138,4239,18.0,491,0.1,0.01513568641678468,2401.2
1052352,4240,12.0,214,0.1,0.012690674280747771,2401.7
1052677,4241,17.0,325,0.1,0.016087008864377386,2402.6
1053073,4242,18.0,396,0.1,0.01577326182200752,2403.5
1053448,4243,21.0,375,0.1,0.015225163301789855,2404.4
1053815,4244,19.0,367,0.1,0.0169298748030317,2405.3
1054301,4245,25.0,486,0.1,0.019226346340518993,2406.8
1054469,4246,7.0,168,0.1,0.016311750675196805,2407.2
1054655,4247,9.0,186,0.1,0.014930672761376785,2407.7
1055096,4248,19.0,441,0.1,0.01701164031443228,2408.8
1055420,4249,18.0,324,0.1,0.01659770219379829,2409.6
1055730,4250,16.0,310,0.1,0.01961985815243868,2410.4
1056061,4251,15.0,331,0.1,0.015847037666959756,2411.2
1056307,4252,14.0,246,0.1,0.015190457856496338,2411.8
1056845,4253,24.0,538,0.1,0.017558915614736853,2413.2
1057194,4254,18.0,349,0.1,0.014030837108670124,2414.1
1057538,4255,21.0,344,0.1,0.017378172417561157,2415.0
1057887,4256,21.0,349,0.1,0.014970939451207718,2415.9
1058408,4257,20.0,521,0.1,0.014511525382124286,2417.3
1058851,4258,24.0,443,0.1,0.016166021549989553,2418.5
1059188,4259,13.0,337,0.1,0.014114296408917974,2419.3
1059370,4260,9.0,182,0.1,0.016594635881483556,2419.8
1059680,4261,16.0,310,0.1,0.014546793485537935,2420.6
1060003,4262,17.0,323,0.1,0.016773810191079975,2421.5
1060573,4263,27.0,570,0.1,0.01593613700120599,2423.0
1060975,4264,23.0,402,0.1,0.016396698986645787,2424.0
1061289,4265,18.0,314,0.1,0.01555319419248572,2424.8
1061588,4266,19.0,299,0.1,0.017676062292108934,2425.6
1061889,4267,18.0,301,0.1,0.015546119653930266,2426.3
1062179,4268,12.0,290,0.1,0.016846992683389947,2427.2
1062480,4269,18.0,301,0.1,0.01604155376921163,2427.9
1063063,4270,23.0,583,0.1,0.01766260440204421,2429.3
1063571,4271,28.0,508,0.1,0.0190170475311108,2430.5
1063962,4272,21.0,391,0.1,0.01625037898442575,2431.5
1064505,4273,26.0,543,0.1,0.01662808787830941,2432.9
1065027,4274,20.0,522,0.1,0.017354236469747354,2434.1
1065299,4275,10.0,272,0.1,0.01747382797561038,2434.8
1065832,4276,28.0,533,0.1,0.0188821632529734,2436.1
1066153,4277,17.0,321,0.1,0.0170485871785786,2436.9
1066239,4278,1.0,86,0.1,0.021997164979222276,2437.1
1066769,4279,21.0,530,0.1,0.01645378825163707,2438.4
1067228,4280,21.0,459,0.1,0.01715481219124859,2439.6
1067531,4281,17.0,303,0.1,0.016230021504064402,2440.3
1068013,4282,25.0,482,0.1,0.014636006298636602,2441.4
1068520,4283,25.0,507,0.1,0.01626727026410577,2442.7
1068846,4284,20.0,326,0.1,0.014060211218433616,2443.5
1069147,4285,16.0,301,0.1,0.014600907222678264,2444.2
1069452,4286,17.0,305,0.1,0.017868268445690536,2445.0
1069920,4287,25.0,468,0.1,0.018305232394168265,2446.2
1070107,4288,9.0,187,0.1,0.01254386431031415,2446.7
1070485,4289,20.0,378,0.1,0.017085188460585318,2447.6
1070682,4290,9.0,197,0.1,0.018856083864954357,2448.1
1071005,4291,18.0,323,0.1,0.015237793659814347,2448.9
1071196,4292,9.0,191,0.1,0.01770102225903732,2449.3
1071677,4293,22.0,481,0.1,0.01663148633282011,2450.5
1071870,4294,10.0,193,0.1,0.014783814326316739,2450.9
1072136,4295,14.0,266,0.1,0.021104204934090376,2451.6
1072690,4296,29.0,554,0.1,0.016777417280009366,2453.0
1073025,4297,21.0,335,0.1,0.015599365055095404,2453.8
1073174,4298,6.0,149,0.1,0.016188065886396815,2454.1
1073353,4299,9.0,179,0.1,0.015490681864321232,2454.6
1073621,4300,11.0,268,0.1,0.01883599006417972,2455.2
1073845,4301,11.0,224,0.1,0.014343166906785752,2455.8
1074000,4302,8.0,155,0.1,0.014822637769751824,2456.2
1074317,4303,19.0,317,0.1,0.01684837223655438,2457.0
1074906,4304,29.0,589,0.1,0.01943960388153031,2458.5
1075315,4305,24.0,409,0.1,0.018143443936281197,2459.5
1075619,4306,14.0,304,0.1,0.013612880757519681,2460.4
1076300,4307,30.0,681,0.1,0.019244273481836095,2462.2
1076946,4308,24.0,646,0.1,0.016698077793944603,2463.9
1077159,4309,11.0,213,0.1,0.014207147013501457,2464.5
1077442,4310,15.0,283,0.1,0.015628843525634477,2465.3
1077801,4311,21.0,359,0.1,0.013856744864541623,2466.2
1078101,4312,17.0,300,0.1,0.01476584888373812,2467.0
1078287,4313,9.0,186,0.1,0.015727294406489185,2467.5
1078752,4314,21.0,465,0.1,0.016514742221587744,2468.7
1079086,4315,18.0,334,0.1,0.014255470049242118,2469.7
1079572,4316,25.0,486,0.1,0.01769081670523728,2471.2
1079904,4317,19.0,332,0.1,0.014925070788643986,2472.2
1080335,4318,22.0,431,0.1,0.015900052209149734,2473.4
1080607,4319,14.0,272,0.1,0.015677507429191953,2474.2
1080959,4320,20.0,352,0.1,0.016034399132794617,2475.1
1081287,4321,19.0,328,0.1,0.019223749717106907,2476.0
1081469,4322,9.0,182,0.1,0.01882459081547416,2476.5
1081785,4323,20.0,316,0.1,0.016548386772009958,2477.3
1082051,4324,15.0,266,0.1,0.01269950732856876,2478.0
1082499,4325,24.0,448,0.1,0.016657950479254526,2479.3
1082747,4326,13.0,248,0.1,0.014935130076933532,2479.9
1083075,4327,16.0,328,0.1,0.014880592420856218,2480.8
1083225,4328,6.0,150,0.1,0.015350209512306671,2481.2
1083486,4329,14.0,261,0.1,0.013238332123280717,2481.9
1083740,4330,12.0,254,0.1,0.013817189610563219,2482.5
1083990,4331,11.0,250,0.1,0.016448553411229964,2483.2
1084554,4332,23.0,564,0.1,0.015183899809229882,2484.7
1085034,4333,25.0,480,0.1,0.01730925772183885,2485.9
1085238,4334,11.0,204,0.1,0.01432234636398361,2486.5
1085508,4335,15.0,270,0.1,0.0194488793871749,2487.2
1085672,4336,7.0,164,0.1,0.010148336815579636,2487.6
1086008,4337,19.0,336,0.1,0.01582695723655412,2488.5
1086330,4338,19.0,322,0.1,0.016401072920416482,2489.3
1086867,4339,27.0,537,0.1,0.016901299777899437,2490.7
1087255,4340,26.0,388,0.1,0.01181168609164348,2491.6
1087530,4341,13.0,275,0.1,0.017800662963502648,2492.4
1087980,4342,24.0,450,0.1,0.017760632672981745,2493.5
1088527,4343,28.0,547,0.1,0.018623991110978427,2494.9
1088958,4344,23.0,431,0.1,0.01787528310497119,2496.0
1089397,4345,23.0,439,0.1,0.015891086318614807,2497.1
1089668,4346,15.0,271,0.1,0.014610271455774851,2497.8
1090076,4347,17.0,408,0.1,0.01579152935814551,2498.8
1090342,4348,14.0,266,0.1,0.01388568717238465,2499.5
1090672,4349,17.0,330,0.1,0.015017054700124335,2500.4
1090884,4350,8.0,212,0.1,0.0213603150398242,2500.9
1091193,4351,18.0,309,0.1,0.014189774001186544,2501.7
1091756,4352,29.0,563,0.1,0.018189972885785267,2503.1
1092069,4353,19.0,313,0.1,0.02109146268011477,2503.9
1092420,4354,19.0,351,0.1,0.017630326347319748,2504.8
1092871,4355,23.0,451,0.1,0.01768746703913036,2506.0
1093163,4356,16.0,292,0.1,0.01613883736339232,2506.7
1093432,4357,15.0,269,0.1,0.01980421119643485,2507.5
1093765,4358,21.0,333,0.1,0.01998515368764659,2508.3
1094121,4359,22.0,356,0.1,0.01840066430263556,2509.2
1094456,4360,17.0,335,0.1,0.019553796305055066,2510.0
1094805,4361,21.0,349,0.1,0.014832373114366984,2510.9
1095055,4362,12.0,250,0.1,0.02117887991780956,2511.5
1095412,4363,19.0,357,0.1,0.01697995601894541,2512.4
1095737,4364,19.0,325,0.1,0.019490649337293924,2513.2
1096084,4365,19.0,347,0.1,0.018853431567549706,2514.1
1096470,4366,23.0,386,0.1,0.015567371066329846,2515.0
1097028,4367,25.0,558,0.1,0.016582019054996115,2516.4
1097348,4368,20.0,320,0.1,0.017586135180317798,2517.2
1097561,4369,9.0,213,0.1,0.020307629281338654,2517.8
1097977,4370,24.0,416,0.1,0.015681178911248796,2519.0
1098390,4371,24.0,413,0.1,0.015963125781798104,2520.0
1098662,4372,16.0,272,0.1,0.015847953419913265,2520.7
1098982,4373,17.0,320,0.1,0.014182262233225629,2521.5
1099316,4374,20.0,334,0.1,0.016745187774566666,2522.4
1099931,4375,32.0,615,0.1,0.018587743706721203,2524.0
1100211,4376,14.0,280,0.1,0.017245002064321724,2524.7
1100473,4377,12.0,262,0.1,0.01669525110628456,2525.4
1100934,4378,26.0,461,0.1,0.020257783976747937,2526.6
1101255,4379,18.0,321,0.1,0.019301698094932363,2527.4
1101785,4380,26.0,530,0.1,0.018454771415379486,2528.7
1102250,4381,24.0,465,0.1,0.018217172070229746,2530.0
1102520,4382,13.0,270,0.1,0.015949309413211748,2530.7
1102720,4383,8.0,200,0.1,0.013721691062673926,2531.2
1103014,4384,16.0,294,0.1,0.015269342889652064,2532.0
1103335,4385,20.0,321,0.1,0.015340084064519033,2532.8
1103605,4386,14.0,270,0.1,0.01669497283942559,2533.6
1103953,4387,21.0,348,0.1,0.018901667046499836,2534.5
1104263,4388,18.0,310,0.1,0.01653955342223892,2535.3
1104623,4389,23.0,360,0.1,0.01811715262528095,2536.2
1105014,4390,23.0,391,0.1,0.016054892565636913,2537.1
1105336,4391,19.0,322,0.1,0.02054868797760135,2538.0
1105503,4392,10.0,167,0.1,0.017557642161391857,2538.4
1106144,4393,26.0,641,0.1,0.017682678648993744,2540.0
1106314,4394,9.0,170,0.1,0.01568778752837153,2540.4
1106615,4395,16.0,301,0.1,0.015297026460369428,2541.2
1106759,4396,6.0,144,0.1,0.017286490843010444,2541.6
1107303,4397,22.0,544,0.1,0.015393663880839834,2543.0
1108188,4398,29.0,885,0.1,0.017169498876240606,2545.3
1108762,4399,28.0,574,0.1,0.02198881611156349,2546.9
1109355,4400,30.0,593,0.1,0.01769039800824799,2548.4
1109800,4401,22.0,445,0.1,0.01722564036858135,2549.5
1110107,4402,17.0,307,0.1,0.01684096236835773,2550.2
1110488,4403,25.0,381,0.1,0.015105023119152369,2551.2
1111020,4404,27.0,532,0.1,0.01565254164887662,2552.5
1111388,4405,25.0,368,0.1,0.013809924990789074,2553.4
1111655,4406,13.0,267,0.1,0.018140891298764582,2554.1
1111922,4407,13.0,267,0.1,0.01518716310053619,2554.8
1112111,4408,9.0,189,0.1,0.016574201961741485,2555.2
1112437,4409,19.0,326,0.1,0.016561371825135698,2556.1
1112715,4410,16.0,278,0.1,0.018878429190026247,2556.8
1113046,4411,19.0,331,0.1,0.015688690752441805,2557.6
1113235,4412,9.0,189,0.1,0.015718373742469764,2558.1
1113506,4413,16.0,271,0.1,0.01649036121157491,2558.7
1113801,4414,19.0,295,0.1,0.01499544525821064,2559.5
1113948,4415,7.0,147,0.1,0.014404289588030125,2559.9
1114475,4416,24.0,527,0.1,0.016580217681427038,2561.1
1114842,4417,21.0,367,0.1,0.01678662483185611,2562.0
1115032,4418,10.0,190,0.1,0.015524070273386315,2562.5
1115373,4419,20.0,341,0.1,0.018223180594470572,2563.3
1115680,4420,17.0,307,0.1,0.019631679042835127,2564.1
1116002,4421,19.0,322,0.1,0.016989502956857905,2564.9
1116407,4422,23.0,405,0.1,0.01882339688940066,2565.9
1116823,4423,23.0,416,0.1,0.01607134698693139,2566.9
1117130,4424,19.0,307,0.1,0.020310818075577355,2567.6
1117589,4425,22.0,459,0.1,0.01851932249315407,2568.7
1118026,4426,25.0,437,0.1,0.01654514577453358,2569.7
1118326,4427,16.0,300,0.1,0.016855424878497918,2570.4
1118727,4428,23.0,401,0.1,0.014410716644488276,2571.4
1119097,4429,24.0,370,0.1,0.014128189283593367,2572.3
1119369,4430,14.0,272,0.1,0.014761282548801425,2573.0
1119874,4431,20.0,505,0.1,0.014540390974457657,2574.3
1120287,4432,23.0,413,0.1,0.01446695133899022,2575.6
1120610,4433,19.0,323,0.1,0.01792759935796997,2576.6
1120922,4434,19.0,312,0.1,0.021521499678970147,2577.4
1121183,4435,15.0,261,0.1,0.016823353604055367,2578.1
1121449,4436,15.0,266,0.1,0.01905102796379977,2578.9
1122009,4437,29.0,560,0.1,0.016545622867332504,2580.4
1122308,4438,16.0,299,0.1,0.018391161592056355,2581.3
1122635,4439,20.0,327,0.1,0.014005356738458813,2582.2
1122976,4440,17.0,341,0.1,0.01591701502641013,2583.1
1123254,4441,14.0,278,0.1,0.019157675935117448,2583.9
1124012,4442,31.0,758,0.1,0.019936595847340005,2585.8
1124280,4443,15.0,268,0.1,0.01675857169859445,2586.6
1124813,4444,27.0,533,0.1,0.015098785880000744,2588.0
1125309,4445,25.0,496,0.1,0.016736716557774815,2589.4
1125780,4446,27.0,471,0.1,0.015833400868637076,2590.7
1125936,4447,6.0,156,0.1,0.015598327602044893,2591.1
1126274,4448,18.0,338,0.1,0.016554277318174996,2592.0
1126696,4449,25.0,422,0.1,0.0161424255885957,2593.2
1127205,4450,25.0,509,0.1,0.01553897729224166,2594.6
1127627,4451,27.0,422,0.1,0.0158643380239872,2595.7
1128023,4452,23.0,396,0.1,0.017693735920175008,2596.7
1128348,4453,21.0,325,0.1,0.019055007701376227,2597.6
1128747,4454,20.0,399,0.1,0.015955613528594675,2598.7
1128908,4455,9.0,161,0.1,0.015833179017801475,2599.1
1129273,4456,25.0,365,0.1,0.01489019498822617,2600.1
1129599,4457,19.0,326,0.1,0.01736431652220127,2601.0
1129913,4458,17.0,314,0.1,0.01614209550397494,2601.9
1130451,4459,27.0,538,0.1,0.019029211709901357,2603.2
1130807,4460,20.0,356,0.1,0.014319004090712144,2604.2
1131125,4461,22.0,318,0.1,0.01890617325261701,2605.1
1131635,4462,24.0,510,0.1,0.01643964871177523,2606.4
1131803,4463,7.0,168,0.1,0.018474898079321497,2606.8
1132271,4464,22.0,468,0.1,0.016570159934588477,2608.1
1132671,4465,18.0,400,0.1,0.015944958722684532,2609.1
1132876,4466,12.0,205,0.1,0.018376747988021143,2609.6
1133249,4467,24.0,373,0.1,0.01810964272027054,2610.6
1133576,4468,22.0,327,0.1,0.017226219171567296,2611.5
1134031,4469,30.0,455,0.1,0.01676112109696311,2612.6
1134488,4470,27.0,457,0.1,0.018088400396315946,2613.6
1134810,4471,20.0,322,0.1,0.014024505676934496,2614.5
1135289,4472,26.0,479,0.1,0.01627024620344552,2615.7
1135808,4473,22.0,519,0.1,0.018516565599622063,2617.0
1136263,4474,25.0,455,0.1,0.015450983835730405,2618.1
1136535,4475,15.0,272,0.1,0.021838013562099898,2618.9
1137221,4476,33.0,686,0.1,0.016680261164871153,2620.6
1137783,4477,25.0,562,0.1,0.016111046469969942,2621.9
1137970,4478,9.0,187,0.1,0.015227262336919282,2622.4
1138372,4479,25.0,402,0.1,0.015658378969914843,2623.5
1138679,4480,15.0,307,0.1,0.021704264211860533,2624.5
1138968,4481,15.0,289,0.1,0.016464010614595594,2625.2
1139229,4482,16.0,261,0.1,0.014619395480706142,2625.9
1139500,4483,18.0,271,0.1,0.015947048442766946,2626.6
1139831,4484,14.0,331,0.1,0.01768328196357754,2627.5
1140332,4485,26.0,501,0.1,0.018093538751441336,2628.8
1140696,4486,21.0,364,0.1,0.017041070542840677,2629.7
1140924,4487,14.0,228,0.1,0.018370069743117744,2630.3
1141018,4488,1.0,94,0.1,0.011658736727321926,2630.5
1141172,4489,7.0,154,0.1,0.019850372062184107,2630.9
1141344,4490,9.0,172,0.1,0.016150089549333897,2631.3
1141702,4491,22.0,358,0.1,0.017187322960810714,2632.2
1141859,4492,9.0,157,0.1,0.020926472420493763,2632.6
1142041,4493,9.0,182,0.1,0.016699302455653316,2633.1
1142330,4494,17.0,289,0.1,0.018183291378793202,2633.9
1142541,4495,13.0,211,0.1,0.012745785575254628,2634.5
1142715,4496,9.0,174,0.1,0.016528037777387126,2635.0
1142900,4497,9.0,185,0.1,0.015982413129445087,2635.5
1143080,4498,9.0,180,0.1,0.020215516340815358,2636.0
1143570,4499,26.0,490,0.1,0.01960650593286655,2637.4
1144024,4500,25.0,454,0.1,0.018472530642164905,2638.6
1144191,4501,8.0,167,0.1,0.015004568642414198,2639.1
1144592,4502,24.0,401,0.1,0.015808325659686533,2640.1
1144913,4503,17.0,321,0.1,0.015264364617178217,2640.9
1145320,4504,23.0,407,0.1,0.015863682570246358,2642.0
1145525,4505,9.0,205,0.1,0.01790726555547878,2642.6
1145891,4506,22.0,366,0.1,0.015974627096451574,2643.5
1146224,4507,18.0,333,0.1,0.012561509801474,2644.4
1146593,4508,25.0,369,0.1,0.012639344773639965,2645.4
1147155,4509,22.0,562,0.1,0.014656406833923288,2646.9
1147442,4510,15.0,287,0.1,0.01219244012867825,2647.6
1147888,4511,25.0,446,0.1,0.01321170102164615,2648.8
1148423,4512,27.0,535,0.1,0.01577152314953002,2650.2
1148789,4513,24.0,366,0.1,0.018122923221317647,2651.3
1149054,4514,16.0,265,0.1,0.01649768410998425,2652.0
1149486,4515,25.0,432,0.1,0.020360432556588894,2653.1
1149920,4516,24.0,434,0.1,0.017671940976394972,2654.2
1150226,4517,16.0,306,0.1,0.012389028432631963,2655.0
1150710,4518,25.0,484,0.1,0.014315168180864705,2656.3
1151051,4519,19.0,341,0.1,0.014196153226144174,2657.1
1151373,4520,13.0,322,0.1,0.019744465998546394,2658.0
1151564,4521,10.0,191,0.1,0.017108353563041117,2658.4
1152025,4522,28.0,461,0.1,0.016788473757712738,2659.6
1152208,4523,8.0,183,0.1,0.01848615763162303,2660.1
1152631,4524,22.0,423,0.1,0.018429114179508318,2661.3
1152935,4525,21.0,304,0.1,0.014401203088805471,2662.1
1153254,4526,17.0,319,0.1,0.017559732877998613,2663.0
1153548,4527,15.0,294,0.1,0.015839319927869615,2663.7
1154123,4528,31.0,575,0.1,0.014509840684428394,2665.3
1154618,4529,31.0,495,0.1,0.01729243731261381,2666.7
1155041,4530,24.0,423,0.1,0.01585499277637112,2667.8
1155202,4531,9.0,161,0.1,0.018038302066270263,2668.2
1155664,4532,32.0,462,0.1,0.017810947723397665,2669.5
1156027,4533,25.0,363,0.1,0.01846781671564612,2670.5
1156373,4534,19.0,346,0.1,0.016632718173251754,2671.4
1156833,4535,21.0,460,0.1,0.01605153077524965,2672.5
1157094,4536,14.0,261,0.1,0.01804712672288028,2673.2
1157285,4537,10.0,191,0.1,0.020532890514004976,2673.7
1157633,4538,20.0,348,0.1,0.015300922371425676,2674.6
1158086,4539,21.0,453,0.1,0.01779452089912596,2675.7
1158629,4540,26.0,543,0.1,0.017510875262600808,2677.2
1158772,4541,5.0,143,0.1,0.021353055341427937,2677.6
1158913,4542,8.0,141,0.1,0.014765862242451735,2677.9
1159090,4543,8.0,177,0.1,0.016984737044284968,2678.4
1159380,4544,18.0,290,0.1,0.015473394944932158,2679.1
1159580,4545,10.0,200,0.1,0.015623298669233919,2679.6
1160146,4546,31.0,566,0.1,0.01430305120277595,2681.1
1160481,4547,19.0,335,0.1,0.018001568864010983,2682.0
1160932,4548,29.0,451,0.1,0.018724261904629853,2683.1
1161267,4549,19.0,335,0.1,0.01965990082461791,2684.1
1161602,4550,17.0,335,0.1,0.013503169607637184,2685.0
1161982,4551,21.0,380,0.1,0.016794709606390252,2686.1
1162479,4552,25.0,497,0.1,0.018472243280660723,2687.5
1162802,4553,20.0,323,0.1,0.016708160635589817,2688.4
1163578,4554,32.0,776,0.1,0.01587907315745527,2690.5
1163984,4555,27.0,406,0.1,0.015318202028306676,2691.6
1164224,4556,13.0,240,0.1,0.016229391990539927,2692.3
1164664,4557,23.0,440,0.1,0.01547066864388233,2693.4
1165220,4558,29.0,556,0.1,0.017943022469487445,2694.8
1165647,4559,24.0,427,0.1,0.014527878330862325,2696.1
1165955,4560,18.0,308,0.1,0.017557338829599804,2697.2
1166184,4561,10.0,229,0.1,0.02182413278757755,2697.9
1166361,4562,9.0,177,0.1,0.02054772780022838,2698.5
1166615,4563,12.0,254,0.1,0.01639103630764617,2699.1
1166956,4564,21.0,341,0.1,0.014645111782281377,2700.1
1167230,4565,13.0,274,0.1,0.015273878569988644,2701.1
1167908,4566,27.0,678,0.1,0.01805177139090922,2703.0
1168122,4567,8.0,214,0.1,0.016304313099749806,2703.6
1168691,4568,29.0,569,0.1,0.015760363982236143,2705.0
1169291,4569,27.0,600,0.1,0.018830495551228524,2706.8
1169676,4570,19.0,385,0.1,0.014895856346858223,2707.9
1169944,4571,16.0,268,0.1,0.014812452996622271,2708.6
1170292,4572,19.0,348,0.1,0.014416707818792469,2709.5
1170620,4573,19.0,328,0.1,0.015956214972680842,2710.4
1171119,4574,27.0,499,0.1,0.018398565602593966,2711.7
1171484,4575,20.0,365,0.1,0.015982257467998272,2712.7
1172043,4576,24.0,559,0.1,0.016419429064011403,2714.1
1172336,4577,15.0,293,0.1,0.015566300330180171,2714.9
1172871,4578,29.0,535,0.1,0.01501424966162925,2716.3
1173204,4579,19.0,333,0.1,0.01765177499813338,2717.2
1173656,4580,25.0,452,0.1,0.017262441394603357,2718.4
1174004,4581,17.0,348,0.1,0.019238824739345704,2719.3
1174368,4582,23.0,364,0.1,0.015831108384120923,2720.3
1174789,4583,17.0,421,0.1,0.01960244354392801,2721.4
1175251,4584,26.0,462,0.1,0.016551436896881332,2722.6
1175724,4585,27.0,473,0.1,0.016658899069082838,2723.8
1176165,4586,22.0,441,0.1,0.018079025514254516,2724.9
1176484,4587,20.0,319,0.1,0.016526255680946633,2725.9
1176776,4588,14.0,292,0.1,0.013550846620577655,2726.7
1176982,4589,12.0,206,0.1,0.015379508135511595,2727.3
1177429,4590,24.0,447,0.1,0.01666194123182712,2728.4
1177750,4591,21.0,321,0.1,0.016778800229076296,2729.2
1177946,4592,11.0,196,0.1,0.0158372724105661,2729.8
1178094,4593,8.0,148,0.1,0.012749901934954766,2730.2
1178778,4594,29.0,684,0.1,0.016665899705370527,2731.9
1179104,4595,19.0,326,0.1,0.017431056439285962,2732.7
1179400,4596,18.0,296,0.1,0.015522578337884231,2733.5
1179740,4597,14.0,340,0.1,0.016280602921238715,2734.4
1180139,4598,24.0,399,0.1,0.018156816070485447,2735.4
1180735,4599,28.0,596,0.1,0.016665414557010934,2737.1
1181211,4600,21.0,476,0.1,0.02028653644095762,2738.4
1181672,4601,20.0,461,0.1,0.01656510323438601,2739.6
1182216,4602,27.0,544,0.1,0.01714837004478528,2741.0
1182547,4603,16.0,331,0.1,0.017458691931806686,2741.9
1182748,4604,10.0,201,0.1,0.019534324478431075,2742.5
1183195,4605,22.0,447,0.1,0.01779273091731509,2743.8
1183605,4606,22.0,410,0.1,0.017435903525323544,2744.9
1183876,4607,14.0,271,0.1,0.018673898552900508,2745.6
1184504,4608,30.0,628,0.1,0.016927124027779718,2747.2
1185133,4609,27.0,629,0.1,0.017173054960265662,2748.8
1185270,4610,5.0,137,0.1,0.015444869531647247,2749.1
1185430,4611,8.0,160,0.1,0.014650535717373714,2749.6
1185772,4612,19.0,342,0.1,0.01904598906701214,2750.5
1186340,4613,26.0,568,0.1,0.016060143186133618,2752.0
1186889,4614,24.0,549,0.1,0.017190438283974454,2753.5
1187510,4615,30.0,621,0.1,0.016215606430365192,2755.2
1187868,4616,21.0,358,0.1,0.017471102273298636,2756.2
1188478,4617,30.0,610,0.1,0.017644940971972813,2757.7
1188895,4618,25.0,417,0.1,0.016049608462848343,2758.8
1189541,4619,28.0,646,0.1,0.017484673909716492,2760.6
1190038,4620,27.0,497,0.1,0.016161654598920817,2761.9
1190369,4621,20.0,331,0.1,0.01702634081053716,2762.8
1190567,4622,8.0,198,0.1,0.018805783954734097,2763.4
1190913,4623,21.0,346,0.1,0.018213579123411542,2764.4
1191121,4624,13.0,208,0.1,0.018803127083139352,2765.0
1191549,4625,21.0,428,0.1,0.013304836010107788,2766.1
1191869,4626,19.0,320,0.1,0.015434832073515281,2766.9
1192677,4627,30.0,808,0.1,0.014595192693413632,2769.1
1193044,4628,16.0,367,0.1,0.015252502177052362,2769.9
1193499,4629,28.0,455,0.1,0.017260627996225932,2771.2
1193913,4630,25.0,414,0.1,0.01845889366366184,2772.2
1194388,4631,29.0,475,0.1,0.01478809756892068,2773.7
1195138,4632,30.0,750,0.1,0.01677060924609874,2777.3
1195246,4633,1.0,108,0.1,0.01906004120354299,2777.8
1195573,4634,20.0,327,0.1,0.01797257162766849,2779.3
1196024,4635,26.0,451,0.1,0.017355432985268072,2781.3
1196353,4636,19.0,329,0.1,0.016543687732958393,2782.7
1196820,4637,18.0,467,0.1,0.017999825063838154,2784.7
1197068,4638,11.0,248,0.1,0.0138601811617733,2785.7
1197382,4639,15.0,314,0.1,0.017058305570688576,2787.1
1197811,4640,22.0,429,0.1,0.016210785135626793,2788.9
1198370,4641,24.0,559,0.1,0.015728667794194604,2790.8
1198548,4642,9.0,178,0.1,0.01656789863999519,2791.4
1198704,4643,8.0,156,0.1,0.020075003067270305,2791.9
1199177,4644,21.0,473,0.1,0.017694135419471915,2793.9
1199481,4645,17.0,304,0.1,0.020814693018205856,2795.2
1199829,4646,17.0,348,0.1,0.012638211352001319,2796.7
1200154,4647,20.0,325,0.1,0.017902172739721008,2798.1
1200304,4648,6.0,150,0.1,0.018028103342083723,2798.7
1200470,4649,7.0,166,0.1,0.019313478513007482,2799.4
1200672,4650,8.0,202,0.1,0.015095888308304198,2800.2
1200801,4651,6.0,129,0.1,0.018050635349936783,2800.9
1201206,4652,25.0,405,0.1,0.01767508017987308,2802.4
1201686,4653,26.0,480,0.1,0.01654180097975768,2804.4
1202038,4654,18.0,352,0.1,0.019162040404890748,2805.5
1202463,4655,25.0,425,0.1,0.01497636067039632,2806.6
1203279,4656,32.0,816,0.1,0.014201753479474243,2809.4
1203745,4657,26.0,466,0.1,0.021499788671190668,2811.2
1204064,4658,17.0,319,0.1,0.018940097227459773,2812.2
1204440,4659,22.0,376,0.1,0.013662605712368608,2813.3
1204716,4660,17.0,276,0.1,0.020742084486814943,2814.2
1205118,4661,25.0,402,0.1,0.0185176945454441,2815.4
1205291,4662,9.0,173,0.1,0.018409163544907473,2816.0
1205964,4663,28.0,673,0.1,0.01863141743929164,2818.2
1206111,4664,7.0,147,0.1,0.011551985478339096,2818.7
1206419,4665,17.0,308,0.1,0.01680956362117711,2819.5
1206814,4666,25.0,395,0.1,0.01739308544237054,2820.6
1207093,4667,14.0,279,0.1,0.012603737282500202,2821.4
1207917,4668,30.0,824,0.1,0.016560819860122807,2823.9
1208473,4669,29.0,556,0.1,0.016360716225927788,2825.7
1209024,4670,28.0,551,0.1,0.01714276502151852,2827.3
1209245,4671,12.0,221,0.1,0.016713766004382208,2827.9
1209432,4672,10.0,187,0.1,0.018687631112543193,2828.4
1209623,4673,9.0,191,0.1,0.018917426496664894,2829.0
1209929,4674,14.0,306,0.1,0.013834207418507763,2829.8
1210265,4675,16.0,336,0.1,0.017559781595731953,2830.7
1210740,4676,23.0,475,0.1,0.019346249362203378,2832.0
1211528,4677,32.0,788,0.1,0.016401965675762083,2834.2
1211941,4678,24.0,413,0.1,0.017396231143491217,2835.2
1212410,4679,22.0,469,0.1,0.015079349225673538,2836.3
1212724,4680,18.0,314,0.1,0.013563525394383298,2837.1
1213266,4681,27.0,542,0.1,0.018418789639448128,2838.5
1213427,4682,8.0,161,0.1,0.01834661210887134,2838.9
1213820,4683,23.0,393,0.1,0.016972701199296298,2839.9
1214177,4684,23.0,357,0.1,0.01702902054550189,2840.9
1214338,4685,8.0,161,0.1,0.012022782920394093,2841.3
1215093,4686,30.0,755,0.1,0.01540493616765296,2843.2
1215424,4687,19.0,331,0.1,0.014997533999428332,2844.1
1216206,4688,35.0,782,0.1,0.017772344320725938,2846.1
1216479,4689,17.0,273,0.1,0.01589152273749385,2846.8
1216935,4690,28.0,456,0.1,0.019714361742923136,2847.9
1217263,4691,17.0,328,0.1,0.01769656641976681,2848.7
1217620,4692,19.0,357,0.1,0.01412589047362821,2849.6
1218120,4693,25.0,500,0.1,0.015328972844406962,2850.8
1218451,4694,21.0,331,0.1,0.01901740352225649,2851.6
1219245,4695,33.0,794,0.1,0.019642664443692146,2853.4
1219712,4696,27.0,467,0.1,0.0181110233355027,2854.6
1220153,4697,24.0,441,0.1,0.01700916033957831,2855.7
1220546,4698,24.0,393,0.1,0.015414715079324586,2856.7
1220752,4699,11.0,206,0.1,0.020128631095688503,2857.2
1221020,4700,16.0,268,0.1,0.01924538412200871,2857.9
1221441,4701,20.0,421,0.1,0.020724920746648594,2858.9
1221807,4702,17.0,366,0.1,0.01580687736386208,2859.8
1222060,4703,14.0,253,0.1,0.018812333797541214,2860.5
1222661,4704,31.0,601,0.1,0.018343679619332153,2862.0
1223168,4705,25.0,507,0.1,0.02083497543591918,2863.3
1223443,4706,16.0,275,0.1,0.014582493749912828,2864.0
1223692,4707,12.0,249,0.1,0.017063747655363785,2864.6
1224182,4708,25.0,490,0.1,0.01885694260594481,2865.8
1224503,4709,17.0,321,0.1,0.01629012663033791,2866.6
1224703,4710,10.0,200,0.1,0.0165429531596601,2867.1
1225013,4711,13.0,310,0.1,0.017455623246347293,2867.8
1225353,4712,20.0,340,0.1,0.019143970825654617,2868.6
1225859,4713,27.0,506,0.1,0.01607083745433816,2869.8
1226152,4714,16.0,293,0.1,0.01756362242598993,2870.5
1226304,4715,6.0,152,0.1,0.0160294807344479,2870.9
1226504,4716,9.0,200,0.1,0.017465181965380907,2871.5
1226775,4717,16.0,271,0.1,0.02045112495908319,2872.1
1227211,4718,26.0,436,0.1,0.01631122294796306,2873.1
1227577,4719,19.0,366,0.1,0.015490791279539142,2874.0
1227754,4720,8.0,177,0.1,0.011559390245979144,2874.4
1228294,4721,26.0,540,0.1,0.01865591459942085,2875.7
1228649,4722,15.0,355,0.1,0.021907849833787827,2876.6
1229055,4723,23.0,406,0.1,0.015408817319070348,2877.6
1229419,4724,20.0,364,0.1,0.018224454085741724,2878.5
1229729,4725,20.0,310,0.1,0.01589767101746148,2879.3
1230105,4726,27.0,376,0.1,0.020253185232348266,2880.3
1230421,4727,17.0,316,0.1,0.0208805710713886,2881.1
1231230,4728,30.0,809,0.1,0.017061598974713446,2883.1
1231425,4729,9.0,195,0.1,0.019002187208329538,2883.7
1231790,4730,22.0,365,0.1,0.019378785312605593,2884.6
1232128,4731,23.0,338,0.1,0.01768176907344776,2885.5
1232427,4732,18.0,299,0.1,0.017133896132125646,2886.2
1232687,4733,11.0,260,0.1,0.019729655873603546,2886.9
1232980,4734,12.0,293,0.1,0.015738058413655776,2887.6
1233323,4735,23.0,343,0.1,0.020765516638536662,2888.4
1233673,4736,16.0,350,0.1,0.020718650373799555,2889.3
1234132,4737,23.0,459,0.1,0.017074082423325466,2890.4
1234835,4738,29.0,703,0.1,0.019607738052893963,2892.1
1235188,4739,23.0,353,0.1,0.015216534884039606,2893.1
1235376,4740,10.0,188,0.1,0.017462375316214054,2893.5
1235843,4741,25.0,467,0.1,0.016200105316439194,2894.7
1236176,4742,20.0,333,0.1,0.018207841663665715,2895.5
1236487,4743,15.0,311,0.1,0.02062077487383473,2896.2
1236918,4744,22.0,431,0.1,0.021452032443549898,2897.3
1237296,4745,19.0,378,0.1,0.017845954932272434,2898.3
1238034,4746,29.0,738,0.1,0.02078837392416418,2900.2
1238502,4747,25.0,468,0.1,0.018671544087636802,2901.5
1238819,4748,22.0,317,0.1,0.015644343846913756,2902.3
1239174,4749,23.0,355,0.1,0.016659729488800918,2903.2
1239552,4750,26.0,378,0.1,0.016923602437600493,2904.1
1239943,4751,22.0,391,0.1,0.018155917078832684,2905.1
1240270,4752,19.0,327,0.1,0.02107127085214526,2905.9
1240359,4753,1.0,89,0.1,0.01744392495179041,2906.1
1240565,4754,9.0,206,0.1,0.01606470936586937,2906.6
1241202,4755,34.0,637,0.1,0.016968262742080215,2908.1
1241386,4756,9.0,184,0.1,0.015890155200158126,2908.5
1241731,4757,25.0,345,0.1,0.018192144836364096,2909.4
1242408,4758,29.0,677,0.1,0.016827632243032842,2911.1
1242908,4759,25.0,500,0.1,0.02297517030313611,2912.2
1243266,4760,24.0,358,0.1,0.021496899138215217,2913.2
1243702,4761,23.0,436,0.1,0.016810453847187375,2914.3
1244013,4762,16.0,311,0.1,0.01776146622470174,2915.1
1244305,4763,17.0,292,0.1,0.01582484899012193,2915.9
1244651,4764,24.0,346,0.1,0.019635561512523266,2916.8
1245295,4765,21.0,644,0.1,0.015385341698951695,2918.3
1245604,4766,18.0,309,0.1,0.016862785995890122,2919.0
1246014,4767,22.0,410,0.1,0.017237752555029504,2920.0
1246329,4768,20.0,315,0.1,0.017727246634732886,2920.8
1246690,4769,24.0,361,0.1,0.022345947132756314,2921.6
1246896,4770,6.0,206,0.1,0.01732424343040643,2922.1
1247389,4771,26.0,493,0.1,0.017836676990022747,2923.7
1247724,4772,22.0,335,0.1,0.015278558260650329,2924.6
1248166,4773,27.0,442,0.1,0.017539212774400684,2925.8
1248305,4774,5.0,139,0.1,0.012844984213422452,2926.2
1248627,4775,19.0,322,0.1,0.012621851172298193,2927.0
1249024,4776,24.0,397,0.1,0.021576025043614208,2928.2
1249577,4777,25.0,553,0.1,0.01693120471748483,2929.7
1249768,4778,11.0,191,0.1,0.016860044794157147,2930.2
1250345,4779,24.0,577,0.1,0.01774236828269851,2931.7
1250794,4780,24.0,449,0.1,0.018330037535633892,2932.8
1250973,4781,9.0,179,0.1,0.015721190793232784,2933.2
1251304,4782,18.0,331,0.1,0.015815592387758464,2934.0
1251632,4783,24.0,328,0.1,0.019352767366643358,2934.8
1251986,4784,23.0,354,0.1,0.018509302113670856,2935.6
1252289,4785,15.0,303,0.1,0.01835844753689966,2936.4
1252623,4786,19.0,334,0.1,0.021549392957240343,2937.1
1252922,4787,15.0,299,0.1,0.02069862381865581,2937.9
1253217,4788,13.0,295,0.1,0.02001836062157275,2938.7
1253480,4789,13.0,263,0.1,0.014692847468805585,2939.4
1253887,4790,19.0,407,0.1,0.018254067398386427,2940.6
1254214,4791,18.0,327,0.1,0.018179358823633775,2941.5
1254631,4792,24.0,417,0.1,0.017519546831653524,2942.6
1254984,4793,18.0,353,0.1,0.014018287144475774,2943.6
1255603,4794,25.0,619,0.1,0.017557398404006833,2945.2
1255970,4795,23.0,367,0.1,0.016948701586047915,2946.3
1256119,4796,8.0,149,0.1,0.014594765568806513,2946.7
1256647,4797,24.0,528,0.1,0.01832639106379991,2948.1
1257000,4798,19.0,353,0.1,0.016732847870044996,2949.0
1257532,4799,26.0,532,0.1,0.018900990225304674,2950.3
1257768,4800,12.0,236,0.1,0.019584532890279414,2950.9
1258125,4801,19.0,357,0.1,0.016892214514984842,2951.9
1258462,4802,20.0,337,0.1,0.018024644315508858,2952.7
1258706,4803,13.0,244,0.1,0.015027866798040808,2953.4
1258790,4804,1.0,84,0.1,0.01836956088386831,2953.6
1258984,4805,9.0,194,0.1,0.016518951716775795,2954.1
1259327,4806,19.0,343,0.1,0.01617269803879454,2955.0
1259631,4807,16.0,304,0.1,0.01566403695247381,2955.8
1260028,4808,19.0,397,0.1,0.016912064556963743,2957.0
1260348,4809,17.0,320,0.1,0.015338224091101438,2957.8
1260535,4810,11.0,187,0.1,0.018880569568389783,2958.2
1261080,4811,29.0,545,0.1,0.015465858499485537,2959.7
1261257,4812,9.0,177,0.1,0.015704727784561164,2960.2
1261769,4813,22.0,512,0.1,0.01728664252004819,2961.6
1262240,4814,24.0,471,0.1,0.0166755821753167,2962.8
1262426,4815,9.0,186,0.1,0.015443025769301406,2963.3
1262966,4816,24.0,540,0.1,0.01744931522515361,2964.7
1263184,4817,12.0,218,0.1,0.019630438343367793,2965.3
1263661,4818,20.0,477,0.1,0.018440318199954613,2966.6
1263834,4819,8.0,173,0.1,0.017633422711041083,2967.1
1264303,4820,21.0,469,0.1,0.016124706285504196,2968.3
1264770,4821,25.0,467,0.1,0.018369330143014718,2969.5
1264944,4822,10.0,174,0.1,0.014136723475530744,2970.0
1265305,4823,17.0,361,0.1,0.014439464135405918,2971.0
1265769,4824,27.0,464,0.1,0.018100137451005263,2972.2
1266085,4825,17.0,316,0.1,0.016461910868558704,2973.0
1266457,4826,21.0,372,0.1,0.01693784260261123,2973.9
1266680,4827,10.0,223,0.1,0.019304129012328173,2974.4
1267323,4828,22.0,643,0.1,0.015926367629435844,2976.1
1267870,4829,20.0,547,0.1,0.017083416191561923,2977.4
1268073,4830,10.0,203,0.1,0.015015802784439395,2977.9
1268353,4831,15.0,280,0.1,0.015500495170376131,2978.6
1268679,4832,21.0,326,0.1,0.014871614651731502,2979.4
1269256,4833,22.0,577,0.1,0.01800218281689389,2980.8
1269646,4834,18.0,390,0.1,0.014683584116168857,2981.8
1270200,4835,22.0,554,0.1,0.01734244618765849,2983.1
1270315,4836,3.0,115,0.1,0.021464569336136004,2983.4
1270525,4837,7.0,210,0.1,0.019230079889859794,2984.0
1270793,4838,11.0,268,0.1,0.01596951120491348,2984.6
1271155,4839,20.0,362,0.1,0.019488091653005944,2985.5
1271458,4840,16.0,303,0.1,0.018436768435333904,2986.3
1271635,4841,11.0,177,0.1,0.019396706463091752,2986.7
1271824,4842,10.0,189,0.1,0.015414578432682902,2987.2
1272002,4843,9.0,178,0.1,0.020910653243349356,2987.6
1272541,4844,23.0,539,0.1,0.015847503445628616,2989.0
1273100,4845,23.0,559,0.1,0.018055058040356797,2990.3
1273912,4846,32.0,812,0.1,0.017657079552690236,2992.3
1274319,4847,22.0,407,0.1,0.0165295199431147,2993.3
1274568,4848,13.0,249,0.1,0.013335239171745285,2993.9
1274876,4849,18.0,308,0.1,0.019937400929871705,2994.7
1275302,4850,27.0,426,0.1,0.01631822930385341,2995.8
1275649,4851,18.0,347,0.1,0.016083950784335704,2996.9
1276162,4852,25.0,513,0.1,0.01857639228546759,2998.4
1276694,4853,24.0,532,0.1,0.019942689200345063,3000.0
1277075,4854,25.0,381,0.1,0.01668108646806918,3001.1
1277522,4855,20.0,447,0.1,0.01789132017958244,3002.2
1277857,4856,17.0,335,0.1,0.017087046974449464,3003.2
1278038,4857,9.0,181,0.1,0.016270153866046005,3003.7
1278229,4858,11.0,191,0.1,0.015173995280444311,3004.2
1278500,4859,15.0,271,0.1,0.015971491209176535,3004.9
1278697,4860,8.0,197,0.1,0.012305612652087393,3005.4
1278961,4861,12.0,264,0.1,0.01778618193048081,3006.1
1279464,4862,25.0,503,0.1,0.017061552247180353,3007.4
1279779,4863,19.0,315,0.1,0.019701860045106746,3008.2
1280079,4864,18.0,300,0.1,0.017922673219194014,3009.0
1280238,4865,8.0,159,0.1,0.023573647328885273,3009.5
1281080,4866,30.0,842,0.1,0.019026557210903457,3011.8
1281485,4867,24.0,405,0.1,0.016399902805667554,3012.9
1281971,4868,25.0,486,0.1,0.01873997048367092,3014.1
1282295,4869,20.0,324,0.1,0.01612798574116127,3015.0
1282770,4870,24.0,475,0.1,0.018619132674291355,3016.3
1283107,4871,16.0,337,0.1,0.01845483389306104,3017.2
1283225,4872,6.0,118,0.1,0.018076348522057136,3017.6
1283616,4873,25.0,391,0.1,0.019497904475132118,3018.6
1283973,4874,18.0,357,0.1,0.015841348755979135,3019.5
1284123,4875,6.0,150,0.1,0.017064466984388797,3020.0
1284210,4876,1.0,87,0.1,0.01801158925941722,3020.2
1284577,4877,24.0,367,0.1,0.016645124116305098,3021.2
1284937,4878,18.0,360,0.1,0.016680533345788718,3022.2
1285294,4879,22.0,357,0.1,0.018097513020457177,3023.1
1285631,4880,20.0,337,0.1,0.017775446162669965,3024.0
1286137,4881,29.0,506,0.1,0.018664896376357657,3025.4
1286460,4882,17.0,323,0.1,0.016456443635332916,3026.3
1286604,4883,8.0,144,0.1,0.017885167022339173,3026.7
1286902,4884,17.0,298,0.1,0.017337976942291937,3027.5
1287088,4885,10.0,186,0.1,0.01814969815313816,3027.9
1287675,4886,22.0,587,0.1,0.01940528615473527,3029.4
1288015,4887,21.0,340,0.1,0.017361083133694003,3030.2
1288414,4888,25.0,399,0.1,0.018761704238131643,3031.2
1288700,4889,17.0,286,0.1,0.01866703636672658,3032.0
1289053,4890,21.0,353,0.1,0.015173703130461614,3032.8
1289242,4891,10.0,189,0.1,0.019656923728341116,3033.3
1289602,4892,21.0,360,0.1,0.019893050307614936,3034.2
1289808,4893,9.0,206,0.1,0.016307695956829075,3034.7
1290056,4894,15.0,248,0.1,0.01605958415706071,3035.3
1290591,4895,29.0,535,0.1,0.018027849066512364,3036.9
1290781,4896,11.0,190,0.1,0.019717561905660357,3037.4
1290958,4897,9.0,177,0.1,0.01769367267843336,3037.8
1291149,4898,10.0,191,0.1,0.01838995510964499,3038.4
1291469,4899,21.0,320,0.1,0.01423767798114568,3039.1
1291650,4900,9.0,181,0.1,0.019281119491077133,3039.6
1292113,4901,24.0,463,0.1,0.015971487514465917,3040.7
1292448,4902,18.0,335,0.1,0.02321625092355091,3041.5
1292686,4903,11.0,238,0.1,0.018436280974992,3042.1
1292967,4904,15.0,281,0.1,0.02045130208134651,3042.8
1293272,4905,19.0,305,0.1,0.014715935532971248,3043.6
1293846,4906,30.0,574,0.1,0.017156401562823595,3045.0
1294201,4907,21.0,355,0.1,0.014449332375079393,3045.8
1294447,4908,13.0,246,0.1,0.0151174057305592,3046.4
1295283,4909,30.0,836,0.1,0.017756392906362002,3048.5
1295638,4910,17.0,355,0.1,0.01923755689241578,3049.3
1295868,4911,12.0,230,0.1,0.0182553128186806,3049.9
1296184,4912,17.0,316,0.1,0.016856178104924627,3050.7
1296426,4913,12.0,242,0.1,0.014409504605767627,3051.3
1296683,4914,14.0,257,0.1,0.017801320464059245,3051.9
1296982,4915,18.0,299,0.1,0.01671597049261133,3052.6
1297621,4916,26.0,639,0.1,0.017194071422272826,3054.3
1297962,4917,14.0,341,0.1,0.01563061230322894,3055.2
1299012,4918,40.0,1050,0.1,0.017335186800087304,3057.7
1299390,4919,20.0,378,0.1,0.014796675584140294,3058.7
1299795,4920,26.0,405,0.1,0.019501434825821826,3059.8
1300221,4921,21.0,426,0.1,0.01836517322634425,3061.0
1300615,4922,23.0,394,0.1,0.018914514330538864,3062.1
1300935,4923,20.0,320,0.1,0.017644387143081985,3063.0
1301133,4924,10.0,198,0.1,0.02408208152279258,3063.5
1301555,4925,25.0,422,0.1,0.017786937215853307,3064.6
1301927,4926,24.0,372,0.1,0.01852060415812077,3065.6
1302286,4927,18.0,359,0.1,0.01953102447765155,3066.6
1302644,4928,18.0,358,0.1,0.019163513341401185,3067.5
1303154,4929,25.0,510,0.1,0.01974424971890907,3068.9
1303901,4930,30.0,747,0.1,0.0197262426484675,3070.7
1304255,4931,19.0,354,0.1,0.015929902871986003,3071.6
1304748,4932,20.0,493,0.1,0.017950071602113423,3072.9
1305073,4933,21.0,325,0.1,0.018558258432205075,3073.7
1305439,4934,21.0,366,0.1,0.019278702671527044,3074.6
1305772,4935,22.0,333,0.1,0.01798205023598192,3075.5
1306050,4936,16.0,278,0.1,0.01836441037501546,3076.2
1306372,4937,18.0,322,0.1,0.015610681498929121,3077.1
1306785,4938,16.0,413,0.1,0.015823205272911242,3078.2
1307171,4939,21.0,386,0.1,0.019935292783581342,3079.3
1307473,4940,17.0,302,0.1,0.016674819059277837,3080.0
1307672,4941,10.0,199,0.1,0.013435807451605797,3080.5
1307869,4942,10.0,197,0.1,0.019377967105152046,3081.0
1308222,4943,21.0,353,0.1,0.019794482092203743,3081.9
1308524,4944,16.0,302,0.1,0.01874101856772445,3082.7
1308938,4945,20.0,414,0.1,0.01707881515465894,3083.8
1309150,4946,10.0,212,0.1,0.013525403662637438,3084.4
1309534,4947,21.0,384,0.1,0.015268418074507887,3085.4
1309833,4948,13.0,299,0.1,0.020711347566296657,3086.2
1310011,4949,9.0,178,0.1,0.022255148183004083,3086.7
1310193,4950,10.0,182,0.1,0.01875069030843999,3087.1
1310351,4951,6.0,158,0.1,0.02516179992697942,3087.5
1311110,4952,31.0,759,0.1,0.018692013322326697,3089.3
1311819,4953,30.0,709,0.1,0.020522959006813456,3091.1
1311962,4954,7.0,143,0.1,0.020778326252992783,3091.4
1312304,4955,18.0,342,0.1,0.017924124472449687,3092.3
1312859,4956,24.0,555,0.1,0.02092073582774163,3093.6
1313022,4957,6.0,163,0.1,0.015255730303867562,3094.0
1313414,4958,22.0,392,0.1,0.019262413843534887,3095.0
1313556,4959,5.0,142,0.1,0.017515220110201173,3095.4
1313746,4960,10.0,190,0.1,0.022343258304085505,3095.9
1313908,4961,8.0,162,0.1,0.021111239860879212,3096.3
1314426,4962,27.0,518,0.1,0.021258639388306196,3097.6
1314883,4963,24.0,457,0.1,0.01700993207806166,3098.7
1315198,4964,18.0,315,0.1,0.01844130517749847,3099.5
1315769,4965,27.0,571,0.1,0.016973347241918627,3100.9
1315966,4966,9.0,197,0.1,0.017297179276617815,3101.4
1316517,4967,24.0,551,0.1,0.01903098392084349,3102.9
1316836,4968,19.0,319,0.1,0.016621362807927652,3103.9
1317020,4969,10.0,184,0.1,0.012211103179573041,3104.4
1317337,4970,17.0,317,0.1,0.017001008455747667,3105.2
1317865,4971,25.0,528,0.1,0.016019452668401893,3106.6
1318349,4972,27.0,484,0.1,0.018044314114376903,3107.8
1318665,4973,19.0,316,0.1,0.018045466428599024,3108.5
1319415,4974,31.0,750,0.1,0.016942738539185674,3110.4
1319607,4975,9.0,192,0.1,0.017307290676399134,3110.9
1319921,4976,16.0,314,0.1,0.01886078680841889,3111.7
1320403,4977,25.0,482,0.1,0.016819736986265828,3112.9
1321245,4978,25.0,842,0.1,0.019112007784043657,3115.0
1321688,4979,18.0,443,0.1,0.020918019871051248,3116.1
1322160,4980,24.0,472,0.1,0.016048880430112072,3117.3
1322317,4981,8.0,157,0.1,0.016503277497413833,3117.7
1322515,4982,8.0,198,0.1,0.01648222635100995,3118.2
1323085,4983,29.0,570,0.1,0.018134172141252385,3119.7
1323647,4984,21.0,562,0.1,0.02013622216015522,3121.1
1324373,4985,30.0,726,0.1,0.019609016417474538,3122.9
1324755,4986,19.0,382,0.1,0.020311151819891834,3123.9
1325184,4987,21.0,429,0.1,0.017283705224852182,3125.0
1325624,4988,24.0,440,0.1,0.015828188599764623,3126.2
1326301,4989,30.0,677,0.1,0.017796401267860237,3127.8
1326713,4990,22.0,412,0.1,0.019959436582618402,3128.8
1327131,4991,21.0,418,0.1,0.017411329852900684,3129.8
1327525,4992,24.0,394,0.1,0.01732275551984632,3130.7
1327690,4993,9.0,165,0.1,0.01599767047730161,3131.2
1328005,4994,18.0,315,0.1,0.018450240460165506,3131.9
1328290,4995,16.0,285,0.1,0.02113123192176433,3132.6
1328699,4996,25.0,409,0.1,0.021271540842694687,3133.6
1328963,4997,13.0,264,0.1,0.016007454363826775,3134.3
1329497,4998,26.0,534,0.1,0.020126410905938984,3135.6
1329852,4999,17.0,355,0.1,0.017486097693987443,3136.4
1330016,5000,9.0,164,0.1,0.015810014526700465,3136.8
1330226,5001,13.0,210,0.1,0.017419209032176204,3137.3
1330421,5002,12.0,195,0.1,0.019108672018105885,3137.8
1330843,5003,23.0,422,0.1,0.0189999242557124,3138.9
1331024,5004,8.0,181,0.1,0.02117583243702741,3139.3
1331599,5005,26.0,575,0.1,0.018294164122870334,3140.7
1332111,5006,28.0,512,0.1,0.018207418706879253,3141.8
1332551,5007,23.0,440,0.1,0.015747816972857848,3142.9
1332728,5008,9.0,177,0.1,0.017325384738958543,3143.3
1333012,5009,16.0,284,0.1,0.016449014059412227,3144.0
1333401,5010,16.0,389,0.1,0.017895657900413593,3144.9
1333582,5011,9.0,181,0.1,0.015793946995917293,3145.4
1334120,5012,23.0,538,0.1,0.017061157738444983,3146.7
1334604,5013,19.0,484,0.1,0.022711762313707924,3147.9
1335305,5014,30.0,701,0.1,0.01842482357285917,3149.5
1335484,5015,9.0,179,0.1,0.017966122842497295,3150.0
1335659,5016,9.0,175,0.1,0.01845710093242138,3150.3
1336004,5017,24.0,345,0.1,0.01447609161165939,3151.1
1336172,5018,8.0,168,0.1,0.0171816755817937,3151.5
1336663,5019,25.0,491,0.1,0.017012288490478256,3152.6
1336851,5020,10.0,188,0.1,0.01955523456327934,3153.1
1337406,5021,23.0,555,0.1,0.020022962585748205,3154.4
1337940,5022,25.0,534,0.1,0.017913874605350863,3155.8
1338356,5023,22.0,416,0.1,0.020422429560522478,3157.1
1338691,5024,19.0,335,0.1,0.023154782720403857,3158.5
1338882,5025,8.0,191,0.1,0.01600880613841582,3159.2
1339323,5026,20.0,441,0.1,0.014260707194493575,3160.7
1339777,5027,26.0,454,0.1,0.017858372033132536,3162.2
1340109,5028,20.0,332,0.1,0.013738569441666624,3163.2
1340407,5029,16.0,298,0.1,0.01789359816324872,3164.2
1340762,5030,23.0,355,0.1,0.01954933760028458,3165.3
1341127,5031,21.0,365,0.1,0.017927803357571853,3166.6
1341333,5032,8.0,206,0.1,0.017934987742382173,3167.2
1341865,5033,26.0,532,0.1,0.021571762033535124,3168.9
1342251,5034,18.0,386,0.1,0.025359111042538036,3170.1
1342625,5035,17.0,374,0.1,0.01781640477736104,3171.1
1342959,5036,21.0,334,0.1,0.01984122092555086,3172.0
1343378,5037,21.0,419,0.1,0.01730270348267541,3173.1
1343720,5038,19.0,342,0.1,0.018180811875174906,3173.9
1344230,5039,26.0,510,0.1,0.019195555775301663,3175.1
1344680,5040,25.0,450,0.1,0.019500845659985742,3176.2
1345238,5041,30.0,558,0.1,0.020086770428331208,3177.5
1345557,5042,16.0,319,0.1,0.018029320111963898,3178.4
1346226,5043,35.0,669,0.1,0.01879782311780055,3180.2
1346632,5044,24.0,406,0.1,0.015832095073682127,3181.3
1346991,5045,23.0,359,0.1,0.019270397353854576,3182.2
1347130,5046,7.0,139,0.1,0.014766148464488132,3182.6
1347436,5047,19.0,306,0.1,0.01718288516722523,3183.5
1348283,5048,36.0,847,0.1,0.0165166819812421,3185.8
1348616,5049,17.0,333,0.1,0.019981773661649122,3186.7
1349134,5050,28.0,518,0.1,0.018351937851745836,3188.0
1349476,5051,22.0,342,0.1,0.017225841975359375,3189.0
1349889,5052,19.0,413,0.1,0.019601831800367647,3190.1
1350099,5053,12.0,210,0.1,0.02033941404750714,3190.7
1350503,5054,19.0,404,0.1,0.019043921460720276,3191.7
1350928,5055,24.0,425,0.1,0.017813998161353796,3192.9
1351646,5056,31.0,718,0.1,0.02032966309814979,3194.7
1352015,5057,17.0,369,0.1,0.02126238168136257,3195.8
1352424,5058,23.0,409,0.1,0.020122729915474515,3196.9
1352597,5059,8.0,173,0.1,0.017877677336421816,3197.3
1352765,5060,7.0,168,0.1,0.020539397229662255,3197.8
1353119,5061,20.0,354,0.1,0.019112479978833686,3198.8
1353347,5062,9.0,228,0.1,0.022864911533696086,3199.4
1353614,5063,15.0,267,0.1,0.020120163576733043,3200.0
1354066,5064,20.0,452,0.1,0.019503765488125845,3201.3
1354248,5065,7.0,182,0.1,0.01790013447727846,3201.9
1354632,5066,24.0,384,0.1,0.020255621917992055,3203.2
1355071,5067,20.0,439,0.1,0.017152417043155625,3204.3
1355650,5068,24.0,579,0.1,0.014954369483066016,3205.9
1355972,5069,19.0,322,0.1,0.0192061349214917,3206.7
1356127,5070,6.0,155,0.1,0.018940987420807544,3207.1
1356317,5071,8.0,190,0.1,0.020689809588172164,3207.6
1357038,5072,32.0,721,0.1,0.018842342232043546,3209.4
1357512,5073,24.0,474,0.1,0.018129859853363715,3210.7
1358260,5074,29.0,748,0.1,0.01729086790990861,3212.5
1358460,5075,9.0,200,0.1,0.016553379748947918,3213.0
1359017,5076,29.0,557,0.1,0.01569094622119082,3214.5
1359857,5077,35.0,840,0.1,0.019488922155107415,3216.5
1360044,5078,9.0,187,0.1,0.016600757629234106,3216.9
1360412,5079,22.0,368,0.1,0.01939673592214999,3217.9
1361020,5080,27.0,608,0.1,0.02067480602081081,3219.4
1361437,5081,26.0,417,0.1,0.020604646464702316,3220.4
1361993,5082,29.0,556,0.1,0.020394498904456767,3221.8
1362194,5083,10.0,201,0.1,0.014888253156095743,3222.3
1362378,5084,8.0,184,0.1,0.018417295574656,3222.7
1362654,5085,17.0,276,0.1,0.017749692637311375,3223.4
1362977,5086,20.0,323,0.1,0.017010636049909173,3224.3
1363424,5087,26.0,447,0.1,0.01844541710618484,3225.4
1363749,5088,22.0,325,0.1,0.01688240148000603,3226.2
1363959,5089,10.0,210,0.1,0.015410887238641199,3226.8
1364729,5090,34.0,770,0.1,0.017377043866740608,3228.6
1364986,5091,13.0,257,0.1,0.020865364029305056,3229.3
1365535,5092,21.0,549,0.1,0.02110544745266492,3230.7
1366068,5093,25.0,533,0.1,0.01919301126652689,3232.0
1366592,5094,23.0,524,0.1,0.01592954420946709,3233.3
1366994,5095,22.0,402,0.1,0.01997714566299692,3234.3
1367614,5096,24.0,620,0.1,0.016479923271183524,3235.7
1367818,5097,11.0,204,0.1,0.01399557633033278,3236.3
1368311,5098,23.0,493,0.1,0.018878286136541425,3237.5
1368481,5099,9.0,170,0.1,0.017502847950645658,3237.9
1369012,5100,19.0,531,0.1,0.01707082169648624,3239.3
1369337,5101,17.0,325,0.1,0.020634940233265543,3240.0
1369699,5102,16.0,362,0.1,0.016956098294920393,3241.0
1370039,5103,22.0,340,0.1,0.01633424538132899,3241.8
1370376,5104,16.0,337,0.1,0.01701193832080154,3242.7
1370781,5105,23.0,405,0.1,0.016012855614120566,3243.8
1371063,5106,16.0,282,0.1,0.017460149985605054,3244.5
1371186,5107,4.0,123,0.1,0.018367642852207346,3244.8
1371374,5108,9.0,188,0.1,0.015843961665287933,3245.3
1371674,5109,14.0,300,0.1,0.018451683707535266,3246.1
1372214,5110,30.0,540,0.1,0.01703966511240988,3247.4
1372781,5111,28.0,567,0.1,0.016669940452655435,3248.9
1373326,5112,27.0,545,0.1,0.017119799439302263,3250.1
1373787,5113,19.0,461,0.1,0.017511425410275873,3251.3
1374327,5114,31.0,540,0.1,0.01982691415965005,3252.6
1374776,5115,28.0,449,0.1,0.019081364911197957,3253.7
1375335,5116,24.0,559,0.1,0.01876296097473007,3255.2
1375663,5117,15.0,328,0.1,0.015715673651046504,3256.1
1376034,5118,24.0,371,0.1,0.017766571483544765,3257.0
1376460,5119,20.0,426,0.1,0.01764587524877948,3258.3
1376977,5120,25.0,517,0.1,0.015436686559168751,3259.6
1377317,5121,19.0,340,0.1,0.016303624141523067,3260.5
1377834,5122,29.0,517,0.1,0.01743521882120029,3261.7
1378456,5123,27.0,622,0.1,0.02017197795271969,3263.2
1378870,5124,23.0,414,0.1,0.01697035603568826,3264.3
1379345,5125,25.0,475,0.1,0.016296086868099056,3265.5
1379649,5126,19.0,304,0.1,0.01839066404653223,3266.3
1380103,5127,24.0,454,0.1,0.015652247854978242,3267.4
1380267,5128,8.0,164,0.1,0.014847112206242434,3267.8
1380679,5129,25.0,412,0.1,0.018220057114235407,3268.9
1381196,5130,26.0,517,0.1,0.018000951466652062,3270.1
1381558,5131,20.0,362,0.1,0.01772279769130465,3271.0
1382163,5132,28.0,605,0.1,0.019638885178029634,3272.5
1382347,5133,8.0,184,0.1,0.02033200088645453,3273.0
1382678,5134,19.0,331,0.1,0.015013561039848859,3273.8
1383281,5135,27.0,603,0.1,0.02045781517845412,3275.2
1383692,5136,28.0,411,0.1,0.01716202194576414,3276.2
1384045,5137,20.0,353,0.1,0.015146133021599699,3277.0
1384241,5138,8.0,196,0.1,0.019991232794994603,3277.5
1384653,5139,18.0,412,0.1,0.017068546550185644,3278.4
1384951,5140,14.0,298,0.1,0.018843781568009307,3279.1
1385332,5141,17.0,381,0.1,0.015087130329144808,3280.1
1385697,5142,20.0,365,0.1,0.016569596423593524,3280.9
1386091,5143,23.0,394,0.1,0.018269924489705235,3281.9
1386496,5144,22.0,405,0.1,0.017762294281091467,3282.8
1387059,5145,28.0,563,0.1,0.016328768713200197,3284.2
1387546,5146,22.0,487,0.1,0.016839428239914238,3285.3
1388033,5147,26.0,487,0.1,0.017270884121630768,3286.5
1388227,5148,10.0,194,0.1,0.013853644433159692,3286.9
1388616,5149,19.0,389,0.1,0.017540787282513872,3287.8
1388950,5150,18.0,334,0.1,0.017506931639130575,3288.7
1389353,5151,24.0,403,0.1,0.016166648025264834,3289.7
1389988,5152,21.0,635,0.1,0.016043651323332072,3291.3
1390564,5153,21.0,576,0.1,0.014897051380507441,3292.7
1390860,5154,14.0,296,0.1,0.0186790786243069,3293.4
1391134,5155,13.0,274,0.1,0.017805630122037494,3294.0
1391356,5156,12.0,222,0.1,0.020907117012289485,3294.6
1391798,5157,21.0,442,0.1,0.019243968949145214,3295.8
1392229,5158,25.0,431,0.1,0.014054766274057329,3297.2
1392760,5159,23.0,531,0.1,0.01888778172888534,3298.7
1392937,5160,7.0,177,0.1,0.014315201339989224,3299.1
1393410,5161,22.0,473,0.1,0.016555883057447054,3300.4
1394023,5162,23.0,613,0.1,0.019279842447562544,3302.0
1394529,5163,26.0,506,0.1,0.01990382691229305,3303.3
1395023,5164,27.0,494,0.1,0.019846695119409057,3304.5
1395367,5165,20.0,344,0.1,0.019287471245259567,3305.4
1395744,5166,22.0,377,0.1,0.018115442128557906,3306.4
1396184,5167,21.0,440,0.1,0.01837135214697231,3307.6
1396597,5168,23.0,413,0.1,0.01910988530777033,3308.9
1396915,5169,21.0,318,0.1,0.016333549236289307,3309.7
1397104,5170,9.0,189,0.1,0.0130421016656328,3310.2
1397433,5171,19.0,329,0.1,0.016282632981040854,3311.2
1398226,5172,29.0,793,0.1,0.01644522756234639,3313.2
1398562,5173,20.0,336,0.1,0.014246344272535117,3314.1
1398885,5174,16.0,323,0.1,0.017981976497757398,3315.0
1399190,5175,18.0,305,0.1,0.016986374660566645,3315.8
1399507,5176,13.0,317,0.1,0.02057098027000416,3316.7
1399684,5177,10.0,177,0.1,0.019512565878944264,3317.2
1399887,5178,10.0,203,0.1,0.015055484613403678,3317.7
1400021,5179,6.0,134,0.1,0.012305725420660833,3318.1
1400473,5180,24.0,452,0.1,0.014846447793420701,3319.4
1400620,5181,4.0,147,0.1,0.01595514179584948,3319.8
1400807,5182,8.0,187,0.1,0.01749514434081705,3320.3
1401298,5183,24.0,491,0.1,0.017363872545642582,3321.6
1401885,5184,26.0,587,0.1,0.017751592262109525,3323.1
1402189,5185,15.0,304,0.1,0.016540654977832577,3323.9
1402355,5186,10.0,166,0.1,0.01729903245208467,3324.3
1402479,5187,6.0,124,0.1,0.01690205979731775,3324.6
1402816,5188,20.0,337,0.1,0.01599137980819625,3325.6
1403155,5189,18.0,339,0.1,0.018607587096214826,3326.4
1403261,5190,1.0,106,0.1,0.018644274712574703,3326.7
1403457,5191,4.0,196,0.1,0.019169044101192634,3327.2
1403605,5192,6.0,148,0.1,0.018831464927643538,3327.6
1403715,5193,3.0,110,0.1,0.015900195990171697,3327.9
1403903,5194,9.0,188,0.1,0.016578838655209923,3328.4
1404437,5195,25.0,534,0.1,0.017955222299127882,3329.7
1404643,5196,7.0,206,0.1,0.018079525795673915,3330.2
1405075,5197,23.0,432,0.1,0.018964106846531784,3331.3
1405226,5198,4.0,151,0.1,0.023223399944407374,3331.7
1405428,5199,8.0,202,0.1,0.024826934716353815,3332.2
1405534,5200,2.0,106,0.1,0.012806642746839385,3332.5
1405651,5201,5.0,117,0.1,0.02054647796241374,3332.8
1406041,5202,19.0,390,0.1,0.014009820760645884,3333.7
1406557,5203,27.0,516,0.1,0.015676831550419677,3335.0
1406927,5204,15.0,370,0.1,0.015902136412003765,3335.9
1407043,5205,3.0,116,0.1,0.015863204888742547,3336.2
1407156,5206,3.0,113,0.1,0.025151621486092436,3336.5
1407760,5207,24.0,604,0.1,0.01630991649588829,3338.0
1407973,5208,10.0,213,0.1,0.013924698121318559,3338.6
1408083,5209,3.0,110,0.1,0.013066365633642784,3338.9
1408565,5210,20.0,482,0.1,0.01830347934506895,3340.1
1409003,5211,22.0,438,0.1,0.01696938122494505,3341.2
1409513,5212,25.0,510,0.1,0.01759398137073731,3342.4
1410229,5213,33.0,716,0.1,0.01622663607024822,3344.2
1410338,5214,3.0,109,0.1,0.014477578888612765,3344.4
1410546,5215,6.0,208,0.1,0.01547480513377545,3345.0
1410902,5216,19.0,356,0.1,0.014634954881739248,3345.8
1411477,5217,24.0,575,0.1,0.016892323972165793,3347.3
1412087,5218,26.0,610,0.1,0.01779468505686198,3348.8
1412439,5219,22.0,352,0.1,0.018326721678022295,3349.6
1412745,5220,15.0,306,0.1,0.017825935205275364,3350.4
1412865,5221,4.0,120,0.1,0.016898811298112073,3350.7
1413315,5222,23.0,450,0.1,0.016520419615387385,3351.8
1413613,5223,12.0,298,0.1,0.015279334948087732,3352.5
1413733,5224,3.0,120,0.1,0.019420263776555657,3352.8
1413878,5225,5.0,145,0.1,0.018069893652055826,3353.2
1413996,5226,2.0,118,0.1,0.01722950435553988,3353.5
1414684,5227,32.0,688,0.1,0.01672507775405985,3355.2
1414994,5228,16.0,310,0.1,0.01570343113105212,3355.9
1415410,5229,20.0,416,0.1,0.015379701474627767,3357.0
1416020,5230,30.0,610,0.1,0.014538533821263733,3358.6
1416359,5231,19.0,339,0.1,0.015082270683099827,3359.5
1416474,5232,4.0,115,0.1,0.015209280307693729,3359.8
1417036,5233,31.0,562,0.1,0.014175978626276479,3361.3
1417511,5234,26.0,475,0.1,0.015900557231300086,3362.5
1417616,5235,3.0,105,0.1,0.0162408499357601,3362.8
1417730,5236,3.0,114,0.1,0.016823730830635344,3363.1
1417836,5237,3.0,106,0.1,0.012113460443086095,3363.4
1418023,5238,11.0,187,0.1,0.016057750200042905,3363.9
1418128,5239,3.0,105,0.1,0.015109022285927224,3364.2
1418234,5240,3.0,106,0.1,0.015991502889217094,3364.5
1418355,5241,3.0,121,0.1,0.021161606659491856,3364.8
1418465,5242,3.0,110,0.1,0.019388943877337233,3365.1
1418580,5243,3.0,115,0.1,0.015560199193463757,3365.3
1418687,5244,4.0,107,0.1,0.020678957977976937,3365.6
1419279,5245,25.0,592,0.1,0.015754403140572075,3367.1
1419393,5246,3.0,114,0.1,0.014975012039187652,3367.4
1419695,5247,14.0,302,0.1,0.014531503412872553,3368.2
1419810,5248,3.0,115,0.1,0.013630855860638207,3368.5
1420268,5249,22.0,458,0.1,0.014226931438821814,3369.7
1420527,5250,11.0,259,0.1,0.017763505478797015,3370.4
1420898,5251,19.0,371,0.1,0.01662230082056535,3371.4
1421362,5252,24.0,464,0.1,0.01786882815689876,3372.6
1421479,5253,4.0,117,0.1,0.017254581947907292,3372.9
1421833,5254,14.0,354,0.1,0.020450222243167712,3373.8
1422185,5255,16.0,352,0.1,0.018900482206266712,3374.8
1422796,5256,27.0,611,0.1,0.019834917102593417,3376.4
1422980,5257,8.0,184,0.1,0.017932478470079925,3376.9
1423654,5258,29.0,674,0.1,0.018064854615312514,3378.7
1424035,5259,18.0,381,0.1,0.016485998627582665,3379.8
1424493,5260,19.0,458,0.1,0.01632108033189307,3381.1
1424789,5261,13.0,296,0.1,0.023271064431331045,3381.9
1425233,5262,16.0,444,0.1,0.017855763296923927,3383.1
1425838,5263,22.0,605,0.1,0.017693072805699234,3384.7
1426187,5264,18.0,349,0.1,0.01570945240600013,3385.7
1426702,5265,20.0,515,0.1,0.02138576929840122,3387.1
1427025,5266,14.0,323,0.1,0.01946175394775231,3387.9
1427133,5267,3.0,108,0.1,0.018439461649567994,3388.2
1427255,5268,1.0,122,0.1,0.023049739329144357,3388.4
1427570,5269,13.0,315,0.1,0.014568211952860973,3389.2
1427679,5270,3.0,109,0.1,0.013679595026015132,3389.5
1428062,5271,17.0,383,0.1,0.0176534253647939,3390.4
1428540,5272,22.0,478,0.1,0.016289368617193153,3391.6
1428954,5273,17.0,414,0.1,0.017375600542330626,3392.6
1429088,5274,5.0,134,0.1,0.014656768769354504,3393.0
1429490,5275,15.0,402,0.1,0.0167702549463138,3393.9
1429607,5276,6.0,117,0.1,0.013469051441241955,3394.2
1430045,5277,22.0,438,0.1,0.016073070134205576,3395.3
1430151,5278,2.0,106,0.1,0.021424509674453966,3395.6
1430781,5279,23.0,630,0.1,0.018210637109071205,3397.1
1431208,5280,19.0,427,0.1,0.016164481900980538,3398.1
1431314,5281,1.0,106,0.1,0.013369431611723624,3398.4
1431746,5282,23.0,432,0.1,0.017085774366191967,3399.5
1432148,5283,17.0,402,0.1,0.015210554626134068,3400.5
1432444,5284,14.0,296,0.1,0.01738060567200788,3401.2
1432563,5285,4.0,119,0.1,0.023118162078076397,3401.5
1432976,5286,26.0,413,0.1,0.02162703053685478,3402.5
1433342,5287,15.0,366,0.1,0.01773794978386262,3403.5
1433770,5288,17.0,428,0.1,0.021851730341457317,3404.5
1433955,5289,10.0,185,0.1,0.019640339295501293,3405.0
1434377,5290,22.0,422,0.1,0.018415475551935158,3406.0
1434658,5291,15.0,281,0.1,0.019175340248537915,3406.7
1435051,5292,16.0,393,0.1,0.017628269037231803,3407.7
1435223,5293,9.0,172,0.1,0.01589565619089922,3408.1
1435500,5294,10.0,277,0.1,0.01973529376555234,3408.8
1435863,5295,20.0,363,0.1,0.019876107630423374,3409.7
1436208,5296,16.0,345,0.1,0.01780831656183234,3410.5
1436847,5297,32.0,639,0.1,0.017184659884071106,3412.0
1437135,5298,13.0,288,0.1,0.018001181164032057,3412.7
1437576,5299,22.0,441,0.1,0.01990626550170484,3413.8
1438187,5300,21.0,611,0.1,0.015267510301016859,3415.2
1438636,5301,18.0,449,0.1,0.015613438697548302,3416.5
1439172,5302,28.0,536,0.1,0.018366499736196182,3417.8
1439255,5303,1.0,83,0.1,0.0260082321241498,3418.0
1439372,5304,4.0,117,0.1,0.01829285283262531,3418.4
1439661,5305,14.0,289,0.1,0.015377786967696415,3419.2
1440081,5306,16.0,420,0.1,0.01627528001776054,3420.4
1440531,5307,20.0,450,0.1,0.02086231120587659,3421.6
1441089,5308,27.0,558,0.1,0.019286903699061702,3423.1
1441493,5309,22.0,404,0.1,0.017065044499398902,3424.2
1441786,5310,13.0,293,0.1,0.01657194286355213,3424.9
1442218,5311,19.0,432,0.1,0.017138020103124693,3426.0
1442398,5312,8.0,180,0.1,0.019498823531385927,3426.5
1442512,5313,2.0,114,0.1,0.022864935325522875,3426.8
1442795,5314,13.0,283,0.1,0.015179045285497393,3427.5
1443171,5315,15.0,376,0.1,0.019117887082331357,3428.5
1443646,5316,22.0,475,0.1,0.015658285969696126,3429.8
1444190,5317,25.0,544,0.1,0.018078790600959432,3431.2
1444634,5318,18.0,444,0.1,0.01819307101588394,3432.4
1444840,5319,11.0,206,0.1,0.016910076956264675,3432.9
1445234,5320,15.0,394,0.1,0.019155220575250532,3434.0
1445815,5321,24.0,581,0.1,0.017575634338347048,3435.5
1446300,5322,22.0,485,0.1,0.019658410559087746,3436.8
1446902,5323,23.0,602,0.1,0.018298800787888467,3438.4
1447196,5324,14.0,294,0.1,0.016059764465820546,3439.2
1447338,5325,8.0,142,0.1,0.014964539477867739,3439.6
1447832,5326,19.0,494,0.1,0.01673144379991197,3440.9
1447971,5327,8.0,139,0.1,0.0185075359117678,3441.3
1448249,5328,15.0,278,0.1,0.015061466651968659,3442.0
1448793,5329,24.0,544,0.1,0.016887963811099967,3443.5
1449200,5330,16.0,407,0.1,0.018167034485468678,3444.5
1449834,5331,24.0,634,0.1,0.01616833162865354,3446.2
1450304,5332,22.0,470,0.1,0.01783829334318259,3447.5
1450801,5333,23.0,497,0.1,0.018817317089997232,3448.8
1451172,5334,16.0,371,0.1,0.01842806868315224,3449.8
1451453,5335,12.0,281,0.1,0.014793646628303188,3450.6
1451762,5336,14.0,309,0.1,0.019282646803790097,3451.5
1452521,5337,33.0,759,0.1,0.019123792272110127,3453.4
1452962,5338,24.0,441,0.1,0.019178578879853542,3454.5
1453297,5339,14.0,335,0.1,0.017825092793264913,3455.3
1453714,5340,24.0,417,0.1,0.02017301198793575,3456.4
1454228,5341,24.0,514,0.1,0.01923095363069528,3457.6
1454726,5342,20.0,498,0.1,0.01854679875841905,3458.8
1455013,5343,14.0,287,0.1,0.019431964927611664,3459.5
1455419,5344,17.0,406,0.1,0.016564627657506135,3460.5
1455639,5345,11.0,220,0.1,0.019472464428029277,3461.0
1456056,5346,18.0,417,0.1,0.01834693605612431,3462.1
1456285,5347,11.0,229,0.1,0.02025209840289072,3462.7
1456878,5348,25.0,593,0.1,0.02211555460707058,3464.1
1457230,5349,21.0,352,0.1,0.02442447515204549,3465.0
1457703,5350,22.0,473,0.1,0.015395252553004203,3466.2
1457926,5351,10.0,223,0.1,0.01734189115398164,3466.7
1458072,5352,7.0,146,0.1,0.01723024877719581,3467.1
1458536,5353,23.0,464,0.1,0.01832465342133595,3468.3
1459027,5354,19.0,491,0.1,0.01742125214192039,3469.5
1459629,5355,23.0,602,0.1,0.019515163966744447,3471.0
1460165,5356,24.0,536,0.1,0.014752159225267928,3472.4
1460804,5357,24.0,639,0.1,0.01817198366043158,3473.9
1461406,5358,26.0,602,0.1,0.01725872407667339,3475.4
1461784,5359,19.0,378,0.1,0.019071690174505898,3476.4
1462203,5360,17.0,419,0.1,0.017616274162159804,3477.4
1462642,5361,17.0,439,0.1,0.019657333923334425,3478.6
1463240,5362,24.0,598,0.1,0.01607585623394698,3480.2
1463839,5363,23.0,599,0.1,0.018053059731828885,3481.7
1464039,5364,10.0,200,0.1,0.014618532648310065,3482.2
1464414,5365,14.0,375,0.1,0.022275250172242522,3483.2
1464628,5366,11.0,214,0.1,0.019694135360488738,3483.7
1464768,5367,6.0,140,0.1,0.021060766678835663,3484.1
1465234,5368,23.0,466,0.1,0.017252968758713967,3485.3
1465800,5369,24.0,566,0.1,0.018525694083737235,3486.7
1466251,5370,23.0,451,0.1,0.018289405124960467,3487.8
1466812,5371,25.0,561,0.1,0.0201727982233972,3489.2
1467355,5372,26.0,543,0.1,0.017913309172554702,3490.5
1467664,5373,13.0,309,0.1,0.01967350864568009,3491.2
1467951,5374,15.0,287,0.1,0.018723844193105757,3491.9
1468529,5375,25.0,578,0.1,0.017381706824205045,3493.3
1468908,5376,17.0,379,0.1,0.018443926825727288,3494.3
1469078,5377,9.0,170,0.1,0.019864601387997113,3494.7
1469378,5378,15.0,300,0.1,0.020587976612150668,3495.5
1469825,5379,25.0,447,0.1,0.01634154005608122,3496.6
1470425,5380,28.0,600,0.1,0.016627779851357143,3498.2
1470699,5381,11.0,274,0.1,0.018040341383311898,3498.9
1470905,5382,10.0,206,0.1,0.017746293729242798,3499.4
1471378,5383,19.0,473,0.1,0.01758161776351853,3500.8
1471527,5384,6.0,149,0.1,0.015477349503418884,3501.2
1471867,5385,18.0,340,0.1,0.01766125967945246,3502.1
1472327,5386,20.0,460,0.1,0.017129697140468202,3503.2
1472894,5387,26.0,567,0.1,0.017562844187126194,3504.6
1473100,5388,11.0,206,0.1,0.01617651359321406,3505.2
1473625,5389,23.0,525,0.1,0.019481826573610306,3506.5
1474194,5390,25.0,569,0.1,0.017857332882786195,3507.9
1474490,5391,10.0,296,0.1,0.018461445871916775,3508.8
1474994,5392,22.0,504,0.1,0.017722005131728356,3510.3
1475630,5393,22.0,636,0.1,0.018281679514080943,3512.2
1475805,5394,9.0,175,0.1,0.01407634453128346,3512.7
1475982,5395,6.0,177,0.1,0.0191421118427322,3513.2
1476125,5396,7.0,143,0.1,0.01782489295065817,3513.6
1476727,5397,23.0,602,0.1,0.018864429180199902,3515.0
1477121,5398,17.0,394,0.1,0.021057164131880107,3515.9
1477622,5399,22.0,501,0.1,0.01652772463671863,3517.1
1477936,5400,13.0,314,0.1,0.015910812267514913,3517.9
1478223,5401,11.0,287,0.1,0.019266181225350624,3518.6
1478826,5402,26.0,603,0.1,0.018398434204351624,3520.1
1479275,5403,21.0,449,0.1,0.019661839945391484,3521.2
1479886,5404,25.0,611,0.1,0.01903068121017438,3522.7
1480189,5405,13.0,303,0.1,0.014966930425113165,3523.5
1480734,5406,23.0,545,0.1,0.019467606371857554,3524.8
1481008,5407,10.0,274,0.1,0.017979528167811426,3525.5
1481469,5408,18.0,461,0.1,0.018776669859400262,3526.6
1481624,5409,6.0,155,0.1,0.019601911043700498,3527.1
1482146,5410,22.0,522,0.1,0.01842113814961452,3528.4
1482389,5411,10.0,243,0.1,0.017104028636345366,3529.0
1482570,5412,8.0,181,0.1,0.012792294482804008,3529.5
1482999,5413,25.0,429,0.1,0.02020876775452188,3530.6
1483301,5414,10.0,302,0.1,0.022787005040108374,3531.4
1483756,5415,14.0,455,0.1,0.019078287667709224,3532.4
1484187,5416,16.0,431,0.1,0.020272107472834745,3533.4
1484685,5417,21.0,498,0.1,0.016896880051121117,3534.6
1485225,5418,21.0,540,0.1,0.01734390252235311,3536.0
1485677,5419,19.0,452,0.1,0.015724439769406365,3537.1
1485888,5420,12.0,211,0.1,0.023604569157128625,3537.7
1486183,5421,12.0,295,0.1,0.016145519274350716,3538.5
1486597,5422,19.0,414,0.1,0.01721549375752847,3539.5
1487089,5423,18.0,492,0.1,0.0166761559241156,3540.8
1487358,5424,11.0,269,0.1,0.016626351433041604,3541.5
1487533,5425,11.0,175,0.1,0.016077141478573056,3541.9
1488137,5426,22.0,604,0.1,0.01807109059130662,3543.5
1488668,5427,27.0,531,0.1,0.01841649457924348,3544.8
1488957,5428,11.0,289,0.1,0.016623382974002097,3545.6
1489557,5429,24.0,600,0.1,0.01641201099380851,3547.2
1489895,5430,15.0,338,0.1,0.01637566591324728,3548.1
1490178,5431,14.0,283,0.1,0.019533429737530753,3548.9
1490450,5432,13.0,272,0.1,0.019496432327501038,3549.6
1490836,5433,17.0,386,0.1,0.018676549719512155,3550.6
1491017,5434,5.0,181,0.1,0.022553289588540793,3551.1
1491479,5435,20.0,462,0.1,0.01910266012115323,3552.3
1491965,5436,22.0,486,0.1,0.020326062235370524,3553.6
1492402,5437,18.0,437,0.1,0.015786199155477208,3554.7
1492741,5438,12.0,339,0.1,0.019557100057821065,3555.5
1492959,5439,11.0,218,0.1,0.018084891494018613,3556.2
1493552,5440,20.0,593,0.1,0.01596700562939248,3557.7
1494096,5441,25.0,544,0.1,0.01775567912366515,3559.2
1494627,5442,23.0,531,0.1,0.016964008043887036,3560.5
1495254,5443,20.0,627,0.1,0.019304573263047606,3562.2
1495659,5444,22.0,405,0.1,0.016599878947720817,3563.3
1496118,5445,26.0,459,0.1,0.015060140285640955,3564.5
1496579,5446,18.0,461,0.1,0.016761070305643524,3565.7
1496915,5447,18.0,336,0.1,0.02236353973248264,3566.5
1497408,5448,16.0,493,0.1,0.016487834526361118,3567.8
1497744,5449,17.0,336,0.1,0.015490816013577083,3568.7
1498209,5450,21.0,465,0.1,0.015145101925711436,3569.8
1498350,5451,6.0,141,0.1,0.015713109022804667,3570.1
1498553,5452,11.0,203,0.1,0.020262219157873417,3570.7
1499164,5453,27.0,611,0.1,0.02279476292303526,3572.2
1499792,5454,29.0,628,0.1,0.016363628754380403,3573.8
1500329,5455,22.0,537,0.1,0.01623752179430492,3575.2
1500526,5456,6.0,197,0.1,0.0191944901242244,3575.7
1500913,5457,15.0,387,0.1,0.019632220441072257,3576.7
1501438,5458,23.0,525,0.1,0.018000343791386895,3578.0
1501897,5459,20.0,459,0.1,0.016864691565380147,3579.2
1502269,5460,15.0,372,0.1,0.01708899636913131,3580.1
1502566,5461,13.0,297,0.1,0.020411290303879493,3580.9
1503159,5462,25.0,593,0.1,0.01751094119862427,3582.4
1503770,5463,26.0,611,0.1,0.018307585348344705,3584.0
1504295,5464,27.0,525,0.1,0.0201528747814871,3585.3
1504963,5465,29.0,668,0.1,0.017605401475183264,3586.9
1505243,5466,14.0,280,0.1,0.014113402080589107,3587.6
1505727,5467,25.0,484,0.1,0.017104720777624156,3588.9
1506297,5468,23.0,570,0.1,0.015961835463694132,3590.4
1506474,5469,10.0,177,0.1,0.018720674751834435,3590.9
1506987,5470,22.0,513,0.1,0.015474842588446336,3592.2
1507091,5471,3.0,104,0.1,0.01454761029722599,3592.4
1507641,5472,23.0,550,0.1,0.01762978634054678,3593.9
1508238,5473,27.0,597,0.1,0.01881443314729321,3595.4
1508760,5474,20.0,522,0.1,0.02184427268127733,3597.1
1509111,5475,14.0,351,0.1,0.018754404471737558,3598.2
1510062,5476,30.0,951,0.1,0.01838593403789207,3600.7
1510386,5477,14.0,324,0.1,0.019968065904614366,3601.5
1510794,5478,25.0,408,0.1,0.016385426735688075,3602.6
1511361,5479,23.0,567,0.1,0.016196650013485005,3604.2
1511498,5480,3.0,137,0.1,0.019232606035931146,3604.5
1511675,5481,5.0,177,0.1,0.018274992069398813,3604.9
1512206,5482,25.0,531,0.1,0.017268207992069927,3606.3
1512615,5483,18.0,409,0.1,0.019253584140838654,3607.3
1512820,5484,10.0,205,0.1,0.01589356941762022,3607.9
1513063,5485,10.0,243,0.1,0.01772942199216535,3608.6
1513308,5486,13.0,245,0.1,0.014827510454661904,3609.2
1513720,5487,19.0,412,0.1,0.018128184163129155,3610.2
1513921,5488,11.0,201,0.1,0.014332019425928592,3610.7
1514464,5489,20.0,543,0.1,0.01709057732574258,3612.2
1514984,5490,20.0,520,0.1,0.018281418464791317,3613.5
1515391,5491,18.0,407,0.1,0.019591533804847166,3614.5
1515976,5492,23.0,585,0.1,0.01643884643836289,3616.0
1516612,5493,26.0,636,0.1,0.016649637822319503,3617.6
1516922,5494,13.0,310,0.1,0.015794906033469096,3618.5
1517119,5495,11.0,197,0.1,0.014683952678603177,3619.0
1517308,5496,7.0,189,0.1,0.017713505047140643,3619.4
1517698,5497,21.0,390,0.1,0.018933685213212193,3620.4
1517801,5498,2.0,103,0.1,0.013804432076330368,3620.7
1517964,5499,9.0,163,0.1,0.01582199346455859,3621.1
1518459,5500,28.0,495,0.1,0.01558641106367293,3622.4
1519337,5501,27.0,878,0.1,0.016518830867822874,3624.6
1519546,5502,10.0,209,0.1,0.016684727796998162,3625.2
1519838,5503,14.0,292,0.1,0.015705285970223685,3626.0
1520430,5504,28.0,592,0.1,0.01885376461133411,3627.6
1520798,5505,19.0,368,0.1,0.021553230689555083,3628.5
1521144,5506,18.0,346,0.1,0.014364977458213595,3629.4
1521534,5507,17.0,390,0.1,0.016725873017741234,3630.4
1521755,5508,9.0,221,0.1,0.01924615796994079,3631.0
1522058,5509,14.0,303,0.1,0.02038217329199573,3631.9
1522457,5510,17.0,399,0.1,0.013695296109654009,3632.9
1522631,5511,5.0,174,0.1,0.019709764622411755,3633.3
1523145,5512,19.0,514,0.1,0.01899428721770009,3634.6
1523331,5513,10.0,186,0.1,0.022340689137901947,3635.1
1523477,5514,7.0,146,0.1,0.018804040246617956,3635.4
1523972,5515,20.0,495,0.1,0.01550413109549892,3636.7
1524485,5516,21.0,513,0.1,0.017377029294948443,3637.9
1524853,5517,16.0,368,0.1,0.018965705712933257,3638.8
1525361,5518,22.0,508,0.1,0.016380593824148998,3640.0
1525474,5519,2.0,113,0.1,0.016868715124603893,3640.3
1525760,5520,12.0,286,0.1,0.015116362877759255,3641.0
1526272,5521,21.0,512,0.1,0.01824046545152669,3642.3
1526799,5522,25.0,527,0.1,0.019275643955205233,3643.6
1527116,5523,15.0,317,0.1,0.017104585916968063,3644.4
1527723,5524,24.0,607,0.1,0.016228298861718435,3645.9
1528006,5525,14.0,283,0.1,0.01763184518802544,3646.7
1528556,5526,26.0,550,0.1,0.018244303811840928,3648.2
1528716,5527,8.0,160,0.1,0.014739780162926763,3648.6
1529090,5528,18.0,374,0.1,0.01818977761763318,3649.5
1529384,5529,13.0,294,0.1,0.01634472339867136,3650.2
1529866,5530,18.0,482,0.1,0.01882966923294589,3651.4
1530436,5531,17.0,570,0.1,0.02014509753252451,3652.7
1530579,5532,8.0,143,0.1,0.015669019227581366,3653.1
1531110,5533,21.0,531,0.1,0.016222808319248987,3654.4
1531629,5534,21.0,519,0.1,0.018971596645692795,3655.6
1532138,5535,20.0,509,0.1,0.016438681144619317,3656.9
1532644,5536,20.0,506,0.1,0.017931364077018706,3658.2
1533213,5537,25.0,569,0.1,0.018336457310205088,3659.6
1533697,5538,23.0,484,0.1,0.01910807397447465,3660.9
1534479,5539,33.0,782,0.1,0.01904843699378081,3662.9
1534921,5540,25.0,442,0.1,0.01597696302777475,3664.1
1535020,5541,5.0,99,0.1,0.017808917071670295,3664.4
1535383,5542,15.0,363,0.1,0.019199139583441945,3665.3
1535666,5543,16.0,283,0.1,0.017579630050073628,3666.0
1535800,5544,7.0,134,0.1,0.02252825690597734,3666.4
1536278,5545,24.0,478,0.1,0.018123812484359292,3667.7
1536464,5546,11.0,186,0.1,0.01878084942817371,3668.2
1536993,5547,26.0,529,0.1,0.01890896467816536,3669.6
1537286,5548,14.0,293,0.1,0.016559693566842438,3670.5
1537872,5549,25.0,586,0.1,0.017093719711818663,3672.0
1538480,5550,25.0,608,0.1,0.01486265727956044,3673.5
1538865,5551,17.0,385,0.1,0.01632340629051517,3674.5
1539150,5552,16.0,285,0.1,0.016168901923073218,3675.3
1539552,5553,16.0,402,0.1,0.018913715897994763,3676.4
1540342,5554,33.0,790,0.1,0.01437412236160055,3678.6
1540531,5555,10.0,189,0.1,0.013429833209498766,3679.1
1540861,5556,13.0,330,0.1,0.016438781799950515,3680.0
1541044,5557,10.0,183,0.1,0.013182540763291005,3680.5
1541546,5558,22.0,502,0.1,0.018220490634441377,3681.9
1542097,5559,24.0,551,0.1,0.015803825749637748,3683.4
1542513,5560,18.0,416,0.1,0.015766327076842293,3684.5
1542914,5561,25.0,401,0.1,0.016528133824467658,3685.6
1543783,5562,30.0,869,0.1,0.017318962266333917,3687.9
1544074,5563,15.0,291,0.1,0.016261400973858083,3688.6
1544372,5564,14.0,298,0.1,0.018614442180842163,3689.4
1545037,5565,28.0,665,0.1,0.017714756006565708,3691.0
1545494,5566,24.0,457,0.1,0.01574166487542945,3692.1
1545849,5567,15.0,355,0.1,0.01793519280631137,3693.0
1546240,5568,18.0,391,0.1,0.01751897381428553,3694.0
1546637,5569,17.0,397,0.1,0.01619827668794026,3694.9
1546926,5570,16.0,289,0.1,0.015459948807903048,3695.6
1547341,5571,19.0,415,0.1,0.01842038216105161,3696.7
1547910,5572,25.0,569,0.1,0.019718704948490356,3698.1
1548051,5573,7.0,141,0.1,0.015631119747247013,3698.4
1548235,5574,8.0,184,0.1,0.014273113601476602,3698.9
1548683,5575,21.0,448,0.1,0.017779359577356706,3700.0
1549093,5576,19.0,410,0.1,0.01643553227457462,3701.1
1549559,5577,20.0,466,0.1,0.017483579183543294,3702.2
1549856,5578,13.0,297,0.1,0.01984143876781066,3703.0
1550454,5579,23.0,598,0.1,0.018879450654498482,3704.4
1550870,5580,18.0,416,0.1,0.01887863420863421,3705.6
1551046,5581,9.0,176,0.1,0.018798395901368083,3706.0
1551654,5582,27.0,608,0.1,0.01884750400571839,3707.5
1551931,5583,14.0,277,0.1,0.02105656063751034,3708.2
1552110,5584,9.0,179,0.1,0.01586864159649445,3708.7
1552464,5585,20.0,354,0.1,0.019419528428841842,3709.6
1553003,5586,24.0,539,0.1,0.015612448280705,3711.0
1553395,5587,15.0,392,0.1,0.020343458598327577,3712.0
1553715,5588,14.0,320,0.1,0.016097433416871355,3712.8
1554329,5589,24.0,614,0.1,0.016276134146292778,3714.3
1554867,5590,25.0,538,0.1,0.018271461080537357,3715.6
1555279,5591,20.0,412,0.1,0.015571202099486028,3716.7
1555807,5592,24.0,528,0.1,0.019807952092819367,3718.0
1556220,5593,18.0,413,0.1,0.0157533963300431,3719.1
1556456,5594,11.0,236,0.1,0.017812487464082444,3719.8
1556757,5595,13.0,301,0.1,0.019574384683122236,3720.5
1557116,5596,21.0,359,0.1,0.01665857144527965,3721.4
1557309,5597,10.0,193,0.1,0.018708850315306336,3722.0
1557480,5598,8.0,171,0.1,0.014833722859187874,3722.5
1557966,5599,23.0,486,0.1,0.01890085120339039,3723.8
1558309,5600,17.0,343,0.1,0.017713571698296557,3724.8
1558619,5601,13.0,310,0.1,0.015407539535217084,3725.6
1558943,5602,19.0,324,0.1,0.01595669276839881,3726.5
1559399,5603,24.0,456,0.1,0.017365698030692312,3727.7
1559782,5604,15.0,383,0.1,0.016376949701225385,3728.7
1560193,5605,22.0,411,0.1,0.01745411961619715,3729.9
1560635,5606,22.0,442,0.1,0.01805122048509392,3731.2
1561178,5607,24.0,543,0.1,0.017066403370871043,3732.6
1561680,5608,16.0,502,0.1,0.015006603578859497,3734.1
1562275,5609,24.0,595,0.1,0.01706510643172707,3735.8
1562420,5610,7.0,145,0.1,0.014803606846898392,3736.3
1562702,5611,14.0,282,0.1,0.01718141344109816,3737.0
1563031,5612,20.0,329,0.1,0.016798080796966465,3737.9
1563463,5613,18.0,432,0.1,0.016992938407282863,3739.0
1563611,5614,8.0,148,0.1,0.019575682619737612,3739.4
1563785,5615,8.0,174,0.1,0.016640598642301153,3739.9
1564116,5616,18.0,331,0.1,0.01852397323889007,3740.8
1564568,5617,20.0,452,0.1,0.01773603363745574,3742.0
1564887,5618,16.0,319,0.1,0.015922151912663933,3742.8
1565471,5619,23.0,584,0.1,0.01734039247552673,3744.3
1565656,5620,9.0,185,0.1,0.014771234590877244,3744.8
1566218,5621,26.0,562,0.1,0.017240725349568362,3746.3
1566538,5622,15.0,320,0.1,0.01904212295776233,3747.1
1567118,5623,26.0,580,0.1,0.016954039925195535,3748.6
1568057,5624,29.0,939,0.1,0.016387802836029454,3750.9
1568568,5625,21.0,511,0.1,0.01657314578005753,3752.1
1568773,5626,10.0,205,0.1,0.01401560892369233,3752.6
1569492,5627,32.0,719,0.1,0.018083620246034115,3754.4
1569940,5628,19.0,448,0.1,0.015455788005575804,3755.5
1570280,5629,17.0,340,0.1,0.01903699163128348,3756.3
1570872,5630,25.0,592,0.1,0.017116311665410427,3757.8
1571366,5631,26.0,494,0.1,0.018614347832943728,3759.0
1572047,5632,28.0,681,0.1,0.018356799605466864,3760.6
1572579,5633,25.0,532,0.1,0.016620947296654146,3762.1
1572725,5634,7.0,146,0.1,0.01850181011910978,3762.5
1573307,5635,23.0,582,0.1,0.017838378480218093,3763.9
1573855,5636,24.0,548,0.1,0.017521476879525575,3765.2
1574456,5637,23.0,601,0.1,0.015992292536064885,3766.8
1575002,5638,25.0,546,0.1,0.01570096212055753,3768.2
1575759,5639,30.0,757,0.1,0.01610327440082396,3770.1
1576559,5640,33.0,800,0.1,0.017931218883022668,3772.3
1577228,5641,23.0,669,0.1,0.017143737602358062,3774.1
1577648,5642,22.0,420,0.1,0.013304775434413127,3775.1
1577940,5643,13.0,292,0.1,0.015601325633438074,3775.8
1578374,5644,24.0,434,0.1,0.01609366250233035,3776.9
1578715,5645,17.0,341,0.1,0.01693836298825986,3777.7
1579025,5646,11.0,310,0.1,0.01496828544455079,3778.5
1579468,5647,23.0,443,0.1,0.01603672378235035,3779.8
1580002,5648,26.0,534,0.1,0.014010959066786711,3781.3
1580150,5649,7.0,148,0.1,0.017222283659754572,3781.7
1580763,5650,26.0,613,0.1,0.016859114935524225,3783.4
1581194,5651,19.0,431,0.1,0.015802949580743356,3784.5
1581616,5652,23.0,422,0.1,0.01853257538926489,3785.7
1582123,5653,23.0,507,0.1,0.01697554392370558,3787.1
1582392,5654,10.0,269,0.1,0.01515985157696859,3787.9
1582776,5655,18.0,384,0.1,0.017147230105668616,3789.0
1583923,5656,36.0,1147,0.1,0.01649797213397321,3792.1
1584112,5657,11.0,189,0.1,0.021910456067416817,3792.7
1584672,5658,28.0,560,0.1,0.016453254681878856,3794.2
1584774,5659,3.0,102,0.1,0.01362757544964552,3794.5
1585178,5660,18.0,404,0.1,0.015883397251035613,3795.7
1585454,5661,14.0,276,0.1,0.014504822470463705,3796.4
1585757,5662,17.0,303,0.1,0.016472106627923876,3797.2
1586180,5663,22.0,423,0.1,0.014586624649862916,3798.4
1586334,5664,5.0,154,0.1,0.017260655123544365,3798.8
1586878,5665,17.0,544,0.1,0.016165000050986075,3800.3
1587082,5666,7.0,204,0.1,0.01746382430086241,3800.9
1587574,5667,18.0,492,0.1,0.011995157397284014,3802.2
1587853,5668,13.0,279,0.1,0.01882340355244066,3803.1
1588242,5669,17.0,389,0.1,0.017750599138323487,3804.6
1588959,5670,31.0,717,0.1,0.014281651195055447,3807.1
1589261,5671,13.0,302,0.1,0.015461769488051925,3808.0
1589622,5672,19.0,361,0.1,0.016843838676706784,3809.3
1589969,5673,19.0,347,0.1,0.015805519962062437,3810.4
1590236,5674,14.0,267,0.1,0.013276943846591819,3811.2
1590568,5675,18.0,332,0.1,0.013432080607793957,3812.1
1591045,5676,22.0,477,0.1,0.016951680570809532,3813.6
1591567,5677,23.0,522,0.1,0.014044207572722091,3815.0
1591961,5678,23.0,394,0.1,0.01791092290806424,3816.1
1592448,5679,20.0,487,0.1,0.017760728604206053,3817.9
1592894,5680,25.0,446,0.1,0.014689106166966864,3819.3
1593346,5681,25.0,452,0.1,0.016853608753515686,3820.8
1593782,5682,24.0,436,0.1,0.017083339619561346,3822.2
1593984,5683,11.0,202,0.1,0.015502638137881077,3823.0
1594467,5684,22.0,483,0.1,0.01559968659033378,3824.5
1594624,5685,9.0,157,0.1,0.015982872562017292,3825.1
1594910,5686,16.0,286,0.1,0.014610791244399799,3826.0
1595414,5687,24.0,504,0.1,0.01507471910666763,3827.6
1595683,5688,16.0,269,0.1,0.014387207474114734,3828.5
1596171,5689,23.0,488,0.1,0.012906797348567452,3830.2
1596541,5690,18.0,370,0.1,0.017819519647927856,3831.4
1597008,5691,22.0,467,0.1,0.017380358963711266,3832.9
1597560,5692,23.0,552,0.1,0.015518824563132248,3834.9
1597831,5693,13.0,271,0.1,0.012620332192129163,3835.7
1598411,5694,25.0,580,0.1,0.015732856949084793,3837.6
1598914,5695,26.0,503,0.1,0.014097234352477013,3839.2
1599387,5696,26.0,473,0.1,0.013365343935250983,3840.6
1599991,5697,27.0,604,0.1,0.011812474635670221,3842.5
1600709,5698,33.0,718,0.1,0.016045830983461604,3844.6
1600970,5699,11.0,261,0.1,0.01582605466246605,3845.4
1601356,5700,24.0,386,0.1,0.01903031011755319,3846.7
1602198,5701,31.0,842,0.1,0.017163759097456932,3849.3
1602499,5702,16.0,301,0.1,0.021298561270038287,3850.2
1602775,5703,15.0,276,0.1,0.013220292539673223,3851.1
1603336,5704,28.0,561,0.1,0.01735931044569939,3852.8
1603833,5705,26.0,497,0.1,0.016932665618256695,3854.4
1604121,5706,18.0,288,0.1,0.015458331524213362,3855.2
1604293,5707,9.0,172,0.1,0.014327595291962458,3855.7
1604575,5708,12.0,282,0.1,0.01682852906773665,3856.6
1604751,5709,9.0,176,0.1,0.01463965507520532,3857.1
1605324,5710,28.0,573,0.1,0.015474169474651312,3858.9
1605889,5711,21.0,565,0.1,0.014832437167221562,3860.7
1606240,5712,17.0,351,0.1,0.016425541789927098,3861.8
1606754,5713,27.0,514,0.1,0.016609422129477025,3863.3
1607490,5714,30.0,736,0.1,0.016428226761965325,3865.4
1607830,5715,15.0,340,0.1,0.01603402619743172,3866.4
1608070,5716,12.0,240,0.1,0.018193866149522363,3867.1
1608351,5717,14.0,281,0.1,0.016654820447521552,3868.0
1608626,5718,13.0,275,0.1,0.015997897435411596,3868.8
1609068,5719,22.0,442,0.1,0.016723334428493504,3870.2
1609398,5720,16.0,330,0.1,0.01744417767835463,3871.2
1609887,5721,23.0,489,0.1,0.013636789456406822,3872.7
1610630,5722,31.0,743,0.1,0.015613467790566946,3874.9
1611430,5723,34.0,800,0.1,0.016368685072520747,3877.2
1611783,5724,15.0,353,0.1,0.018444524093700402,3878.1
1611921,5725,5.0,138,0.1,0.017293173034808467,3878.5
1612261,5726,20.0,340,0.1,0.015419409026884857,3879.5
1612817,5727,25.0,556,0.1,0.015938938401049846,3881.2
1612958,5728,5.0,141,0.1,0.019500562881252594,3881.6
1613420,5729,20.0,462,0.1,0.013967467995826155,3882.9
1613694,5730,12.0,274,0.1,0.015587900813175914,3883.8
1614103,5731,19.0,409,0.1,0.016975268780929493,3885.1
1614516,5732,20.0,413,0.1,0.019433452729852155,3886.4
1615066,5733,25.0,550,0.1,0.01374216825211842,3887.9
1615251,5734,10.0,185,0.1,0.015267210243188816,3888.5
1615856,5735,25.0,605,0.1,0.0164380039940098,3890.4
1616093,5736,11.0,237,0.1,0.015046202569757984,3891.1
1616615,5737,24.0,522,0.1,0.01601019048382743,3892.6
1617149,5738,24.0,534,0.1,0.01754474290994121,3894.1
1617338,5739,10.0,189,0.1,0.01496178192145964,3894.5
1617888,5740,24.0,550,0.1,0.01736513149344187,3895.8
1618185,5741,16.0,297,0.1,0.01581876728419416,3896.7
1618894,5742,32.0,709,0.1,0.017205282816884375,3898.7
1619213,5743,19.0,319,0.1,0.018451454816386104,3899.5
1619357,5744,3.0,144,0.1,0.01390318791123314,3899.9
1619945,5745,25.0,588,0.1,0.015820709115755904,3901.6
1620347,5746,17.0,402,0.1,0.01547098393086344,3902.7
1620800,5747,26.0,453,0.1,0.01525026424828786,3903.8
1621234,5748,24.0,434,0.1,0.019653533410746604,3904.9
1621414,5749,10.0,180,0.1,0.014097808518757422,3905.5
1621868,5750,28.0,454,0.1,0.015667318207162776,3906.7
1622227,5751,15.0,359,0.1,0.017119992445903214,3907.6
1622427,5752,11.0,200,0.1,0.01384504325222224,3908.2
1622707,5753,13.0,280,0.1,0.01872121229036046,3909.0
1622848,5754,6.0,141,0.1,0.011263177161001496,3909.4
1623055,5755,10.0,207,0.1,0.014552893281421241,3909.9
1623554,5756,25.0,499,0.1,0.014130912130698562,3911.2
1623991,5757,18.0,437,0.1,0.015260460760888703,3912.2
1624500,5758,27.0,509,0.1,0.014185921299940674,3913.5
1624856,5759,20.0,356,0.1,0.01521664032231221,3914.5
1625376,5760,24.0,520,0.1,0.014779477034552166,3915.8
1625800,5761,19.0,424,0.1,0.013914881271907603,3916.9
1626349,5762,26.0,549,0.1,0.016746138545419394,3918.5
1626560,5763,9.0,211,0.1,0.020743319000345917,3919.0
1627369,5764,32.0,809,0.1,0.013775719201773184,3921.1
1627937,5765,25.0,568,0.1,0.01553824577237886,3922.6
1628099,5766,8.0,162,0.1,0.015009417524561286,3923.0
1628863,5767,29.0,764,0.1,0.015041944813422118,3925.1
1629749,5768,35.0,886,0.1,0.015082502461286043,3927.6
1630485,5769,31.0,736,0.1,0.01492786358500345,3929.3
1630964,5770,25.0,479,0.1,0.019510679331142457,3930.5
1631524,5771,23.0,560,0.1,0.014750148957994367,3931.9
1631956,5772,22.0,432,0.1,0.013962897732940124,3932.9
1632439,5773,23.0,483,0.1,0.014485116297146305,3934.2
1633022,5774,27.0,583,0.1,0.015554427215510546,3935.5
1633173,5775,7.0,151,0.1,0.01654328566387688,3935.9
1633496,5776,14.0,323,0.1,0.01743097766302526,3936.7
1634047,5777,26.0,551,0.1,0.01627877452002879,3938.1
1634459,5778,20.0,412,0.1,0.01726232477445698,3939.1
1634600,5779,6.0,141,0.1,0.01337618836098247,3939.5
1634741,5780,5.0,141,0.1,0.015453495963343552,3939.9
1634916,5781,10.0,175,0.1,0.01275698077568615,3940.3
1635214,5782,16.0,298,0.1,0.01503889456806654,3941.0
1635735,5783,22.0,521,0.1,0.013748014823963435,3942.4
1636058,5784,16.0,323,0.1,0.016420280184297833,3943.2
1636730,5785,29.0,672,0.1,0.01707653249503069,3944.9
1637131,5786,21.0,401,0.1,0.01481131146196276,3946.1
1637495,5787,21.0,364,0.1,0.016587067016779065,3947.0
1637814,5788,13.0,319,0.1,0.016758431668858976,3947.9
1637970,5789,8.0,156,0.1,0.016307377811664574,3948.3
1638078,5790,4.0,108,0.1,0.011715651420807396,3948.6
1638540,5791,27.0,462,0.1,0.017714869054355497,3949.8
1638695,5792,8.0,155,0.1,0.015475379952572678,3950.1
1639139,5793,24.0,444,0.1,0.018478761318030657,3951.3
1639429,5794,17.0,290,0.1,0.016979096374436193,3952.0
1639624,5795,8.0,195,0.1,0.015829830810579718,3952.5
1639923,5796,17.0,299,0.1,0.014134606868783766,3953.2
1640141,5797,11.0,218,0.1,0.013256689144129103,3953.8
1640568,5798,20.0,427,0.1,0.01451531200121357,3954.8
1641142,5799,25.0,574,0.1,0.015355431429156057,3956.3
1641530,5800,23.0,388,0.1,0.017429494783858357,3957.2
1642283,5801,29.0,753,0.1,0.01852424281148953,3959.0
1642841,5802,30.0,558,0.1,0.016407006628079607,3960.3
1643338,5803,28.0,497,0.1,0.017677420979335664,3961.6
1643754,5804,18.0,416,0.1,0.014997552480333699,3962.7
1644350,5805,30.0,596,0.1,0.016959940642743504,3964.2
1644700,5806,16.0,350,0.1,0.018814543076917867,3965.0
1645173,5807,28.0,473,0.1,0.01392601671336629,3966.1
1645665,5808,23.0,492,0.1,0.017130552505226274,3967.4
1646217,5809,25.0,552,0.1,0.015866078459995166,3968.8
1646644,5810,24.0,427,0.1,0.01456945937640408,3969.8
1647184,5811,26.0,540,0.1,0.01439161892393949,3971.2
1647289,5812,4.0,105,0.1,0.019436989803440295,3971.5
1647763,5813,25.0,474,0.1,0.01460807163355146,3972.7
1648051,5814,13.0,288,0.1,0.014185155554312386,3973.5
1648193,5815,6.0,142,0.1,0.021805329106023744,3973.8
1648763,5816,29.0,570,0.1,0.01696593272434154,3975.3
1649701,5817,32.0,938,0.1,0.01592247696454696,3977.7
1650130,5818,21.0,429,0.1,0.015225872530158018,3978.8
1650673,5819,25.0,543,0.1,0.016587446500232222,3980.1
1651250,5820,25.0,577,0.1,0.016433166320590924,3981.6
1652052,5821,31.0,802,0.1,0.016581953044480353,3983.5
1652499,5822,25.0,447,0.1,0.016244037332734815,3984.6
1652697,5823,11.0,198,0.1,0.013434146936051548,3985.1
1652841,5824,5.0,144,0.1,0.014900900287708888,3985.5
1653442,5825,24.0,601,0.1,0.015425969377780954,3987.0
1653891,5826,20.0,449,0.1,0.01479818947388724,3988.0
1654308,5827,19.0,417,0.1,0.016872376314408723,3989.0
1654636,5828,21.0,328,0.1,0.014381379437087694,3989.7
1655189,5829,28.0,553,0.1,0.015533760466707357,3991.0
1655678,5830,24.0,489,0.1,0.015960824538449773,3992.2
1656280,5831,23.0,602,0.1,0.016647484751775958,3993.6
1656678,5832,18.0,398,0.1,0.015703156428185826,3994.5
1656876,5833,10.0,198,0.1,0.013097985070198775,3995.0
1657339,5834,24.0,463,0.1,0.016347123471939045,3996.1
1657837,5835,22.0,498,0.1,0.014050246374681592,3997.4
1658276,5836,22.0,439,0.1,0.016320375520312652,3998.4
1658867,5837,24.0,591,0.1,0.016478711848470325,3999.9
1659466,5838,30.0,599,0.1,0.016442305849244197,4001.2
1660005,5839,25.0,539,0.1,0.018027853493199304,4002.5
1660458,5840,25.0,453,0.1,0.013437574898280137,4003.8
1660727,5841,13.0,269,0.1,0.019473229298618302,4004.4
1661352,5842,27.0,625,0.1,0.01639033685390879,4006.0
1661916,5843,25.0,564,0.1,0.01616792506142024,4007.4
1662206,5844,14.0,290,0.1,0.016203955317097198,4008.2
1662511,5845,16.0,305,0.1,0.01807397884610844,4008.9
1663188,5846,27.0,677,0.1,0.01649259074235006,4010.6
1663488,5847,16.0,300,0.1,0.018673766556506356,4011.3
1664032,5848,27.0,544,0.1,0.01524381126920857,4012.8
1664518,5849,19.0,486,0.1,0.014167708306273154,4014.0
1664800,5850,13.0,282,0.1,0.015500557366233896,4014.8
1665090,5851,12.0,290,0.1,0.014814326067506853,4015.4
1666071,5852,34.0,981,0.1,0.015904095897222963,4017.9
1666401,5853,18.0,330,0.1,0.016864106906241322,4018.7
1666905,5854,28.0,504,0.1,0.013747638139489388,4020.0
1667621,5855,30.0,716,0.1,0.01634340552618342,4021.9
1667815,5856,11.0,194,0.1,0.013610535446787253,4022.4
1668150,5857,20.0,335,0.1,0.015003547429971929,4023.3
1668419,5858,13.0,269,0.1,0.015679615987603788,4024.0
1668617,5859,11.0,198,0.1,0.015649616457521914,4024.6
1669073,5860,20.0,456,0.1,0.016043562115284436,4025.8
1669281,5861,12.0,208,0.1,0.016381187736092564,4026.4
1669602,5862,16.0,321,0.1,0.011818649058113806,4027.3
1670196,5863,28.0,594,0.1,0.015306207252941375,4028.9
1670313,5864,4.0,117,0.1,0.017127203995939987,4029.2
1670705,5865,19.0,392,0.1,0.014207110578688432,4030.1
1670987,5866,13.0,282,0.1,0.01737707409608577,4030.8
1671188,5867,11.0,201,0.1,0.017027908790053104,4031.4
1671643,5868,22.0,455,0.1,0.014140614160064575,4032.6
1671947,5869,14.0,304,0.1,0.011721774917340985,4033.4
1672538,5870,26.0,591,0.1,0.01594168641069602,4035.0
1672743,5871,9.0,205,0.1,0.016974755069788766,4035.5
1672939,5872,11.0,196,0.1,0.01809974179166008,4036.0
1673471,5873,24.0,532,0.1,0.016286417943446485,4037.4
1673723,5874,10.0,252,0.1,0.015857563501903937,4038.1
1674366,5875,29.0,643,0.1,0.015938514860936944,4039.8
1674711,5876,19.0,345,0.1,0.01602807698424819,4040.8
1675070,5877,23.0,359,0.1,0.015563191913275255,4041.7
1675277,5878,11.0,207,0.1,0.011898494603183981,4042.2
1675741,5879,24.0,464,0.1,0.017452748954007082,4043.4
1676237,5880,25.0,496,0.1,0.016665390579991283,4044.7
1676985,5881,28.0,748,0.1,0.013778253077444706,4046.5
1677092,5882,3.0,107,0.1,0.01614180659116418,4046.8
1677742,5883,30.0,650,0.1,0.015652378407352962,4048.4
1678221,5884,25.0,479,0.1,0.014913306078718354,4049.6
1678340,5885,3.0,119,0.1,0.016093135718256234,4049.9
1679103,5886,28.0,763,0.1,0.013779041131860332,4051.7
1679218,5887,4.0,115,0.1,0.01801196492180742,4052.0
1679776,5888,23.0,558,0.1,0.015568333722850575,4053.5
1680291,5889,23.0,515,0.1,0.014054141063752468,4054.8
1680443,5890,7.0,152,0.1,0.016413681907579303,4055.2
1680884,5891,24.0,441,0.1,0.015673593242510078,4056.3
1681286,5892,15.0,402,0.1,0.017017451296560467,4057.3
1681494,5893,11.0,208,0.1,0.015033566469075875,4057.8
1681643,5894,7.0,149,0.1,0.017916068107493827,4058.2
1681816,5895,8.0,173,0.1,0.018544030365195464,4058.6
1682428,5896,27.0,612,0.1,0.014699288105190384,4060.1
1682872,5897,26.0,444,0.1,0.014022601038418911,4061.1
1683572,5898,30.0,700,0.1,0.017486291426633084,4062.9
1684536,5899,36.0,964,0.1,0.01570033364933123,4065.3
1685139,5900,27.0,603,0.1,0.015531888660043479,4066.8
1685555,5901,23.0,416,0.1,0.0158399459570109,4067.8
1686048,5902,23.0,493,0.1,0.01707146900533248,4069.0
1686225,5903,9.0,177,0.1,0.01518302842636,4069.5
1686917,5904,24.0,692,0.1,0.014909540140204606,4071.2
1687505,5905,25.0,588,0.1,0.015211523721171986,4072.7
1688225,5906,30.0,720,0.1,0.016222616823183166,4074.4
1688403,5907,10.0,178,0.1,0.011887262755242939,4074.9
1689178,5908,29.0,775,0.1,0.013728140765733863,4076.8
1689681,5909,23.0,503,0.1,0.01430475670060823,4078.1
1689977,5910,14.0,296,0.1,0.013895436466948406,4078.9
1690270,5911,14.0,293,0.1,0.013886071234456685,4079.7
1690547,5912,13.0,277,0.1,0.01526928476759813,4080.5
1691042,5913,24.0,495,0.1,0.016352174835534947,4081.9
1691157,5914,4.0,115,0.1,0.016576544349563533,4082.2
1691570,5915,17.0,413,0.1,0.01424660678790177,4083.3
1691687,5916,3.0,117,0.1,0.01494188915038931,4083.6
1692087,5917,20.0,400,0.1,0.01476245919475332,4084.7
1692282,5918,11.0,195,0.1,0.013560498808035436,4085.3
1693141,5919,33.0,859,0.1,0.013997548583591746,4087.5
1693738,5920,27.0,597,0.1,0.015736923945267628,4089.0
1694021,5921,14.0,283,0.1,0.012790277718343365,4089.8
1694243,5922,9.0,222,0.1,0.014846133715896444,4090.3
1694999,5923,29.0,756,0.1,0.016003732698866062,4092.3
1695293,5924,14.0,294,0.1,0.01167573407292366,4093.1
1695785,5925,27.0,492,0.1,0.011933203396667553,4094.5
1696372,5926,24.0,587,0.1,0.013370809067661563,4096.2
1696865,5927,21.0,493,0.1,0.015241422715059263,4097.5
1697198,5928,13.0,333,0.1,0.01529677567375173,4098.4
1697617,5929,23.0,419,0.1,0.017863922894355795,4099.5
1697709,5930,0.0,92,0.1,0.01725628044780182,4099.8
1698015,5931,10.0,306,0.1,0.01540698769416562,4100.5
1698771,5932,29.0,756,0.1,0.01643254721005048,4102.5
1699301,5933,25.0,530,0.1,0.015083722989039873,4103.9
1699710,5934,24.0,409,0.1,0.013872146492312644,4105.0
1700194,5935,25.0,484,0.1,0.013453901878150164,4106.3
1700555,5936,23.0,361,0.1,0.01580308911442343,4107.3
1700649,5937,0.0,94,0.1,0.01675988023635,4107.6
1700798,5938,6.0,149,0.1,0.02001807890278665,4107.9
1701255,5939,23.0,457,0.1,0.015266352815128732,4109.1
1701744,5940,21.0,489,0.1,0.016512794369013935,4110.4
1702029,5941,13.0,285,0.1,0.016728041831299032,4111.1
1702321,5942,13.0,292,0.1,0.017882678074098816,4111.9
1702470,5943,7.0,149,0.1,0.01570709781545038,4112.3
1702786,5944,15.0,316,0.1,0.016735096075984685,4113.1
1702903,5945,1.0,117,0.1,0.015978216651249034,4113.3
1703451,5946,23.0,548,0.1,0.01359923602673259,4114.7
1703669,5947,11.0,218,0.1,0.016278822571885856,4115.3
1703942,5948,13.0,273,0.1,0.013298226376611958,4115.9
1704504,5949,23.0,562,0.1,0.013628164861113467,4117.4
1704963,5950,21.0,459,0.1,0.017379844361066557,4118.5
1705186,5951,11.0,223,0.1,0.01764841043456857,4119.0
1705510,5952,17.0,324,0.1,0.017356012145885162,4119.9
1706100,5953,25.0,590,0.1,0.015256786508158454,4121.3
1706419,5954,17.0,319,0.1,0.01358313325356362,4122.1
1706713,5955,13.0,294,0.1,0.015243499310108254,4122.7
1707192,5956,23.0,479,0.1,0.01486669271835126,4123.9
1707352,5957,7.0,160,0.1,0.013992654590401799,4124.3
1707459,5958,3.0,107,0.1,0.018771338742226362,4124.5
1707973,5959,21.0,514,0.1,0.015443132336561879,4125.8
1708209,5960,13.0,236,0.1,0.012390436419143768,4126.4
1708297,5961,1.0,88,0.1,0.02061332275413654,4126.7
1708503,5962,8.0,206,0.1,0.014620368441968573,4127.2
1708824,5963,14.0,321,0.1,0.014623037798123227,4128.1
1709212,5964,17.0,388,0.1,0.014680847467989037,4129.2
1709870,5965,31.0,658,0.1,0.01693869624201708,4131.0
1710185,5966,14.0,315,0.1,0.013007076065162127,4131.7
1710374,5967,10.0,189,0.1,0.017431662219794506,4132.2
1710650,5968,14.0,276,0.1,0.01708628028374759,4132.8
1710802,5969,7.0,152,0.1,0.012485110568568894,4133.3
1711160,5970,16.0,358,0.1,0.014293874070669213,4134.2
1711556,5971,23.0,396,0.1,0.014939500479911915,4135.2
1711714,5972,7.0,158,0.1,0.014803056193229098,4135.6
1712053,5973,10.0,339,0.1,0.016962976309963886,4136.6
1712435,5974,16.0,382,0.1,0.01687130028087842,4137.5
1713046,5975,25.0,611,0.1,0.01544455184412548,4139.2
1713338,5976,14.0,292,0.1,0.015566056581494743,4139.9
1713825,5977,24.0,487,0.1,0.015829104481677174,4141.3
1714048,5978,10.0,223,0.1,0.014562304555771075,4141.9
1714763,5979,30.0,715,0.1,0.01703940035534625,4143.6
1714936,5980,9.0,173,0.1,0.017692803135353395,4144.1
1715145,5981,8.0,209,0.1,0.01663241506769107,4144.6
1715453,5982,16.0,308,0.1,0.016943613206362958,4145.4
1715837,5983,19.0,384,0.1,0.014381022071271824,4146.5
1716168,5984,14.0,331,0.1,0.017578861241352307,4147.4
1716565,5985,22.0,397,0.1,0.01628260077871006,4148.4
1716901,5986,13.0,336,0.1,0.016490124473680874,4149.4
1717663,5987,28.0,762,0.1,0.014353272575566447,4151.3
1717855,5988,7.0,192,0.1,0.013435309359920211,4151.8
1718201,5989,15.0,346,0.1,0.01396318067443268,4152.8
1718562,5990,21.0,361,0.1,0.013843629736867216,4153.8
1718762,5991,11.0,200,0.1,0.013697139238938689,4154.3
1718925,5992,7.0,163,0.1,0.014514732884424852,4154.8
1719938,5993,32.0,1013,0.1,0.01628038352410578,4157.5
1720276,5994,13.0,338,0.1,0.014821088379796813,4158.4
1720434,5995,8.0,158,0.1,0.02040417854172679,4158.9
1720731,5996,15.0,297,0.1,0.016084113265261858,4159.7
1720823,5997,1.0,92,0.1,0.017456722840585786,4159.9
1720940,5998,4.0,117,0.1,0.015248290573557218,4160.2
1721136,5999,10.0,196,0.1,0.01671462198149185,4160.7
1721481,6000,14.0,345,0.1,0.02207371085167451,4161.6
1721636,6001,7.0,155,0.1,0.020341532113842476,4162.1
1722132,6002,20.0,496,0.1,0.016588086390026634,4163.5
1722337,6003,11.0,205,0.1,0.013995762238753777,4164.0
1722700,6004,14.0,363,0.1,0.016912165885934465,4164.9
1723268,6005,29.0,568,0.1,0.016321288143009156,4166.5
1723753,6006,21.0,485,0.1,0.016530073771237833,4167.8
1724036,6007,12.0,283,0.1,0.019136049876540478,4168.5
1724325,6008,14.0,289,0.1,0.016494329876473382,4169.2
1724892,6009,23.0,567,0.1,0.014574697819984399,4170.7
1725163,6010,13.0,271,0.1,0.013893752059996572,4171.4
1725309,6011,7.0,146,0.1,0.021949032384499505,4171.8
1725453,6012,7.0,144,0.1,0.018514560263914365,4172.2
1726029,6013,22.0,576,0.1,0.016578440966744285,4173.6
1726303,6014,13.0,274,0.1,0.016459276160115704,4174.3
1726610,6015,14.0,307,0.1,0.018721895225878273,4175.1
1726904,6016,13.0,294,0.1,0.018102316928372997,4175.8
1727038,6017,6.0,134,0.1,0.012471719355689305,4176.2
1727220,6018,9.0,182,0.1,0.011507535525395171,4176.6
1727604,6019,18.0,384,0.1,0.013596709415044947,4177.6
1727947,6020,17.0,343,0.1,0.015198603324482547,4178.4
1728094,6021,7.0,147,0.1,0.014917932312331489,4178.8
1728276,6022,5.0,182,0.1,0.01726342496745612,4179.3
1728701,6023,18.0,425,0.1,0.013005092469887491,4180.3
1729399,6024,26.0,698,0.1,0.016640048903605806,4182.1
1729807,6025,24.0,408,0.1,0.01422645436946814,4183.1
1730292,6026,21.0,485,0.1,0.015079523392830838,4184.3
1730659,6027,15.0,367,0.1,0.015854641979376038,4185.2
1731030,6028,21.0,371,0.1,0.014795200864193581,4186.2
1731825,6029,31.0,795,0.1,0.017194315201448436,4188.2
1732143,6030,17.0,318,0.1,0.013625787426658634,4189.1
1732933,6031,32.0,790,0.1,0.01697792770632665,4191.1
1733233,6032,13.0,300,0.1,0.015697930691142878,4191.9
1733415,6033,9.0,182,0.1,0.019310907719449863,4192.4
1733824,6034,20.0,409,0.1,0.019763314465820355,4193.4
1734535,6035,28.0,711,0.1,0.015342309968388182,4195.1
1734730,6036,10.0,195,0.1,0.019853670682225908,4195.6
1735171,6037,15.0,441,0.1,0.018401829631660472,4196.7
1735595,6038,17.0,424,0.1,0.015513785697414347,4197.8
1735993,6039,21.0,398,0.1,0.015378708196803927,4198.7
1736129,6040,6.0,136,0.1,0.018454175880726648,4199.1
1736665,6041,26.0,536,0.1,0.017579851849282634,4200.5
1736997,6042,13.0,332,0.1,0.019224812874166542,4201.4
1737469,6043,23.0,472,0.1,0.01914957106129219,4202.7
1737875,6044,16.0,406,0.1,0.015090359568522118,4203.7
1738230,6045,20.0,355,0.1,0.01740555764238737,4204.7
1738518,6046,15.0,288,0.1,0.015067501582153555,4205.4
1738675,6047,8.0,157,0.1,0.015346702689734789,4205.8
1739223,6048,23.0,548,0.1,0.013923091575992804,4207.2
1739363,6049,7.0,140,0.1,0.013805922001068081,4207.5
1740167,6050,36.0,804,0.1,0.015169083095614367,4209.6
1740715,6051,26.0,548,0.1,0.0185737131404806,4210.9
1741174,6052,20.0,459,0.1,0.014598013231854725,4212.0
1741420,6053,12.0,246,0.1,0.014794884170705994,4212.6
1742031,6054,28.0,611,0.1,0.017454569998479105,4214.1
1742351,6055,15.0,320,0.1,0.01846048938750755,4214.9
1742468,6056,4.0,117,0.1,0.012452001745502154,4215.1
1742765,6057,13.0,297,0.1,0.017718386647568363,4215.8
1743062,6058,14.0,297,0.1,0.01981159911893711,4216.5
1743518,6059,18.0,456,0.1,0.013891967037986768,4217.8
1743635,6060,4.0,117,0.1,0.013651085921145719,4218.1
1744562,6061,33.0,927,0.1,0.015134939932914707,4220.4
1744911,6062,16.0,349,0.1,0.018097782614587367,4221.3
1745041,6063,3.0,130,0.1,0.014877400854884676,4221.6
1745587,6064,26.0,546,0.1,0.01648073729387868,4222.9
1746322,6065,29.0,735,0.1,0.015073054387871905,4224.9
1746886,6066,28.0,564,0.1,0.015693136434737884,4226.3
1747328,6067,25.0,442,0.1,0.016584255108567845,4227.3
1748029,6068,27.0,701,0.1,0.016107456041499973,4229.0
1748514,6069,23.0,485,0.1,0.013899128481915051,4230.2
1748677,6070,9.0,163,0.1,0.013567388023635963,4230.6
1749116,6071,21.0,439,0.1,0.015379305768080734,4231.6
1749663,6072,24.0,547,0.1,0.016318890218184712,4233.0
1749939,6073,13.0,276,0.1,0.01327231360356445,4233.8
1751019,6074,33.0,1080,0.1,0.0171955383753542,4236.4
1751301,6075,13.0,282,0.1,0.01695393818155141,4237.1
1752007,6076,24.0,706,0.1,0.016967051208749497,4238.8
1752523,6077,23.0,516,0.1,0.01445067199416343,4240.0
1752817,6078,11.0,294,0.1,0.020091736720673537,4240.7
1753007,6079,10.0,190,0.1,0.012579421582136383,4241.2
1753207,6080,9.0,200,0.1,0.017429339410737158,4241.6
1753546,6081,16.0,339,0.1,0.014679471896413495,4242.4
1753839,6082,11.0,293,0.1,0.014725012864203078,4243.1
1754306,6083,26.0,467,0.1,0.017281458526053745,4244.2
1754429,6084,2.0,123,0.1,0.014640377008266026,4244.5
1754803,6085,20.0,374,0.1,0.014893726000101656,4245.4
1755101,6086,13.0,298,0.1,0.016976819541305303,4246.1
1755269,6087,9.0,168,0.1,0.020903396575401228,4246.5
1755561,6088,13.0,292,0.1,0.014716912453279716,4247.2
1756125,6089,20.0,564,0.1,0.014665217348539554,4248.5
1756275,6090,8.0,150,0.1,0.011377741444251827,4248.9
1756800,6091,18.0,525,0.1,0.017286789441255456,4250.1
1757239,6092,25.0,439,0.1,0.014224023711995794,4251.1
1757816,6093,28.0,577,0.1,0.01596041692677757,4252.4
1758124,6094,15.0,308,0.1,0.01900743128272233,4253.1
1758426,6095,14.0,302,0.1,0.016186148763323825,4253.8
1759050,6096,26.0,624,0.1,0.01884955799099631,4255.3
1759650,6097,25.0,600,0.1,0.015735910444830855,4256.7
1760072,6098,23.0,422,0.1,0.018818613594257325,4257.7
1760758,6099,26.0,686,0.1,0.016373654488441452,4259.5
1761340,6100,25.0,582,0.1,0.01789664113830316,4261.0
1761490,6101,8.0,150,0.1,0.014540589917954561,4261.4
1761950,6102,24.0,460,0.1,0.01535215243778151,4262.7
1762365,6103,21.0,415,0.1,0.018608308480067465,4263.8
1762728,6104,15.0,363,0.1,0.01939258699121138,4264.7
1763269,6105,21.0,541,0.1,0.019162217158548257,4266.2
1763622,6106,21.0,353,0.1,0.01704586847600612,4267.2
1764156,6107,21.0,534,0.1,0.01429268380335129,4268.7
1764597,6108,18.0,441,0.1,0.018170308994806626,4269.9
1765058,6109,28.0,461,0.1,0.019590842873667892,4271.1
1765699,6110,27.0,641,0.1,0.0159968036954524,4272.7
1766141,6111,18.0,442,0.1,0.016904875946541626,4273.9
1766900,6112,29.0,759,0.1,0.016100182087699835,4275.8
1767046,6113,7.0,146,0.1,0.019273210717882547,4276.2
1767211,6114,7.0,165,0.1,0.015882594613131226,4276.6
1767550,6115,14.0,339,0.1,0.01623571890351527,4277.5
1767839,6116,15.0,289,0.1,0.014009549534724405,4278.2
1768018,6117,7.0,179,0.1,0.019672919530421495,4278.6
1768391,6118,18.0,373,0.1,0.014413501456460004,4279.6
1768700,6119,16.0,309,0.1,0.0175807763201495,4280.5
1769096,6120,19.0,396,0.1,0.01512463907052697,4281.5
1769333,6121,13.0,237,0.1,0.021169151345236323,4282.1
1769751,6122,25.0,418,0.1,0.015760622220113873,4283.2
1770027,6123,15.0,276,0.1,0.017697714228668938,4283.9
1770747,6124,22.0,720,0.1,0.01602207474514014,4285.7
1771467,6125,29.0,720,0.1,0.01576044454963671,4287.5
1772460,6126,35.0,993,0.1,0.016628447942525507,4289.9
1773142,6127,27.0,682,0.1,0.015772752410403507,4291.6
1773527,6128,20.0,385,0.1,0.01806350457870091,4292.5
1774132,6129,32.0,605,0.1,0.018006563676815284,4293.9
1775238,6130,32.0,1106,0.1,0.01851955359713917,4296.6
1775533,6131,18.0,295,0.1,0.014590861096449598,4297.3
1775881,6132,17.0,348,0.1,0.01805124131577282,4298.2
1776548,6133,31.0,667,0.1,0.015555465441966752,4299.7
1777292,6134,26.0,744,0.1,0.0165310583117428,4301.5
1777860,6135,21.0,568,0.1,0.017037220236937135,4302.8
1778010,6136,8.0,150,0.1,0.015992395441375068,4303.2
1778517,6137,19.0,507,0.1,0.016400390788619445,4304.4
1779047,6138,20.0,530,0.1,0.014872340757089356,4305.7
1779710,6139,22.0,663,0.1,0.01616058717986726,4307.2
1780049,6140,17.0,339,0.1,0.01758352663806256,4308.0
1780893,6141,35.0,844,0.1,0.017610742848463604,4310.0
1781176,6142,13.0,283,0.1,0.018442781720782668,4310.7
1781435,6143,12.0,259,0.1,0.016536468829144724,4311.3
1781966,6144,27.0,531,0.1,0.018295001868802802,4312.6
1782182,6145,7.0,216,0.1,0.015950225177221,4313.1
1782596,6146,17.0,414,0.1,0.016868206197754122,4314.1
1782794,6147,10.0,198,0.1,0.018388073245177463,4314.6
1783271,6148,20.0,477,0.1,0.017183363159821063,4315.7
1783813,6149,21.0,542,0.1,0.016097282312865203,4317.0
1784246,6150,21.0,433,0.1,0.014486992192730584,4318.1
1784556,6151,20.0,310,0.1,0.01496399094302876,4318.8
1784830,6152,15.0,274,0.1,0.020210474277572596,4319.5
1785145,6153,16.0,315,0.1,0.018656741132181656,4320.3
1785584,6154,23.0,439,0.1,0.017458696028387004,4321.4
1786131,6155,21.0,547,0.1,0.01582451586214387,4322.8
1786429,6156,14.0,298,0.1,0.017242452188705404,4323.5
1786794,6157,14.0,365,0.1,0.01787198748398613,4324.4
1787067,6158,12.0,273,0.1,0.015821921050219852,4325.1
1787348,6159,13.0,281,0.1,0.015994241834998552,4325.9
1787879,6160,24.0,531,0.1,0.015149278989569708,4327.2
1788045,6161,9.0,166,0.1,0.01915370547656147,4327.6
1788387,6162,20.0,342,0.1,0.015271717419519144,4328.5
1788715,6163,18.0,328,0.1,0.020296653281193136,4329.3
1788916,6164,10.0,201,0.1,0.019357866854132974,4329.8
1789404,6165,21.0,488,0.1,0.015859217272277494,4331.0
1789819,6166,18.0,415,0.1,0.015413599468550636,4332.1
1790188,6167,15.0,369,0.1,0.01764446007017727,4333.0
1790580,6168,20.0,392,0.1,0.01722751853379364,4333.9
1790910,6169,17.0,330,0.1,0.01542605208119423,4334.7
1791448,6170,26.0,538,0.1,0.018711852696206836,4336.0
1791613,6171,7.0,165,0.1,0.028121337817027803,4336.5
1791891,6172,14.0,278,0.1,0.015887590314167133,4337.1
1792297,6173,18.0,406,0.1,0.019740181753649284,4338.1
1792831,6174,22.0,534,0.1,0.019449923029939708,4339.4
1793614,6175,32.0,783,0.1,0.01590735877137061,4341.3
1793897,6176,14.0,283,0.1,0.01682560182583164,4342.0
1794163,6177,15.0,266,0.1,0.018620120347336386,4342.6
1794488,6178,19.0,325,0.1,0.014806662759993499,4343.4
1795083,6179,19.0,595,0.1,0.015620687202474958,4344.8
1795685,6180,21.0,602,0.1,0.016013328880318346,4346.3
1796056,6181,24.0,371,0.1,0.01663093304672148,4347.2
1796547,6182,21.0,491,0.1,0.014379201657291441,4348.4
1796744,6183,10.0,197,0.1,0.014146708631888032,4348.8
1797034,6184,12.0,290,0.1,0.01844208489314446,4349.5
1797477,6185,22.0,443,0.1,0.015983697607995825,4350.6
1798037,6186,27.0,560,0.1,0.01875776331871748,4351.9
1798224,6187,9.0,187,0.1,0.015308393442884404,4352.4
1798634,6188,26.0,410,0.1,0.01713603019814792,4353.4
1798974,6189,16.0,340,0.1,0.018058816655812895,4354.3
1799264,6190,13.0,290,0.1,0.014952329886847571,4355.0
1799584,6191,18.0,320,0.1,0.016086913412436843,4355.8
1799726,6192,4.0,142,0.1,0.01455272831954062,4356.2
1800448,6193,23.0,722,0.1,0.01620357520157955,4358.0
1800826,6194,16.0,378,0.1,0.015103712167709749,4359.0
1801246,6195,22.0,420,0.1,0.01531450778822459,4360.0
1801803,6196,28.0,557,0.1,0.018202937774279778,4361.4
1802226,6197,21.0,423,0.1,0.018243944650199614,4362.4
1802512,6198,13.0,286,0.1,0.019615849628785834,4363.1
1802672,6199,8.0,160,0.1,0.014550159801729023,4363.5
1803057,6200,15.0,385,0.1,0.01759474177864225,4364.5
1803399,6201,17.0,342,0.1,0.017399230459704994,4365.4
1803877,6202,24.0,478,0.1,0.016633320859788605,4366.5
1804388,6203,22.0,511,0.1,0.01618849527585553,4368.0
1804662,6204,15.0,274,0.1,0.017617494312991554,4368.8
1804980,6205,19.0,318,0.1,0.01954997522989288,4369.6
1805147,6206,8.0,167,0.1,0.014319203385129207,4370.1
1805296,6207,6.0,149,0.1,0.017764021709904466,4370.4
1805938,6208,25.0,642,0.1,0.017157162207877264,4372.0
1806265,6209,16.0,327,0.1,0.01867537325952293,4372.8
1806820,6210,23.0,555,0.1,0.017436590601804015,4374.1
1807111,6211,16.0,291,0.1,0.014557214208050735,4374.8
1807405,6212,16.0,294,0.1,0.014726550623497649,4375.5
1807839,6213,22.0,434,0.1,0.017010952048521075,4376.6
1808134,6214,16.0,295,0.1,0.01886404088283008,4377.3
1808681,6215,23.0,547,0.1,0.016290396968596174,4378.7
1809509,6216,33.0,828,0.1,0.017374092908711104,4381.1
1809787,6217,13.0,278,0.1,0.014999105554559956,4381.9
1810284,6218,23.0,497,0.1,0.01553169951401651,4383.4
1810569,6219,15.0,285,0.1,0.017474276397351017,4384.3
1811011,6220,22.0,442,0.1,0.019347951082851398,4385.7
1811342,6221,13.0,331,0.1,0.017036984208971262,4386.6
1811835,6222,19.0,493,0.1,0.018500969400705117,4388.0
1812554,6223,31.0,719,0.1,0.014430132931253562,4390.1
1813082,6224,27.0,528,0.1,0.017869103449453232,4391.6
1813556,6225,23.0,474,0.1,0.019253198229590384,4393.0
1814082,6226,20.0,526,0.1,0.018113535587171107,4394.6
1814624,6227,25.0,542,0.1,0.020245940903859103,4396.1
1815230,6228,23.0,606,0.1,0.01596680462255531,4397.7
1815831,6229,28.0,601,0.1,0.018868811844537654,4399.4
1816192,6230,18.0,361,0.1,0.020668596888963994,4400.4
1816860,6231,21.0,668,0.1,0.015411295982434632,4402.5
1817495,6232,21.0,635,0.1,0.017591438091159622,4404.4
1818027,6233,19.0,532,0.1,0.01774067520093929,4405.9
1818369,6234,17.0,342,0.1,0.013989690176839398,4406.9
1818555,6235,8.0,186,0.1,0.017643406400052103,4407.4
1818941,6236,22.0,386,0.1,0.016641887406501726,4408.5
1819235,6237,14.0,294,0.1,0.016759674610212855,4409.3
1820165,6238,35.0,930,0.1,0.017665881844429306,4411.6
1820505,6239,18.0,340,0.1,0.02076320556978531,4412.6
1821102,6240,27.0,597,0.1,0.016375971814279987,4414.3
1821589,6241,27.0,487,0.1,0.016765120628167738,4415.7
1821741,6242,6.0,152,0.1,0.018077530824628315,4416.1
1822700,6243,34.0,959,0.1,0.01811370342814674,4418.8
1823062,6244,20.0,362,0.1,0.016485835218595132,4419.8
1823595,6245,23.0,533,0.1,0.01682225489442734,4421.1
1823917,6246,14.0,322,0.1,0.019053167077126325,4422.0
1824211,6247,14.0,294,0.1,0.0187582421269625,4422.7
1824544,6248,19.0,333,0.1,0.016252662859014458,4423.5
1825211,6249,28.0,667,0.1,0.017298911149748207,4425.3
1825504,6250,16.0,293,0.1,0.018662576985268575,4426.0
1825944,6251,18.0,440,0.1,0.015100392369045453,4427.2
1826356,6252,18.0,412,0.1,0.01661509730473378,4428.3
1826495,6253,7.0,139,0.1,0.01704287594732116,4428.7
1827167,6254,27.0,672,0.1,0.01843555489627068,4430.5
1827451,6255,14.0,284,0.1,0.01368056190147681,4431.3
1828158,6256,27.0,707,0.1,0.014543418626506197,4433.0
1828260,6257,3.0,102,0.1,0.017011888880425922,4433.3
1828451,6258,8.0,191,0.1,0.017681841134153147,4433.7
1829104,6259,30.0,653,0.1,0.014036861955324506,4435.5
1829616,6260,27.0,512,0.1,0.01725720406830078,4436.9
1829815,6261,11.0,199,0.1,0.013168847677773056,4437.4
1830024,6262,11.0,209,0.1,0.01403252110060937,4437.9
1830529,6263,23.0,505,0.1,0.02008889096656016,4439.4
1830888,6264,19.0,359,0.1,0.019241944291732378,4440.5
1831426,6265,24.0,538,0.1,0.01916721898978993,4442.0
1831814,6266,17.0,388,0.1,0.015945033314301797,4443.1
1832556,6267,25.0,742,0.1,0.01702715219273883,4445.2
1832731,6268,7.0,175,0.1,0.017445608172132525,4445.7
1833032,6269,14.0,301,0.1,0.015793446531078142,4446.5
1833482,6270,23.0,450,0.1,0.017026851311259503,4447.8
1833853,6271,17.0,371,0.1,0.018439260606844258,4448.8
1834234,6272,17.0,381,0.1,0.01830757774510666,4449.9
1834374,6273,7.0,140,0.1,0.016097258483724935,4450.3
1834649,6274,14.0,275,0.1,0.01830674786174643,4451.1
1834831,6275,11.0,182,0.1,0.017298634495172237,4451.6
1835025,6276,9.0,194,0.1,0.015134973308945797,4452.2
1835228,6277,9.0,203,0.1,0.01618324155353156,4452.8
1835587,6278,17.0,359,0.1,0.017702206482671286,4453.9
1835731,6279,8.0,144,0.1,0.01388577203033492,4454.4
1836136,6280,20.0,405,0.1,0.015836991100371175,4455.5
1836298,6281,7.0,162,0.1,0.019688459078315644,4456.0
1836624,6282,18.0,326,0.1,0.01735552830235442,4456.9
1836981,6283,17.0,357,0.1,0.017983107466585515,4457.9
1838087,6284,30.0,1106,0.1,0.016541848741168076,4461.1
1838452,6285,19.0,365,0.1,0.016443789357056274,4462.1
1838750,6286,13.0,298,0.1,0.016489719984599867,4463.0
1839308,6287,26.0,558,0.1,0.01782712673635355,4464.6
1839809,6288,24.0,501,0.1,0.01969615474715829,4466.0
1840563,6289,31.0,754,0.1,0.017090018904282453,4467.9
1840962,6290,21.0,399,0.1,0.019396080709993838,4468.9
1841275,6291,15.0,313,0.1,0.019947253531800248,4469.6
1841874,6292,25.0,599,0.1,0.015617316961288452,4471.0
1842405,6293,24.0,531,0.1,0.015529245498793242,4472.2
1842880,6294,23.0,475,0.1,0.01822889981666157,4473.3
1843563,6295,33.0,683,0.1,0.019768093359273146,4474.9
1844056,6296,27.0,493,0.1,0.019141998851761943,4476.1
1844563,6297,26.0,507,0.1,0.017434824572225647,4477.4
1844718,6298,8.0,155,0.1,0.01819264830257266,4477.8
1844895,6299,9.0,177,0.1,0.01966771912570535,4478.2
1845418,6300,23.0,523,0.1,0.014480367569494565,4479.6
1846008,6301,24.0,590,0.1,0.02021610047479437,4481.2
1846428,6302,18.0,420,0.1,0.019973955245777254,4482.3
1846880,6303,21.0,452,0.1,0.01841061377683572,4483.3
1847033,6304,5.0,153,0.1,0.016973261929754364,4483.7
1847435,6305,20.0,402,0.1,0.01583484505536035,4484.6
1847769,6306,20.0,334,0.1,0.015059045673946716,4485.4
1848256,6307,20.0,487,0.1,0.019159070681780577,4486.7
1848650,6308,21.0,394,0.1,0.017861496752166018,4487.6
1849386,6309,32.0,736,0.1,0.01550701614368059,4489.4
1849826,6310,23.0,440,0.1,0.014341570187190717,4490.5
1850273,6311,23.0,447,0.1,0.018831554038375282,4491.6
1850821,6312,24.0,548,0.1,0.014605066560575888,4492.8
1851260,6313,23.0,439,0.1,0.014939390662634238,4493.9
1851475,6314,12.0,215,0.1,0.014823807025644576,4494.4
1851830,6315,17.0,355,0.1,0.01461456719199928,4495.1
1852455,6316,29.0,625,0.1,0.013653615913473261,4496.7
1852771,6317,17.0,316,0.1,0.01778726138268845,4497.4
1852968,6318,10.0,197,0.1,0.018736891043372454,4497.9
1853289,6319,17.0,321,0.1,0.015193159191403538,4498.8
1853790,6320,22.0,501,0.1,0.016848797876387836,4500.1
1854000,6321,11.0,210,0.1,0.01927588879183497,4500.6
1854142,6322,7.0,142,0.1,0.017336294666997026,4501.0
1854828,6323,35.0,686,0.1,0.017744335589583878,4502.8
1855377,6324,28.0,549,0.1,0.018677199956192804,4504.3
1855676,6325,15.0,299,0.1,0.018924356335774065,4505.1
1856038,6326,14.0,362,0.1,0.016538825677707793,4506.1
1856187,6327,7.0,149,0.1,0.013799599472534013,4506.5
1856869,6328,29.0,682,0.1,0.018596944173155296,4508.4
1857395,6329,25.0,526,0.1,0.014796123822141467,4509.7
1857602,6330,11.0,207,0.1,0.014490153264397612,4510.2
1857811,6331,11.0,209,0.1,0.013939610283929281,4510.8
1858084,6332,13.0,273,0.1,0.021311563996436154,4511.6
1858516,6333,20.0,432,0.1,0.018007585798234988,4512.8
1858816,6334,16.0,300,0.1,0.014484198608746132,4513.6
1859163,6335,19.0,347,0.1,0.015158462246100223,4514.6
1859519,6336,11.0,356,0.1,0.01636933468365937,4515.6
1859889,6337,21.0,370,0.1,0.014665575530279869,4516.6
1860599,6338,32.0,710,0.1,0.019342952443413056,4518.4
1860903,6339,18.0,304,0.1,0.019587987568229437,4519.2
1861227,6340,17.0,324,0.1,0.016265408687845425,4520.1
1861649,6341,21.0,422,0.1,0.017801740413250507,4521.2
1861862,6342,11.0,213,0.1,0.02055509487729309,4521.8
1862348,6343,19.0,486,0.1,0.01706486339222823,4523.2
1862784,6344,24.0,436,0.1,0.015561546472439526,4524.5
1863503,6345,31.0,719,0.1,0.01775077329532311,4526.5
1863837,6346,18.0,334,0.1,0.018667674024722407,4527.4
1864370,6347,29.0,533,0.1,0.017368757248246915,4528.7
1864648,6348,14.0,278,0.1,0.015467120733644282,4529.4
1865197,6349,28.0,549,0.1,0.01776184594041131,4530.7
1865717,6350,20.0,520,0.1,0.01612687080095594,4531.9
1865910,6351,11.0,193,0.1,0.020215457732168336,4532.4
1866362,6352,23.0,452,0.1,0.015337443012183746,4533.5
1866874,6353,21.0,512,0.1,0.01641327551806171,4534.7
1867057,6354,10.0,183,0.1,0.014826070426193915,4535.1
1867263,6355,10.0,206,0.1,0.018775321415388117,4535.6
1867576,6356,18.0,313,0.1,0.01659194166076523,4536.4
1867781,6357,8.0,205,0.1,0.016360570256616556,4536.9
1867979,6358,8.0,198,0.1,0.01782885024666178,4537.3
1868258,6359,14.0,279,0.1,0.017386512790939637,4538.1
1868347,6360,1.0,89,0.1,0.016524922695349564,4538.3
1868707,6361,15.0,360,0.1,0.017444647522643207,4539.1
1869428,6362,32.0,721,0.1,0.016377986806254442,4540.8
1870069,6363,31.0,641,0.1,0.02030124963785056,4542.3
1870368,6364,13.0,299,0.1,0.015145081511388223,4543.1
1870801,6365,23.0,433,0.1,0.01390180064589475,4544.1
1871339,6366,25.0,538,0.1,0.018029360166653546,4545.3
1871735,6367,16.0,396,0.1,0.017989774592070268,4546.3
1872031,6368,12.0,296,0.1,0.017336116619156423,4547.1
1872506,6369,25.0,475,0.1,0.016735522933460836,4548.2
1873006,6370,25.0,500,0.1,0.01846353123895824,4549.4
1873745,6371,30.0,739,0.1,0.016673249028925155,4551.2
1874187,6372,19.0,442,0.1,0.017914586418985644,4552.2
1875016,6373,38.0,829,0.1,0.01609624379601043,4554.2
1875523,6374,23.0,507,0.1,0.01786720666975256,4555.4
1875893,6375,21.0,370,0.1,0.015029965556897623,4556.3
1876212,6376,18.0,319,0.1,0.018535765938577243,4557.0
1876731,6377,21.0,519,0.1,0.015794423858223612,4558.3
1876872,6378,4.0,141,0.1,0.014325422396521188,4558.7
1877167,6379,13.0,295,0.1,0.017093463424491147,4559.4
1877283,6380,4.0,116,0.1,0.02120579156125414,4559.6
1877884,6381,24.0,601,0.1,0.020773072520406635,4561.1
1878370,6382,22.0,486,0.1,0.014370581266000744,4562.2
1878517,6383,8.0,147,0.1,0.01689523477358995,4562.5
1878779,6384,16.0,262,0.1,0.018495371275079938,4563.2
1879311,6385,27.0,532,0.1,0.016753201397429956,4564.4
1879640,6386,11.0,329,0.1,0.012585549076727355,4565.2
1880204,6387,27.0,564,0.1,0.01593209250255468,4566.6
1880621,6388,16.0,417,0.1,0.01562537537672772,4567.7
1881089,6389,22.0,468,0.1,0.018041943068592213,4569.0
1881807,6390,33.0,718,0.1,0.016951718270081465,4570.7
1881977,6391,9.0,170,0.1,0.01596924577038302,4571.1
1882270,6392,19.0,293,0.1,0.019605336395054036,4571.8
1882561,6393,15.0,291,0.1,0.014596451386452129,4572.5
1883065,6394,28.0,504,0.1,0.016895113320695977,4573.7
1883458,6395,21.0,393,0.1,0.018202175571564203,4574.7
1883745,6396,16.0,287,0.1,0.017521298403153196,4575.4
1884650,6397,35.0,905,0.1,0.017944216096683084,4577.5
1884819,6398,9.0,169,0.1,0.02141536120325327,4578.0
1885140,6399,19.0,321,0.1,0.017704546330841602,4578.8
1885450,6400,18.0,310,0.1,0.015806511304546873,4579.6
1885737,6401,14.0,287,0.1,0.017619971661285188,4580.2
1885924,6402,10.0,187,0.1,0.018438877280246704,4580.7
1886420,6403,20.0,496,0.1,0.016452042934214397,4581.9
1886897,6404,26.0,477,0.1,0.017049524060473973,4583.0
1887445,6405,24.0,548,0.1,0.016726114049581062,4584.4
1887592,6406,8.0,147,0.1,0.01298378678542134,4584.8
1887739,6407,9.0,147,0.1,0.01739399596246787,4585.1
1888030,6408,15.0,291,0.1,0.021754678013441088,4585.8
1888397,6409,17.0,367,0.1,0.014042220804739096,4586.7
1888931,6410,26.0,534,0.1,0.017655946344095178,4588.0
1889406,6411,23.0,475,0.1,0.017200443095394542,4589.1
1889575,6412,8.0,169,0.1,0.01880133670333418,4589.5
1889792,6413,13.0,217,0.1,0.016682328169488093,4590.0
1890080,6414,17.0,288,0.1,0.014975694920091579,4590.7
1890433,6415,16.0,353,0.1,0.01536656261569905,4591.5
1890969,6416,25.0,536,0.1,0.017857068941108327,4592.8
1891525,6417,24.0,556,0.1,0.01671317838159182,4594.1
1892256,6418,28.0,731,0.1,0.01821535261846631,4595.8
1892474,6419,12.0,218,0.1,0.020363250152311392,4596.3
1892802,6420,17.0,328,0.1,0.017488826424019728,4597.1
1893187,6421,19.0,385,0.1,0.01946315552292314,4598.0
1894136,6422,35.0,949,0.1,0.015720376949326896,4600.2
1894727,6423,27.0,591,0.1,0.015020182991375019,4601.5
1895381,6424,28.0,654,0.1,0.016306536442532046,4603.0
1895778,6425,13.0,397,0.1,0.017958856996788522,4603.9
1896226,6426,20.0,448,0.1,0.01548280796227378,4605.0
1896607,6427,18.0,381,0.1,0.0188066033278837,4605.9
1896884,6428,17.0,277,0.1,0.013975332341422992,4606.6
1897473,6429,24.0,589,0.1,0.020099535844206404,4607.9
1897973,6430,28.0,500,0.1,0.016146961817517878,4609.1
1898503,6431,24.0,530,0.1,0.019376046377036608,4610.4
1899032,6432,25.0,529,0.1,0.017630531610150758,4611.7
1899335,6433,15.0,303,0.1,0.018151142975936334,4612.4
1899689,6434,18.0,354,0.1,0.01732282620446568,4613.2
1899805,6435,4.0,116,0.1,0.019599984127000487,4613.5
1899980,6436,11.0,175,0.1,0.018862814250910145,4614.0
1900200,6437,12.0,220,0.1,0.01888677873648703,4614.6
1900484,6438,12.0,284,0.1,0.018281569015759398,4615.3
1901232,6439,28.0,748,0.1,0.018720038144296423,4617.0
1901715,6440,23.0,483,0.1,0.02010757035265366,4618.2
1902265,6441,24.0,550,0.1,0.01823523803445362,4619.6
1902587,6442,18.0,322,0.1,0.018090764863882215,4620.5
1903000,6443,16.0,413,0.1,0.01736153304003752,4621.6
1903587,6444,29.0,587,0.1,0.01569676136100435,4623.2
1904105,6445,25.0,518,0.1,0.01589514991053595,4624.6
1904731,6446,29.0,626,0.1,0.01837509152933191,4626.2
1904912,6447,9.0,181,0.1,0.020505068449141538,4626.7
1905444,6448,24.0,532,0.1,0.018209400564026004,4628.2
1906069,6449,29.0,625,0.1,0.016229287030187268,4629.9
1906263,6450,10.0,194,0.1,0.019509350197040476,4630.4
1906891,6451,28.0,628,0.1,0.014520707681098846,4632.1
1907733,6452,34.0,842,0.1,0.01734746219391683,4634.4
1908228,6453,23.0,495,0.1,0.016878232688477803,4635.7
1908812,6454,26.0,584,0.1,0.016120713893068978,4637.3
1909344,6455,25.0,532,0.1,0.017677181920288762,4638.6
1910248,6456,33.0,904,0.1,0.01863279769328975,4641.1
1910744,6457,23.0,496,0.1,0.018489161889339165,4642.5
1911112,6458,24.0,368,0.1,0.018754607891542433,4643.4
1911942,6459,31.0,830,0.1,0.018565624862333426,4645.5
1912527,6460,30.0,585,0.1,0.01724390655896333,4647.0
1913088,6461,30.0,561,0.1,0.022407977993712358,4648.4
1913423,6462,20.0,335,0.1,0.019207010904035295,4649.2
1913990,6463,26.0,567,0.1,0.017348144719914967,4650.5
1914165,6464,8.0,175,0.1,0.02077910511500456,4650.9
1914486,6465,13.0,321,0.1,0.016582921601366252,4651.7
1915165,6466,31.0,679,0.1,0.020826629580765525,4653.3
1915796,6467,32.0,631,0.1,0.017101755062165328,4654.8
1915954,6468,8.0,158,0.1,0.02042183365362386,4655.2
1916500,6469,29.0,546,0.1,0.017888602583132088,4656.5
1917448,6470,32.0,948,0.1,0.020598041244393475,4658.8
1917652,6471,11.0,204,0.1,0.01885535156664749,4659.3
1918338,6472,28.0,686,0.1,0.016384981007571197,4661.0
1918792,6473,22.0,454,0.1,0.019240575599516824,4662.2
1919264,6474,28.0,472,0.1,0.014881767685746112,4663.4
1919899,6475,26.0,635,0.1,0.017333682157877315,4665.0
1920825,6476,33.0,926,0.1,0.01628076936547837,4667.2
1921185,6477,20.0,360,0.1,0.020419309218414127,4668.1
1921584,6478,19.0,399,0.1,0.018553704041987657,4669.0
1921909,6479,21.0,325,0.1,0.01864891641853768,4669.8
1922170,6480,17.0,261,0.1,0.022112983081919644,4670.4
1922756,6481,23.0,586,0.1,0.01893669890467914,4672.0
1923087,6482,20.0,331,0.1,0.017701085100359306,4673.0
1923492,6483,23.0,405,0.1,0.018737539986842404,4674.2
1923844,6484,22.0,352,0.1,0.01844695870584639,4675.1
1924390,6485,31.0,546,0.1,0.01668170136776205,4676.6
1924729,6486,23.0,339,0.1,0.018899170769488112,4677.4
1925239,6487,28.0,510,0.1,0.018966151003571827,4678.6
1925394,6488,8.0,155,0.1,0.013396499941173272,4679.0
1925945,6489,25.0,551,0.1,0.020094726993904813,4680.3
1926135,6490,9.0,190,0.1,0.018398414707762448,4680.8
1926717,6491,25.0,582,0.1,0.018063314444041006,4682.2
1926998,6492,17.0,281,0.1,0.02022987230946975,4682.8
1927366,6493,18.0,368,0.1,0.020112613894288308,4683.7
1927710,6494,24.0,344,0.1,0.020493845977863773,4684.6
1928006,6495,10.0,296,0.1,0.017544530055208785,4685.3
1928863,6496,32.0,857,0.1,0.016893938173992543,4687.5
1929079,6497,11.0,216,0.1,0.01728550682741183,4688.0
1929329,6498,12.0,250,0.1,0.019243617224255726,4688.6
1930053,6499,27.0,724,0.1,0.017090953687123583,4690.3
1930509,6500,22.0,456,0.1,0.01586902434447486,4691.4
1931150,6501,29.0,641,0.1,0.01670937820454128,4692.9
1931599,6502,21.0,449,0.1,0.01853709840465204,4694.1
1931997,6503,23.0,398,0.1,0.01767150657251477,4695.0
1932347,6504,17.0,350,0.1,0.01758885227850285,4695.9
1932697,6505,18.0,350,0.1,0.016410608508687637,4696.8
1933125,6506,23.0,428,0.1,0.01682796126457854,4697.8
1933782,6507,28.0,657,0.1,0.01807559957364347,4699.4
1934510,6508,31.0,728,0.1,0.017305169857086633,4701.1
1934924,6509,26.0,414,0.1,0.021051925246585876,4702.1
1935680,6510,33.0,756,0.1,0.01725273306860968,4704.1
1935879,6511,10.0,199,0.1,0.020179322578621154,4704.6
1936020,6512,7.0,141,0.1,0.014226461476128962,4705.0
1936676,6513,32.0,656,0.1,0.017384822586857963,4706.6
1937069,6514,23.0,393,0.1,0.019614295083649303,4707.5
1937416,6515,21.0,347,0.1,0.014841675787800174,4708.3
1937763,6516,18.0,347,0.1,0.01862664978279797,4709.1
1937958,6517,10.0,195,0.1,0.01908341597537605,4709.6
1938619,6518,30.0,661,0.1,0.018940143672410738,4711.1
1939404,6519,31.0,785,0.1,0.016753723658148558,4713.0
1939735,6520,16.0,331,0.1,0.017671448820293312,4713.7
1940319,6521,25.0,584,0.1,0.019532550528186234,4715.1
1940642,6522,18.0,323,0.1,0.018410597335731173,4715.8
1941345,6523,30.0,703,0.1,0.017023097255415367,4717.4
1941936,6524,32.0,591,0.1,0.016990297469247535,4718.8
1942342,6525,23.0,406,0.1,0.015713889866440307,4719.9
1942915,6526,22.0,573,0.1,0.0177556235991236,4721.3
1943719,6527,32.0,804,0.1,0.017139670718229603,4723.2
1944050,6528,19.0,331,0.1,0.01860179521524942,4724.1
1944734,6529,32.0,684,0.1,0.01790714075745285,4725.7
1945024,6530,16.0,290,0.1,0.019495783775585564,4726.4
1945305,6531,15.0,281,0.1,0.017580742335745265,4727.1
1945713,6532,18.0,408,0.1,0.021106306200974857,4728.0
1945888,6533,10.0,175,0.1,0.013839278380725194,4728.5
1946080,6534,10.0,192,0.1,0.020843590629131842,4728.9
1946831,6535,35.0,751,0.1,0.017232386949397424,4730.7
1947278,6536,22.0,447,0.1,0.021971496308521767,4731.7
1947592,6537,15.0,314,0.1,0.018733401411460546,4732.5
1947850,6538,13.0,258,0.1,0.016420140367699787,4733.1
1948422,6539,26.0,572,0.1,0.021412002935458523,4734.4
1948905,6540,25.0,483,0.1,0.018444030603378517,4735.6
1949457,6541,27.0,552,0.1,0.016055645716403597,4736.9
1950120,6542,30.0,663,0.1,0.01637825603787619,4738.6
1950600,6543,24.0,480,0.1,0.016065974595646064,4740.1
1951112,6544,25.0,512,0.1,0.016904711392271565,4741.5
1951452,6545,18.0,340,0.1,0.017242394387722015,4742.5
1952006,6546,30.0,554,0.1,0.017546467714187136,4744.0
1952606,6547,25.0,600,0.1,0.02051117967038105,4745.7
1953174,6548,26.0,568,0.1,0.01524825392841873,4747.4
1953574,6549,24.0,400,0.1,0.01872413989622146,4748.6
1954228,6550,24.0,654,0.1,0.015561554606481478,4750.6
1954605,6551,18.0,377,0.1,0.015333420676278306,4751.6
1954755,6552,9.0,150,0.1,0.02584099058514914,4752.0
1955030,6553,13.0,275,0.1,0.016485195768916088,4752.8
1955324,6554,16.0,294,0.1,0.015991655876860023,4753.6
1955619,6555,12.0,295,0.1,0.015448711417003037,4754.5
1956029,6556,23.0,410,0.1,0.02245914039328622,4755.6
1956495,6557,25.0,466,0.1,0.01782377448599336,4756.9
1957101,6558,22.0,606,0.1,0.016328412054510983,4758.8
1957857,6559,31.0,756,0.1,0.01599246892269957,4761.0
1958252,6560,23.0,395,0.1,0.016935431638337446,4762.2
1958825,6561,29.0,573,0.1,0.016329718113818264,4763.7
1959509,6562,32.0,684,0.1,0.01631474832878911,4765.6
1960255,6563,33.0,746,0.1,0.017719489538551417,4767.7
1960526,6564,17.0,271,0.1,0.016037712856332827,4768.4
1960860,6565,20.0,334,0.1,0.019936471218464986,4769.2
1961269,6566,25.0,409,0.1,0.019964712498453902,4770.3
1961622,6567,18.0,353,0.1,0.01753799938490953,4771.1
1961963,6568,20.0,341,0.1,0.018653138140764306,4772.1
1962048,6569,1.0,85,0.1,0.011714990822259675,4772.3
1962135,6570,1.0,87,0.1,0.01744294060128076,4772.5
1962241,6571,1.0,106,0.1,0.02854517141908959,4772.8
1962675,6572,20.0,434,0.1,0.018963690049497894,4773.9
1963473,6573,36.0,798,0.1,0.02046339295920916,4775.9
1963962,6574,29.0,489,0.1,0.018542909168363472,4777.2
1964243,6575,16.0,281,0.1,0.019243344238826208,4777.9
1964691,6576,19.0,448,0.1,0.015407756835754429,4779.0
1964972,6577,18.0,281,0.1,0.023196387275213927,4779.8
1965141,6578,6.0,169,0.1,0.03167875986989765,4780.2
1965570,6579,23.0,429,0.1,0.018091366491411055,4781.3
1966080,6580,30.0,510,0.1,0.017644060138991335,4782.7
1966431,6581,20.0,351,0.1,0.01728946512468673,4783.6
1966743,6582,20.0,312,0.1,0.016067890910049662,4784.4
1967394,6583,29.0,651,0.1,0.01553255667984257,4786.1
1967702,6584,18.0,308,0.1,0.01580044212932517,4786.9
1968130,6585,24.0,428,0.1,0.0190688275218567,4788.0
1968538,6586,21.0,408,0.1,0.01678996915728146,4789.0
1969262,6587,30.0,724,0.1,0.016760251381902735,4790.8
1969567,6588,16.0,305,0.1,0.014919028035365045,4791.6
1969866,6589,18.0,299,0.1,0.019030037379513184,4792.4
1970340,6590,22.0,474,0.1,0.017928783140074806,4793.6
1970937,6591,25.0,597,0.1,0.016394580229991833,4795.3
1971136,6592,8.0,199,0.1,0.01669443937949836,4795.8
1971353,6593,8.0,217,0.1,0.016043248310409212,4796.4
1971877,6594,23.0,524,0.1,0.018369013317398555,4797.9
1972428,6595,32.0,551,0.1,0.015570302024834615,4799.5
1972537,6596,4.0,109,0.1,0.015692853567155975,4799.8
1972931,6597,22.0,394,0.1,0.01667655952398342,4801.0
1973909,6598,39.0,978,0.1,0.016733143083295043,4803.7
1974178,6599,17.0,269,0.1,0.022379758385524376,4804.4
1974488,6600,16.0,310,0.1,0.01774502587982286,4805.3
1975195,6601,31.0,707,0.1,0.017913591920990835,4807.4
1975929,6602,31.0,734,0.1,0.01761009038992874,4809.6
1976462,6603,22.0,533,0.1,0.01719392779024136,4811.2
1976916,6604,22.0,454,0.1,0.01608310984815226,4812.6
1977444,6605,26.0,528,0.1,0.015995576332153923,4814.0
1977857,6606,23.0,413,0.1,0.017676333562263006,4815.2
1978167,6607,14.0,310,0.1,0.017626329427947857,4816.1
1979085,6608,32.0,918,0.1,0.016353992253298994,4818.8
1979370,6609,15.0,285,0.1,0.01577032478132718,4819.7
1979650,6610,17.0,280,0.1,0.019833981096079308,4820.5
1979947,6611,15.0,297,0.1,0.01574277992335123,4821.4
1980327,6612,23.0,380,0.1,0.017418197189506733,4822.5
1980710,6613,23.0,383,0.1,0.017340128135401756,4823.6
1980936,6614,12.0,226,0.1,0.014992276766223082,4824.2
1981411,6615,21.0,475,0.1,0.018789587980451977,4825.4
1981720,6616,14.0,309,0.1,0.017094928299626097,4826.3
1981871,6617,9.0,151,0.1,0.022822265840462735,4826.8
1982556,6618,31.0,685,0.1,0.019797556494839143,4828.6
1982851,6619,16.0,295,0.1,0.017343087804388917,4829.4
1983329,6620,20.0,478,0.1,0.01790558226639405,4830.6
1983604,6621,15.0,275,0.1,0.013808476428190867,4831.2
1983747,6622,8.0,143,0.1,0.018829758478594676,4831.6
1984190,6623,24.0,443,0.1,0.019439876591367228,4832.6
1984474,6624,14.0,284,0.1,0.0200102614225741,4833.3
1984632,6625,7.0,158,0.1,0.022439571388531476,4833.7
1984913,6626,15.0,281,0.1,0.017215969024359117,4834.4
1985299,6627,14.0,386,0.1,0.015458197267435025,4835.3
1985566,6628,12.0,267,0.1,0.018089609387428013,4835.9
1985685,6629,3.0,119,0.1,0.016690129709119598,4836.2
1986140,6630,23.0,455,0.1,0.018739181552327386,4837.3
1986795,6631,30.0,655,0.1,0.01755465400845178,4838.9
1986935,6632,7.0,140,0.1,0.01890820839575359,4839.2
1987254,6633,16.0,319,0.1,0.018446941947331652,4840.0
1987842,6634,31.0,588,0.1,0.01771525927774963,4841.4
1988271,6635,24.0,429,0.1,0.018826391748109152,4842.4
1988603,6636,18.0,332,0.1,0.014986136978694114,4843.2
1988768,6637,8.0,165,0.1,0.015792576507443472,4843.6
1989307,6638,26.0,539,0.1,0.01734458727921957,4844.9
1989685,6639,17.0,378,0.1,0.017254171848885322,4845.9
1989829,6640,2.0,144,0.1,0.016715996665880084,4846.3
1990363,6641,24.0,534,0.1,0.01689014219174764,4847.6
1990669,6642,16.0,306,0.1,0.016561026866366336,4848.4
1991130,6643,23.0,461,0.1,0.01831277781368598,4849.7
1991321,6644,8.0,191,0.1,0.018374778737779707,4850.2
1992199,6645,32.0,878,0.1,0.01358590693506476,4852.3
1992991,6646,32.0,792,0.1,0.019973252047408335,4854.1
1993658,6647,27.0,667,0.1,0.01914922731320658,4855.7
1994203,6648,27.0,545,0.1,0.016207041006590074,4857.1
1994852,6649,26.0,649,0.1,0.01857721170501932,4858.7
1995178,6650,16.0,326,0.1,0.022011917210931396,4859.6
1995788,6651,22.0,610,0.1,0.019430050008558953,4861.2
1996407,6652,24.0,619,0.1,0.016143206757940835,4862.9
1996995,6653,29.0,588,0.1,0.017211242328670356,4864.6
1997459,6654,21.0,464,0.1,0.01596372285938083,4865.8
1997778,6655,13.0,319,0.1,0.01565392000193242,4866.6
1998374,6656,31.0,596,0.1,0.019109260628387432,4868.1
1998704,6657,17.0,330,0.1,0.01907911694732057,4869.0
1998973,6658,16.0,269,0.1,0.016606774976921836,4869.7
1999409,6659,20.0,436,0.1,0.018515487797472866,4870.9
1999726,6660,20.0,317,0.1,0.01685977335194055,4871.8
